﻿LOCATION,INDICATOR,SUBJECT,MEASURE,FREQUENCY,TIME,Value,Flag Codes
AUS,REALGDPFORECAST,TOT,AGRWTH,A,1980,2.715352093,
AUS,REALGDPFORECAST,TOT,AGRWTH,A,1981,4.181777668,
AUS,REALGDPFORECAST,TOT,AGRWTH,A,1982,-0.357032788,
AUS,REALGDPFORECAST,TOT,AGRWTH,A,1983,-0.194029371,
AUS,REALGDPFORECAST,TOT,AGRWTH,A,1984,6.582559291,
AUS,REALGDPFORECAST,TOT,AGRWTH,A,1985,5.032364876,
AUS,REALGDPFORECAST,TOT,AGRWTH,A,1986,1.847187619,
AUS,REALGDPFORECAST,TOT,AGRWTH,A,1987,5.293270159,
AUS,REALGDPFORECAST,TOT,AGRWTH,A,1988,4.442748565,
AUS,REALGDPFORECAST,TOT,AGRWTH,A,1989,4.304412597,
AUS,REALGDPFORECAST,TOT,AGRWTH,A,1990,1.40300127,
AUS,REALGDPFORECAST,TOT,AGRWTH,A,1991,-1.33557568,
AUS,REALGDPFORECAST,TOT,AGRWTH,A,1992,2.987643807,
AUS,REALGDPFORECAST,TOT,AGRWTH,A,1993,4.09157343,
AUS,REALGDPFORECAST,TOT,AGRWTH,A,1994,4.737948378,
AUS,REALGDPFORECAST,TOT,AGRWTH,A,1995,3.071576363,
AUS,REALGDPFORECAST,TOT,AGRWTH,A,1996,4.050182178,
AUS,REALGDPFORECAST,TOT,AGRWTH,A,1997,4.165529161,
AUS,REALGDPFORECAST,TOT,AGRWTH,A,1998,4.992292247,
AUS,REALGDPFORECAST,TOT,AGRWTH,A,1999,4.202107638,
AUS,REALGDPFORECAST,TOT,AGRWTH,A,2000,3.321622756,
AUS,REALGDPFORECAST,TOT,AGRWTH,A,2001,2.687323028,
AUS,REALGDPFORECAST,TOT,AGRWTH,A,2002,3.998385712,
AUS,REALGDPFORECAST,TOT,AGRWTH,A,2003,2.902642371,
AUS,REALGDPFORECAST,TOT,AGRWTH,A,2004,3.959488094,
AUS,REALGDPFORECAST,TOT,AGRWTH,A,2005,3.064413161,
AUS,REALGDPFORECAST,TOT,AGRWTH,A,2006,2.759331242,
AUS,REALGDPFORECAST,TOT,AGRWTH,A,2007,4.425853654,
AUS,REALGDPFORECAST,TOT,AGRWTH,A,2008,2.541230425,
AUS,REALGDPFORECAST,TOT,AGRWTH,A,2009,1.891644538,
AUS,REALGDPFORECAST,TOT,AGRWTH,A,2010,2.445864876,
AUS,REALGDPFORECAST,TOT,AGRWTH,A,2011,2.726098296,
AUS,REALGDPFORECAST,TOT,AGRWTH,A,2012,3.917587685,
AUS,REALGDPFORECAST,TOT,AGRWTH,A,2013,2.162899023,
AUS,REALGDPFORECAST,TOT,AGRWTH,A,2014,2.59229392,
AUS,REALGDPFORECAST,TOT,AGRWTH,A,2015,2.460494367,
AUS,REALGDPFORECAST,TOT,AGRWTH,A,2016,2.775275514,
AUS,REALGDPFORECAST,TOT,AGRWTH,A,2017,2.464368964,
AUS,REALGDPFORECAST,TOT,AGRWTH,A,2018,2.736751356,
AUS,REALGDPFORECAST,TOT,AGRWTH,A,2019,1.723346741,
AUS,REALGDPFORECAST,TOT,AGRWTH,A,2020,2.282740291,
AUS,REALGDPFORECAST,TOT,AGRWTH,A,2021,2.336264135,
CAN,REALGDPFORECAST,TOT,AGRWTH,A,1980,2.155536079,
CAN,REALGDPFORECAST,TOT,AGRWTH,A,1981,3.477538307,
CAN,REALGDPFORECAST,TOT,AGRWTH,A,1982,-3.18833137,
CAN,REALGDPFORECAST,TOT,AGRWTH,A,1983,2.601399397,
CAN,REALGDPFORECAST,TOT,AGRWTH,A,1984,5.909302543,
CAN,REALGDPFORECAST,TOT,AGRWTH,A,1985,4.737634414,
CAN,REALGDPFORECAST,TOT,AGRWTH,A,1986,2.143650742,
CAN,REALGDPFORECAST,TOT,AGRWTH,A,1987,4.072289765,
CAN,REALGDPFORECAST,TOT,AGRWTH,A,1988,4.410269851,
CAN,REALGDPFORECAST,TOT,AGRWTH,A,1989,2.317318779,
CAN,REALGDPFORECAST,TOT,AGRWTH,A,1990,0.163545964,
CAN,REALGDPFORECAST,TOT,AGRWTH,A,1991,-2.085817921,
CAN,REALGDPFORECAST,TOT,AGRWTH,A,1992,0.900554229,
CAN,REALGDPFORECAST,TOT,AGRWTH,A,1993,2.660821437,
CAN,REALGDPFORECAST,TOT,AGRWTH,A,1994,4.494611517,
CAN,REALGDPFORECAST,TOT,AGRWTH,A,1995,2.692015616,
CAN,REALGDPFORECAST,TOT,AGRWTH,A,1996,1.618927916,
CAN,REALGDPFORECAST,TOT,AGRWTH,A,1997,4.279595049,
CAN,REALGDPFORECAST,TOT,AGRWTH,A,1998,3.898181457,
CAN,REALGDPFORECAST,TOT,AGRWTH,A,1999,5.160942771,
CAN,REALGDPFORECAST,TOT,AGRWTH,A,2000,5.178799276,
CAN,REALGDPFORECAST,TOT,AGRWTH,A,2001,1.789074123,
CAN,REALGDPFORECAST,TOT,AGRWTH,A,2002,3.016854491,
CAN,REALGDPFORECAST,TOT,AGRWTH,A,2003,1.800895474,
CAN,REALGDPFORECAST,TOT,AGRWTH,A,2004,3.087288238,
CAN,REALGDPFORECAST,TOT,AGRWTH,A,2005,3.202909419,
CAN,REALGDPFORECAST,TOT,AGRWTH,A,2006,2.634580448,
CAN,REALGDPFORECAST,TOT,AGRWTH,A,2007,2.072782538,
CAN,REALGDPFORECAST,TOT,AGRWTH,A,2008,1.007622675,
CAN,REALGDPFORECAST,TOT,AGRWTH,A,2009,-2.928400182,
CAN,REALGDPFORECAST,TOT,AGRWTH,A,2010,3.08949464,
CAN,REALGDPFORECAST,TOT,AGRWTH,A,2011,3.146881367,
CAN,REALGDPFORECAST,TOT,AGRWTH,A,2012,1.762278243,
CAN,REALGDPFORECAST,TOT,AGRWTH,A,2013,2.33017477,
CAN,REALGDPFORECAST,TOT,AGRWTH,A,2014,2.868453972,
CAN,REALGDPFORECAST,TOT,AGRWTH,A,2015,0.689906522,
CAN,REALGDPFORECAST,TOT,AGRWTH,A,2016,1.107099383,
CAN,REALGDPFORECAST,TOT,AGRWTH,A,2017,2.978565959,
CAN,REALGDPFORECAST,TOT,AGRWTH,A,2018,1.878563662,
CAN,REALGDPFORECAST,TOT,AGRWTH,A,2019,1.515079987,
CAN,REALGDPFORECAST,TOT,AGRWTH,A,2020,1.618184236,
CAN,REALGDPFORECAST,TOT,AGRWTH,A,2021,1.733634185,
DEU,REALGDPFORECAST,TOT,AGRWTH,A,1980,NA,
DEU,REALGDPFORECAST,TOT,AGRWTH,A,1981,NA,
DEU,REALGDPFORECAST,TOT,AGRWTH,A,1982,NA,
DEU,REALGDPFORECAST,TOT,AGRWTH,A,1983,NA,
DEU,REALGDPFORECAST,TOT,AGRWTH,A,1984,NA,
DEU,REALGDPFORECAST,TOT,AGRWTH,A,1985,NA,
DEU,REALGDPFORECAST,TOT,AGRWTH,A,1986,NA,
DEU,REALGDPFORECAST,TOT,AGRWTH,A,1987,NA,
DEU,REALGDPFORECAST,TOT,AGRWTH,A,1988,NA,
DEU,REALGDPFORECAST,TOT,AGRWTH,A,1989,NA,
DEU,REALGDPFORECAST,TOT,AGRWTH,A,1990,NA,
DEU,REALGDPFORECAST,TOT,AGRWTH,A,1991,NA,
DEU,REALGDPFORECAST,TOT,AGRWTH,A,1992,1.50636071,
DEU,REALGDPFORECAST,TOT,AGRWTH,A,1993,-0.99043077,
DEU,REALGDPFORECAST,TOT,AGRWTH,A,1994,2.461944523,
DEU,REALGDPFORECAST,TOT,AGRWTH,A,1995,1.615053914,
DEU,REALGDPFORECAST,TOT,AGRWTH,A,1996,0.846846212,
DEU,REALGDPFORECAST,TOT,AGRWTH,A,1997,1.860326702,
DEU,REALGDPFORECAST,TOT,AGRWTH,A,1998,1.797679161,
DEU,REALGDPFORECAST,TOT,AGRWTH,A,1999,1.747348468,
DEU,REALGDPFORECAST,TOT,AGRWTH,A,2000,3.143884503,
DEU,REALGDPFORECAST,TOT,AGRWTH,A,2001,1.810427914,
DEU,REALGDPFORECAST,TOT,AGRWTH,A,2002,-0.166167101,
DEU,REALGDPFORECAST,TOT,AGRWTH,A,2003,-0.718352092,
DEU,REALGDPFORECAST,TOT,AGRWTH,A,2004,0.708834909,
DEU,REALGDPFORECAST,TOT,AGRWTH,A,2005,0.902350599,
DEU,REALGDPFORECAST,TOT,AGRWTH,A,2006,3.999888435,
DEU,REALGDPFORECAST,TOT,AGRWTH,A,2007,3.080727424,
DEU,REALGDPFORECAST,TOT,AGRWTH,A,2008,0.693873216,
DEU,REALGDPFORECAST,TOT,AGRWTH,A,2009,-5.641251076,
DEU,REALGDPFORECAST,TOT,AGRWTH,A,2010,4.043467008,
DEU,REALGDPFORECAST,TOT,AGRWTH,A,2011,3.990084096,
DEU,REALGDPFORECAST,TOT,AGRWTH,A,2012,0.617112744,
DEU,REALGDPFORECAST,TOT,AGRWTH,A,2013,0.54555165,
DEU,REALGDPFORECAST,TOT,AGRWTH,A,2014,2.209193659,
DEU,REALGDPFORECAST,TOT,AGRWTH,A,2015,1.493412569,
DEU,REALGDPFORECAST,TOT,AGRWTH,A,2016,2.144670088,
DEU,REALGDPFORECAST,TOT,AGRWTH,A,2017,2.76847138,
DEU,REALGDPFORECAST,TOT,AGRWTH,A,2018,1.544802158,
DEU,REALGDPFORECAST,TOT,AGRWTH,A,2019,0.597178701,
DEU,REALGDPFORECAST,TOT,AGRWTH,A,2020,0.443221073,
DEU,REALGDPFORECAST,TOT,AGRWTH,A,2021,0.92576686,
MEX,REALGDPFORECAST,TOT,AGRWTH,A,1980,8.324012498,
MEX,REALGDPFORECAST,TOT,AGRWTH,A,1981,8.538918936,
MEX,REALGDPFORECAST,TOT,AGRWTH,A,1982,-0.521723196,
MEX,REALGDPFORECAST,TOT,AGRWTH,A,1983,-3.493870928,
MEX,REALGDPFORECAST,TOT,AGRWTH,A,1984,3.405944347,
MEX,REALGDPFORECAST,TOT,AGRWTH,A,1985,2.173014357,
MEX,REALGDPFORECAST,TOT,AGRWTH,A,1986,-3.112573305,
MEX,REALGDPFORECAST,TOT,AGRWTH,A,1987,1.736444809,
MEX,REALGDPFORECAST,TOT,AGRWTH,A,1988,1.266063866,
MEX,REALGDPFORECAST,TOT,AGRWTH,A,1989,4.130275695,
MEX,REALGDPFORECAST,TOT,AGRWTH,A,1990,5.16430956,
MEX,REALGDPFORECAST,TOT,AGRWTH,A,1991,4.193600451,
MEX,REALGDPFORECAST,TOT,AGRWTH,A,1992,3.569344089,
MEX,REALGDPFORECAST,TOT,AGRWTH,A,1993,1.949493268,
MEX,REALGDPFORECAST,TOT,AGRWTH,A,1994,4.941080678,
MEX,REALGDPFORECAST,TOT,AGRWTH,A,1995,-6.291230826,
MEX,REALGDPFORECAST,TOT,AGRWTH,A,1996,6.773258697,
MEX,REALGDPFORECAST,TOT,AGRWTH,A,1997,6.846852279,
MEX,REALGDPFORECAST,TOT,AGRWTH,A,1998,5.163925166,
MEX,REALGDPFORECAST,TOT,AGRWTH,A,1999,2.75355425,
MEX,REALGDPFORECAST,TOT,AGRWTH,A,2000,4.942453715,
MEX,REALGDPFORECAST,TOT,AGRWTH,A,2001,-0.404390127,
MEX,REALGDPFORECAST,TOT,AGRWTH,A,2002,-0.039844483,
MEX,REALGDPFORECAST,TOT,AGRWTH,A,2003,1.446382688,
MEX,REALGDPFORECAST,TOT,AGRWTH,A,2004,3.92059081,
MEX,REALGDPFORECAST,TOT,AGRWTH,A,2005,2.307807064,
MEX,REALGDPFORECAST,TOT,AGRWTH,A,2006,4.495077894,
MEX,REALGDPFORECAST,TOT,AGRWTH,A,2007,2.291445716,
MEX,REALGDPFORECAST,TOT,AGRWTH,A,2008,1.143584585,
MEX,REALGDPFORECAST,TOT,AGRWTH,A,2009,-5.285744138,
MEX,REALGDPFORECAST,TOT,AGRWTH,A,2010,5.118118147,
MEX,REALGDPFORECAST,TOT,AGRWTH,A,2011,3.663007928,
MEX,REALGDPFORECAST,TOT,AGRWTH,A,2012,3.642322678,
MEX,REALGDPFORECAST,TOT,AGRWTH,A,2013,1.354091963,
MEX,REALGDPFORECAST,TOT,AGRWTH,A,2014,2.804340128,
MEX,REALGDPFORECAST,TOT,AGRWTH,A,2015,3.287991599,
MEX,REALGDPFORECAST,TOT,AGRWTH,A,2016,2.910546459,
MEX,REALGDPFORECAST,TOT,AGRWTH,A,2017,2.117170711,
MEX,REALGDPFORECAST,TOT,AGRWTH,A,2018,1.995160389,
MEX,REALGDPFORECAST,TOT,AGRWTH,A,2019,0.169489494,
MEX,REALGDPFORECAST,TOT,AGRWTH,A,2020,1.235380914,
MEX,REALGDPFORECAST,TOT,AGRWTH,A,2021,1.582065998,
CHE,REALGDPFORECAST,TOT,AGRWTH,A,1980,4.601977372,
CHE,REALGDPFORECAST,TOT,AGRWTH,A,1981,1.601928983,
CHE,REALGDPFORECAST,TOT,AGRWTH,A,1982,-1.301829125,
CHE,REALGDPFORECAST,TOT,AGRWTH,A,1983,0.602892479,
CHE,REALGDPFORECAST,TOT,AGRWTH,A,1984,3.098834314,
CHE,REALGDPFORECAST,TOT,AGRWTH,A,1985,3.649921264,
CHE,REALGDPFORECAST,TOT,AGRWTH,A,1986,1.857572716,
CHE,REALGDPFORECAST,TOT,AGRWTH,A,1987,1.582373767,
CHE,REALGDPFORECAST,TOT,AGRWTH,A,1988,3.311053239,
CHE,REALGDPFORECAST,TOT,AGRWTH,A,1989,4.392240233,
CHE,REALGDPFORECAST,TOT,AGRWTH,A,1990,3.56586443,
CHE,REALGDPFORECAST,TOT,AGRWTH,A,1991,-0.815568747,
CHE,REALGDPFORECAST,TOT,AGRWTH,A,1992,-0.167580348,
CHE,REALGDPFORECAST,TOT,AGRWTH,A,1993,-0.124150487,
CHE,REALGDPFORECAST,TOT,AGRWTH,A,1994,1.323845953,
CHE,REALGDPFORECAST,TOT,AGRWTH,A,1995,0.533748344,
CHE,REALGDPFORECAST,TOT,AGRWTH,A,1996,0.534038043,
CHE,REALGDPFORECAST,TOT,AGRWTH,A,1997,2.327163438,
CHE,REALGDPFORECAST,TOT,AGRWTH,A,1998,2.93127799,
CHE,REALGDPFORECAST,TOT,AGRWTH,A,1999,1.653269193,
CHE,REALGDPFORECAST,TOT,AGRWTH,A,2000,4.07408457,
CHE,REALGDPFORECAST,TOT,AGRWTH,A,2001,1.285619185,
CHE,REALGDPFORECAST,TOT,AGRWTH,A,2002,0.183306708,
CHE,REALGDPFORECAST,TOT,AGRWTH,A,2003,0.075747107,
CHE,REALGDPFORECAST,TOT,AGRWTH,A,2004,2.621050867,
CHE,REALGDPFORECAST,TOT,AGRWTH,A,2005,3.160823137,
CHE,REALGDPFORECAST,TOT,AGRWTH,A,2006,4.076899791,
CHE,REALGDPFORECAST,TOT,AGRWTH,A,2007,4.10707449,
CHE,REALGDPFORECAST,TOT,AGRWTH,A,2008,2.109705496,
CHE,REALGDPFORECAST,TOT,AGRWTH,A,2009,-2.22812109,
CHE,REALGDPFORECAST,TOT,AGRWTH,A,2010,2.872631116,
CHE,REALGDPFORECAST,TOT,AGRWTH,A,2011,1.83515772,
CHE,REALGDPFORECAST,TOT,AGRWTH,A,2012,1.006482066,
CHE,REALGDPFORECAST,TOT,AGRWTH,A,2013,1.878815679,
CHE,REALGDPFORECAST,TOT,AGRWTH,A,2014,2.483754979,
CHE,REALGDPFORECAST,TOT,AGRWTH,A,2015,1.26368561,
CHE,REALGDPFORECAST,TOT,AGRWTH,A,2016,1.713773595,
CHE,REALGDPFORECAST,TOT,AGRWTH,A,2017,1.863869364,
CHE,REALGDPFORECAST,TOT,AGRWTH,A,2018,2.755601907,
CHE,REALGDPFORECAST,TOT,AGRWTH,A,2019,0.792354492,
CHE,REALGDPFORECAST,TOT,AGRWTH,A,2020,1.3515816,
CHE,REALGDPFORECAST,TOT,AGRWTH,A,2021,1.04650261,
TUR,REALGDPFORECAST,TOT,AGRWTH,A,1980,-2.445789208,
TUR,REALGDPFORECAST,TOT,AGRWTH,A,1981,4.855160348,
TUR,REALGDPFORECAST,TOT,AGRWTH,A,1982,3.562828268,
TUR,REALGDPFORECAST,TOT,AGRWTH,A,1983,4.96905782,
TUR,REALGDPFORECAST,TOT,AGRWTH,A,1984,6.711783995,
TUR,REALGDPFORECAST,TOT,AGRWTH,A,1985,4.241582216,
TUR,REALGDPFORECAST,TOT,AGRWTH,A,1986,7.015288122,
TUR,REALGDPFORECAST,TOT,AGRWTH,A,1987,9.484278158,
TUR,REALGDPFORECAST,TOT,AGRWTH,A,1988,2.120350748,
TUR,REALGDPFORECAST,TOT,AGRWTH,A,1989,0.251642289,
TUR,REALGDPFORECAST,TOT,AGRWTH,A,1990,9.255306473,
TUR,REALGDPFORECAST,TOT,AGRWTH,A,1991,0.926513735,
TUR,REALGDPFORECAST,TOT,AGRWTH,A,1992,5.984286356,
TUR,REALGDPFORECAST,TOT,AGRWTH,A,1993,8.04202059,
TUR,REALGDPFORECAST,TOT,AGRWTH,A,1994,-5.455663157,
TUR,REALGDPFORECAST,TOT,AGRWTH,A,1995,7.191218563,
TUR,REALGDPFORECAST,TOT,AGRWTH,A,1996,7.005319427,
TUR,REALGDPFORECAST,TOT,AGRWTH,A,1997,7.528799996,
TUR,REALGDPFORECAST,TOT,AGRWTH,A,1998,3.091864284,
TUR,REALGDPFORECAST,TOT,AGRWTH,A,1999,-3.389304879,
TUR,REALGDPFORECAST,TOT,AGRWTH,A,2000,6.640061122,
TUR,REALGDPFORECAST,TOT,AGRWTH,A,2001,-5.962310758,
TUR,REALGDPFORECAST,TOT,AGRWTH,A,2002,6.430278621,
TUR,REALGDPFORECAST,TOT,AGRWTH,A,2003,5.608255121,
TUR,REALGDPFORECAST,TOT,AGRWTH,A,2004,9.644322568,
TUR,REALGDPFORECAST,TOT,AGRWTH,A,2005,9.0098533,
TUR,REALGDPFORECAST,TOT,AGRWTH,A,2006,7.109703432,
TUR,REALGDPFORECAST,TOT,AGRWTH,A,2007,5.030457589,
TUR,REALGDPFORECAST,TOT,AGRWTH,A,2008,0.845251452,
TUR,REALGDPFORECAST,TOT,AGRWTH,A,2009,-4.704465899,
TUR,REALGDPFORECAST,TOT,AGRWTH,A,2010,8.487372126,
TUR,REALGDPFORECAST,TOT,AGRWTH,A,2011,11.11349558,
TUR,REALGDPFORECAST,TOT,AGRWTH,A,2012,4.789940274,
TUR,REALGDPFORECAST,TOT,AGRWTH,A,2013,8.491309301,
TUR,REALGDPFORECAST,TOT,AGRWTH,A,2014,5.16669072,
TUR,REALGDPFORECAST,TOT,AGRWTH,A,2015,6.085886619,
TUR,REALGDPFORECAST,TOT,AGRWTH,A,2016,3.183831551,
TUR,REALGDPFORECAST,TOT,AGRWTH,A,2017,7.470866882,
TUR,REALGDPFORECAST,TOT,AGRWTH,A,2018,2.826776119,
TUR,REALGDPFORECAST,TOT,AGRWTH,A,2019,0.312219965,
TUR,REALGDPFORECAST,TOT,AGRWTH,A,2020,3.042281039,
TUR,REALGDPFORECAST,TOT,AGRWTH,A,2021,3.194077626,
USA,REALGDPFORECAST,TOT,AGRWTH,A,1980,-0.25675562,
USA,REALGDPFORECAST,TOT,AGRWTH,A,1981,2.537726188,
USA,REALGDPFORECAST,TOT,AGRWTH,A,1982,-1.802877995,
USA,REALGDPFORECAST,TOT,AGRWTH,A,1983,4.583923642,
USA,REALGDPFORECAST,TOT,AGRWTH,A,1984,7.236627274,
USA,REALGDPFORECAST,TOT,AGRWTH,A,1985,4.169652542,
USA,REALGDPFORECAST,TOT,AGRWTH,A,1986,3.462645424,
USA,REALGDPFORECAST,TOT,AGRWTH,A,1987,3.459578845,
USA,REALGDPFORECAST,TOT,AGRWTH,A,1988,4.177055196,
USA,REALGDPFORECAST,TOT,AGRWTH,A,1989,3.67264756,
USA,REALGDPFORECAST,TOT,AGRWTH,A,1990,1.885960322,
USA,REALGDPFORECAST,TOT,AGRWTH,A,1991,-0.108261775,
USA,REALGDPFORECAST,TOT,AGRWTH,A,1992,3.522442588,
USA,REALGDPFORECAST,TOT,AGRWTH,A,1993,2.752852142,
USA,REALGDPFORECAST,TOT,AGRWTH,A,1994,4.028831325,
USA,REALGDPFORECAST,TOT,AGRWTH,A,1995,2.684284782,
USA,REALGDPFORECAST,TOT,AGRWTH,A,1996,3.772503849,
USA,REALGDPFORECAST,TOT,AGRWTH,A,1997,4.447220976,
USA,REALGDPFORECAST,TOT,AGRWTH,A,1998,4.481405288,
USA,REALGDPFORECAST,TOT,AGRWTH,A,1999,4.753238066,
USA,REALGDPFORECAST,TOT,AGRWTH,A,2000,4.127477984,
USA,REALGDPFORECAST,TOT,AGRWTH,A,2001,0.998346545,
USA,REALGDPFORECAST,TOT,AGRWTH,A,2002,1.741697102,
USA,REALGDPFORECAST,TOT,AGRWTH,A,2003,2.86120325,
USA,REALGDPFORECAST,TOT,AGRWTH,A,2004,3.798898468,
USA,REALGDPFORECAST,TOT,AGRWTH,A,2005,3.513208469,
USA,REALGDPFORECAST,TOT,AGRWTH,A,2006,2.85497234,
USA,REALGDPFORECAST,TOT,AGRWTH,A,2007,1.876176378,
USA,REALGDPFORECAST,TOT,AGRWTH,A,2008,-0.136579801,
USA,REALGDPFORECAST,TOT,AGRWTH,A,2009,-2.536758586,
USA,REALGDPFORECAST,TOT,AGRWTH,A,2010,2.56376816,
USA,REALGDPFORECAST,TOT,AGRWTH,A,2011,1.550833853,
USA,REALGDPFORECAST,TOT,AGRWTH,A,2012,2.249547395,
USA,REALGDPFORECAST,TOT,AGRWTH,A,2013,1.842081014,
USA,REALGDPFORECAST,TOT,AGRWTH,A,2014,2.525971001,
USA,REALGDPFORECAST,TOT,AGRWTH,A,2015,2.908020354,
USA,REALGDPFORECAST,TOT,AGRWTH,A,2016,1.637839389,
USA,REALGDPFORECAST,TOT,AGRWTH,A,2017,2.369799598,
USA,REALGDPFORECAST,TOT,AGRWTH,A,2018,2.927326951,
USA,REALGDPFORECAST,TOT,AGRWTH,A,2019,2.318607152,
USA,REALGDPFORECAST,TOT,AGRWTH,A,2020,1.998151765,
USA,REALGDPFORECAST,TOT,AGRWTH,A,2021,1.983578487,
BRA,REALGDPFORECAST,TOT,AGRWTH,A,1980,NA,
BRA,REALGDPFORECAST,TOT,AGRWTH,A,1981,NA,
BRA,REALGDPFORECAST,TOT,AGRWTH,A,1982,NA,
BRA,REALGDPFORECAST,TOT,AGRWTH,A,1983,NA,
BRA,REALGDPFORECAST,TOT,AGRWTH,A,1984,NA,
BRA,REALGDPFORECAST,TOT,AGRWTH,A,1985,NA,
BRA,REALGDPFORECAST,TOT,AGRWTH,A,1986,NA,
BRA,REALGDPFORECAST,TOT,AGRWTH,A,1987,NA,
BRA,REALGDPFORECAST,TOT,AGRWTH,A,1988,NA,
BRA,REALGDPFORECAST,TOT,AGRWTH,A,1989,NA,
BRA,REALGDPFORECAST,TOT,AGRWTH,A,1990,NA,
BRA,REALGDPFORECAST,TOT,AGRWTH,A,1991,NA,
BRA,REALGDPFORECAST,TOT,AGRWTH,A,1992,NA,
BRA,REALGDPFORECAST,TOT,AGRWTH,A,1993,NA,
BRA,REALGDPFORECAST,TOT,AGRWTH,A,1994,NA,
BRA,REALGDPFORECAST,TOT,AGRWTH,A,1995,NA,
BRA,REALGDPFORECAST,TOT,AGRWTH,A,1996,2.2,
BRA,REALGDPFORECAST,TOT,AGRWTH,A,1997,3.398578447,
BRA,REALGDPFORECAST,TOT,AGRWTH,A,1998,0.344595463,
BRA,REALGDPFORECAST,TOT,AGRWTH,A,1999,0.467849651,
BRA,REALGDPFORECAST,TOT,AGRWTH,A,2000,4.383635778,
BRA,REALGDPFORECAST,TOT,AGRWTH,A,2001,1.382186495,
BRA,REALGDPFORECAST,TOT,AGRWTH,A,2002,3.05252506,
BRA,REALGDPFORECAST,TOT,AGRWTH,A,2003,1.138678606,
BRA,REALGDPFORECAST,TOT,AGRWTH,A,2004,5.75739893,
BRA,REALGDPFORECAST,TOT,AGRWTH,A,2005,3.191798949,
BRA,REALGDPFORECAST,TOT,AGRWTH,A,2006,3.955357127,
BRA,REALGDPFORECAST,TOT,AGRWTH,A,2007,6.063735586,
BRA,REALGDPFORECAST,TOT,AGRWTH,A,2008,5.095147503,
BRA,REALGDPFORECAST,TOT,AGRWTH,A,2009,-0.119168571,
BRA,REALGDPFORECAST,TOT,AGRWTH,A,2010,7.544919856,
BRA,REALGDPFORECAST,TOT,AGRWTH,A,2011,3.986281521,
BRA,REALGDPFORECAST,TOT,AGRWTH,A,2012,1.927644878,
BRA,REALGDPFORECAST,TOT,AGRWTH,A,2013,3.007397943,
BRA,REALGDPFORECAST,TOT,AGRWTH,A,2014,0.505504429,
BRA,REALGDPFORECAST,TOT,AGRWTH,A,2015,-3.550832643,
BRA,REALGDPFORECAST,TOT,AGRWTH,A,2016,-3.31276015,
BRA,REALGDPFORECAST,TOT,AGRWTH,A,2017,1.056025569,
BRA,REALGDPFORECAST,TOT,AGRWTH,A,2018,1.114339381,
BRA,REALGDPFORECAST,TOT,AGRWTH,A,2019,0.834116208,
BRA,REALGDPFORECAST,TOT,AGRWTH,A,2020,1.666797082,
BRA,REALGDPFORECAST,TOT,AGRWTH,A,2021,1.826775598,
IND,REALGDPFORECAST,TOT,AGRWTH,A,1980,NA,
IND,REALGDPFORECAST,TOT,AGRWTH,A,1981,NA,
IND,REALGDPFORECAST,TOT,AGRWTH,A,1982,NA,
IND,REALGDPFORECAST,TOT,AGRWTH,A,1983,NA,
IND,REALGDPFORECAST,TOT,AGRWTH,A,1984,NA,
IND,REALGDPFORECAST,TOT,AGRWTH,A,1985,NA,
IND,REALGDPFORECAST,TOT,AGRWTH,A,1986,NA,
IND,REALGDPFORECAST,TOT,AGRWTH,A,1987,NA,
IND,REALGDPFORECAST,TOT,AGRWTH,A,1988,NA,
IND,REALGDPFORECAST,TOT,AGRWTH,A,1989,NA,
IND,REALGDPFORECAST,TOT,AGRWTH,A,1990,NA,
IND,REALGDPFORECAST,TOT,AGRWTH,A,1991,NA,
IND,REALGDPFORECAST,TOT,AGRWTH,A,1992,NA,
IND,REALGDPFORECAST,TOT,AGRWTH,A,1993,NA,
IND,REALGDPFORECAST,TOT,AGRWTH,A,1994,NA,
IND,REALGDPFORECAST,TOT,AGRWTH,A,1995,NA,
IND,REALGDPFORECAST,TOT,AGRWTH,A,1996,8.042307726,
IND,REALGDPFORECAST,TOT,AGRWTH,A,1997,4.049788612,
IND,REALGDPFORECAST,TOT,AGRWTH,A,1998,6.184411276,
IND,REALGDPFORECAST,TOT,AGRWTH,A,1999,8.463111433,
IND,REALGDPFORECAST,TOT,AGRWTH,A,2000,3.975023236,
IND,REALGDPFORECAST,TOT,AGRWTH,A,2001,4.944236579,
IND,REALGDPFORECAST,TOT,AGRWTH,A,2002,3.907539511,
IND,REALGDPFORECAST,TOT,AGRWTH,A,2003,7.943984463,
IND,REALGDPFORECAST,TOT,AGRWTH,A,2004,7.848804525,
IND,REALGDPFORECAST,TOT,AGRWTH,A,2005,7.923428667,
IND,REALGDPFORECAST,TOT,AGRWTH,A,2006,8.0607289,
IND,REALGDPFORECAST,TOT,AGRWTH,A,2007,7.660824158,
IND,REALGDPFORECAST,TOT,AGRWTH,A,2008,3.086699374,
IND,REALGDPFORECAST,TOT,AGRWTH,A,2009,7.861882372,
IND,REALGDPFORECAST,TOT,AGRWTH,A,2010,8.497586876,
IND,REALGDPFORECAST,TOT,AGRWTH,A,2011,5.219537129,
IND,REALGDPFORECAST,TOT,AGRWTH,A,2012,5.478213668,
IND,REALGDPFORECAST,TOT,AGRWTH,A,2013,6.386106401,
IND,REALGDPFORECAST,TOT,AGRWTH,A,2014,7.410227605,
IND,REALGDPFORECAST,TOT,AGRWTH,A,2015,7.996253786,
IND,REALGDPFORECAST,TOT,AGRWTH,A,2016,8.169526505,
IND,REALGDPFORECAST,TOT,AGRWTH,A,2017,7.167888861,
IND,REALGDPFORECAST,TOT,AGRWTH,A,2018,6.811369326,
IND,REALGDPFORECAST,TOT,AGRWTH,A,2019,5.759930652,
IND,REALGDPFORECAST,TOT,AGRWTH,A,2020,6.203959589,
IND,REALGDPFORECAST,TOT,AGRWTH,A,2021,6.390894716,
ZAF,REALGDPFORECAST,TOT,AGRWTH,A,1980,6.620601767,
ZAF,REALGDPFORECAST,TOT,AGRWTH,A,1981,5.36077339,
ZAF,REALGDPFORECAST,TOT,AGRWTH,A,1982,-0.383395732,
ZAF,REALGDPFORECAST,TOT,AGRWTH,A,1983,-1.846547461,
ZAF,REALGDPFORECAST,TOT,AGRWTH,A,1984,5.099124305,
ZAF,REALGDPFORECAST,TOT,AGRWTH,A,1985,-1.211527756,
ZAF,REALGDPFORECAST,TOT,AGRWTH,A,1986,0.017866391,
ZAF,REALGDPFORECAST,TOT,AGRWTH,A,1987,2.100724926,
ZAF,REALGDPFORECAST,TOT,AGRWTH,A,1988,4.200103019,
ZAF,REALGDPFORECAST,TOT,AGRWTH,A,1989,2.394783157,
ZAF,REALGDPFORECAST,TOT,AGRWTH,A,1990,-0.317758269,
ZAF,REALGDPFORECAST,TOT,AGRWTH,A,1991,-1.018256606,
ZAF,REALGDPFORECAST,TOT,AGRWTH,A,1992,-2.137034401,
ZAF,REALGDPFORECAST,TOT,AGRWTH,A,1993,1.233548513,
ZAF,REALGDPFORECAST,TOT,AGRWTH,A,1994,3.234106468,
ZAF,REALGDPFORECAST,TOT,AGRWTH,A,1995,3.115670491,
ZAF,REALGDPFORECAST,TOT,AGRWTH,A,1996,4.306696294,
ZAF,REALGDPFORECAST,TOT,AGRWTH,A,1997,2.646820989,
ZAF,REALGDPFORECAST,TOT,AGRWTH,A,1998,0.517368712,
ZAF,REALGDPFORECAST,TOT,AGRWTH,A,1999,2.358121679,
ZAF,REALGDPFORECAST,TOT,AGRWTH,A,2000,4.15455918,
ZAF,REALGDPFORECAST,TOT,AGRWTH,A,2001,2.735460339,
ZAF,REALGDPFORECAST,TOT,AGRWTH,A,2002,3.667828684,
ZAF,REALGDPFORECAST,TOT,AGRWTH,A,2003,2.949074189,
ZAF,REALGDPFORECAST,TOT,AGRWTH,A,2004,4.55454272,
ZAF,REALGDPFORECAST,TOT,AGRWTH,A,2005,5.27711714,
ZAF,REALGDPFORECAST,TOT,AGRWTH,A,2006,5.603678218,
ZAF,REALGDPFORECAST,TOT,AGRWTH,A,2007,5.36046514,
ZAF,REALGDPFORECAST,TOT,AGRWTH,A,2008,3.191051645,
ZAF,REALGDPFORECAST,TOT,AGRWTH,A,2009,-1.538100864,
ZAF,REALGDPFORECAST,TOT,AGRWTH,A,2010,3.039777063,
ZAF,REALGDPFORECAST,TOT,AGRWTH,A,2011,2.941490838,
ZAF,REALGDPFORECAST,TOT,AGRWTH,A,2012,2.536233009,
ZAF,REALGDPFORECAST,TOT,AGRWTH,A,2013,2.770826853,
ZAF,REALGDPFORECAST,TOT,AGRWTH,A,2014,1.659384248,
ZAF,REALGDPFORECAST,TOT,AGRWTH,A,2015,1.217198875,
ZAF,REALGDPFORECAST,TOT,AGRWTH,A,2016,0.383186792,
ZAF,REALGDPFORECAST,TOT,AGRWTH,A,2017,1.405631752,
ZAF,REALGDPFORECAST,TOT,AGRWTH,A,2018,0.698058475,
ZAF,REALGDPFORECAST,TOT,AGRWTH,A,2019,0.451110418,
ZAF,REALGDPFORECAST,TOT,AGRWTH,A,2020,1.228015184,
ZAF,REALGDPFORECAST,TOT,AGRWTH,A,2021,1.305999174,
