Timestamp,PM2.5 (µg/m³),PM10 (µg/m³),NO (µg/m³),NO2 (µg/m³),NOx (ppb),NH3 (µg/m³),SO2 (µg/m³),CO (mg/m³),Ozone (µg/m³),Benzene (µg/m³),Toluene (µg/m³),Xylene (µg/m³),O Xylene (µg/m³),Eth-Benzene (µg/m³),MP-Xylene (µg/m³),AT (°C),RH (%),WS (m/s),WD (deg),RF (mm),TOT-RF (mm),SR (W/mt2),BP (mmHg),VWS (m/s)
2022-01-01 00:00:00,NA,NA,NA,NA,NA,NA,NA,NA,NA,NA,NA,NA,NA,NA,NA,NA,NA,NA,NA,NA,0.00,NA,NA,NA
2022-01-02 00:00:00,NA,NA,NA,NA,NA,NA,NA,NA,NA,NA,NA,NA,NA,NA,NA,NA,NA,NA,NA,NA,0.00,NA,NA,NA
2022-01-03 00:00:00,NA,NA,NA,NA,NA,NA,NA,NA,NA,NA,NA,NA,NA,NA,NA,NA,NA,NA,NA,NA,0.00,NA,NA,NA
2022-01-04 00:00:00,NA,NA,NA,NA,NA,NA,NA,NA,NA,NA,NA,NA,NA,NA,NA,NA,NA,NA,NA,NA,0.00,NA,NA,NA
2022-01-05 00:00:00,NA,NA,NA,NA,NA,NA,NA,NA,NA,NA,NA,NA,NA,NA,NA,NA,NA,NA,NA,NA,0.00,NA,NA,NA
2022-01-06 00:00:00,NA,NA,NA,NA,NA,NA,NA,NA,NA,NA,NA,NA,NA,NA,NA,NA,NA,NA,NA,NA,0.00,NA,NA,NA
2022-01-07 00:00:00,NA,NA,NA,NA,NA,NA,NA,NA,NA,NA,NA,NA,NA,NA,NA,NA,NA,NA,NA,NA,0.00,NA,NA,NA
2022-01-08 00:00:00,NA,NA,NA,NA,NA,NA,NA,NA,NA,NA,NA,NA,NA,NA,NA,NA,NA,NA,NA,NA,0.00,NA,NA,NA
2022-01-09 00:00:00,NA,NA,NA,NA,NA,NA,NA,NA,NA,NA,NA,NA,NA,NA,NA,NA,NA,NA,NA,NA,0.00,NA,NA,NA
2022-01-10 00:00:00,NA,NA,NA,NA,NA,NA,NA,NA,NA,NA,NA,NA,NA,NA,NA,NA,NA,NA,NA,NA,0.00,NA,NA,NA
2022-01-11 00:00:00,NA,NA,NA,NA,NA,NA,NA,NA,NA,NA,NA,NA,NA,NA,NA,NA,NA,NA,NA,NA,0.00,NA,NA,NA
2022-01-12 00:00:00,NA,NA,NA,NA,NA,NA,NA,NA,NA,NA,NA,NA,NA,NA,NA,NA,NA,NA,NA,NA,0.00,NA,NA,NA
2022-01-13 00:00:00,NA,NA,NA,NA,NA,NA,NA,NA,NA,NA,NA,NA,NA,NA,NA,NA,NA,NA,NA,NA,0.00,NA,NA,NA
2022-01-14 00:00:00,NA,NA,NA,NA,NA,NA,NA,NA,NA,NA,NA,NA,NA,NA,NA,NA,NA,NA,NA,NA,0.00,NA,NA,NA
2022-01-15 00:00:00,NA,NA,NA,NA,NA,NA,NA,NA,NA,NA,NA,NA,NA,NA,NA,NA,NA,NA,NA,NA,0.00,NA,NA,NA
2022-01-16 00:00:00,NA,NA,NA,NA,NA,NA,NA,NA,NA,NA,NA,NA,NA,NA,NA,NA,NA,NA,NA,NA,0.00,NA,NA,NA
2022-01-17 00:00:00,NA,NA,NA,NA,NA,NA,NA,NA,NA,NA,NA,NA,NA,NA,NA,NA,NA,NA,NA,NA,0.00,NA,NA,NA
2022-01-18 00:00:00,NA,NA,NA,NA,NA,NA,NA,NA,NA,NA,NA,NA,NA,NA,NA,NA,NA,NA,NA,NA,0.00,NA,NA,NA
2022-01-19 00:00:00,NA,NA,NA,NA,NA,NA,NA,NA,NA,NA,NA,NA,NA,NA,NA,NA,NA,NA,NA,NA,0.00,NA,NA,NA
2022-01-20 00:00:00,NA,NA,NA,NA,NA,NA,NA,NA,NA,NA,NA,NA,NA,NA,NA,NA,NA,NA,NA,NA,0.00,NA,NA,NA
2022-01-21 00:00:00,NA,NA,NA,NA,NA,NA,NA,NA,NA,NA,NA,NA,NA,NA,NA,NA,NA,NA,NA,NA,0.00,NA,NA,NA
2022-01-22 00:00:00,NA,NA,NA,NA,NA,NA,NA,NA,NA,NA,NA,NA,NA,NA,NA,NA,NA,NA,NA,NA,0.00,NA,NA,NA
2022-01-23 00:00:00,NA,NA,NA,NA,NA,NA,NA,NA,NA,NA,NA,NA,NA,NA,NA,NA,NA,NA,NA,NA,0.00,NA,NA,NA
2022-01-24 00:00:00,NA,NA,NA,NA,NA,NA,NA,NA,NA,NA,NA,NA,NA,NA,NA,NA,NA,NA,NA,NA,0.00,NA,NA,NA
2022-01-25 00:00:00,NA,NA,NA,NA,NA,NA,NA,NA,NA,NA,NA,NA,NA,NA,NA,NA,NA,NA,NA,NA,0.00,NA,NA,NA
2022-01-26 00:00:00,NA,NA,NA,NA,NA,NA,NA,NA,NA,NA,NA,NA,NA,NA,NA,NA,NA,NA,NA,NA,0.00,NA,NA,NA
2022-01-27 00:00:00,NA,NA,NA,NA,NA,NA,NA,NA,NA,NA,NA,NA,NA,NA,NA,NA,NA,NA,NA,NA,0.00,NA,NA,NA
2022-01-28 00:00:00,NA,NA,NA,NA,NA,NA,NA,NA,NA,NA,NA,NA,NA,NA,NA,NA,NA,NA,NA,NA,0.00,NA,NA,NA
2022-01-29 00:00:00,NA,NA,NA,NA,NA,NA,NA,NA,NA,NA,NA,NA,NA,NA,NA,NA,NA,NA,NA,NA,0.00,NA,NA,NA
2022-01-30 00:00:00,NA,NA,NA,NA,NA,NA,NA,NA,NA,NA,NA,NA,NA,NA,NA,NA,NA,NA,NA,NA,0.00,NA,NA,NA
2022-01-31 00:00:00,NA,NA,NA,NA,NA,NA,NA,NA,NA,NA,NA,NA,NA,NA,NA,NA,NA,NA,NA,NA,0.00,NA,NA,NA
2022-02-01 00:00:00,NA,NA,NA,NA,NA,NA,NA,NA,NA,NA,NA,NA,NA,NA,NA,NA,NA,NA,NA,NA,0.00,NA,NA,NA
2022-02-02 00:00:00,NA,NA,NA,NA,NA,NA,NA,NA,NA,NA,NA,NA,NA,NA,NA,NA,NA,NA,NA,NA,0.00,NA,NA,NA
2022-02-03 00:00:00,NA,NA,NA,NA,NA,NA,NA,NA,NA,NA,NA,NA,NA,NA,NA,NA,NA,NA,NA,NA,0.00,NA,NA,NA
2022-02-04 00:00:00,NA,NA,NA,NA,NA,NA,NA,NA,NA,NA,NA,NA,NA,NA,NA,NA,NA,NA,NA,NA,0.00,NA,NA,NA
2022-02-05 00:00:00,NA,NA,NA,NA,NA,NA,NA,NA,NA,NA,NA,NA,NA,NA,NA,NA,NA,NA,NA,NA,0.00,NA,NA,NA
2022-02-06 00:00:00,NA,NA,NA,NA,NA,NA,NA,NA,NA,NA,NA,NA,NA,NA,NA,NA,NA,NA,NA,NA,0.00,NA,NA,NA
2022-02-07 00:00:00,NA,NA,NA,NA,NA,NA,NA,NA,NA,NA,NA,NA,NA,NA,NA,NA,NA,NA,NA,NA,0.00,NA,NA,NA
2022-02-08 00:00:00,NA,NA,NA,NA,NA,NA,NA,NA,NA,NA,NA,NA,NA,NA,NA,NA,NA,NA,NA,NA,0.00,NA,NA,NA
2022-02-09 00:00:00,NA,NA,NA,NA,NA,NA,NA,NA,NA,NA,NA,NA,NA,NA,NA,NA,NA,NA,NA,NA,0.00,NA,NA,NA
2022-02-10 00:00:00,NA,NA,NA,NA,NA,NA,NA,NA,NA,NA,NA,NA,NA,NA,NA,NA,NA,NA,NA,NA,0.00,NA,NA,NA
2022-02-11 00:00:00,NA,NA,NA,NA,NA,NA,NA,NA,NA,NA,NA,NA,NA,NA,NA,NA,NA,NA,NA,NA,0.00,NA,NA,NA
2022-02-12 00:00:00,NA,NA,NA,NA,NA,NA,NA,NA,NA,NA,NA,NA,NA,NA,NA,NA,NA,NA,NA,NA,0.00,NA,NA,NA
2022-02-13 00:00:00,NA,NA,NA,NA,NA,NA,NA,NA,NA,NA,NA,NA,NA,NA,NA,NA,NA,NA,NA,NA,0.00,NA,NA,NA
2022-02-14 00:00:00,NA,NA,NA,NA,NA,NA,NA,NA,NA,NA,NA,NA,NA,NA,NA,NA,NA,NA,NA,NA,0.00,NA,NA,NA
2022-02-15 00:00:00,NA,NA,NA,NA,NA,NA,NA,NA,NA,NA,NA,NA,NA,NA,NA,NA,NA,NA,NA,NA,0.00,NA,NA,NA
2022-02-16 00:00:00,NA,NA,NA,NA,NA,NA,NA,NA,NA,NA,NA,NA,NA,NA,NA,NA,NA,NA,NA,NA,0.00,NA,NA,NA
2022-02-17 00:00:00,NA,NA,NA,NA,NA,NA,NA,NA,NA,NA,NA,NA,NA,NA,NA,NA,NA,NA,NA,NA,0.00,NA,NA,NA
2022-02-18 00:00:00,NA,NA,NA,NA,NA,NA,NA,NA,NA,NA,NA,NA,NA,NA,NA,NA,NA,NA,NA,NA,0.00,NA,NA,NA
2022-02-19 00:00:00,NA,NA,NA,NA,NA,NA,NA,NA,NA,NA,NA,NA,NA,NA,NA,NA,NA,NA,NA,NA,0.00,NA,NA,NA
2022-02-20 00:00:00,NA,NA,NA,NA,NA,NA,NA,NA,NA,NA,NA,NA,NA,NA,NA,NA,NA,NA,NA,NA,0.00,NA,NA,NA
2022-02-21 00:00:00,NA,NA,NA,NA,NA,NA,NA,NA,NA,NA,NA,NA,NA,NA,NA,NA,NA,NA,NA,NA,0.00,NA,NA,NA
2022-02-22 00:00:00,NA,NA,NA,NA,NA,NA,NA,NA,NA,NA,NA,NA,NA,NA,NA,NA,NA,NA,NA,NA,0.00,NA,NA,NA
2022-02-23 00:00:00,NA,NA,NA,NA,NA,NA,NA,NA,NA,NA,NA,NA,NA,NA,NA,NA,NA,NA,NA,NA,0.00,NA,NA,NA
2022-02-24 00:00:00,NA,NA,NA,NA,NA,NA,NA,NA,NA,NA,NA,NA,NA,NA,NA,NA,NA,NA,NA,NA,0.00,NA,NA,NA
2022-02-25 00:00:00,NA,NA,NA,NA,NA,NA,NA,NA,NA,NA,NA,NA,NA,NA,NA,NA,NA,NA,NA,NA,0.00,NA,NA,NA
2022-02-26 00:00:00,NA,NA,NA,NA,NA,NA,NA,NA,NA,NA,NA,NA,NA,NA,NA,NA,NA,NA,NA,NA,0.00,NA,NA,NA
2022-02-27 00:00:00,NA,NA,NA,NA,NA,NA,NA,NA,NA,NA,NA,NA,NA,NA,NA,NA,NA,NA,NA,NA,0.00,NA,NA,NA
2022-02-28 00:00:00,NA,NA,NA,NA,NA,NA,NA,NA,NA,NA,NA,NA,NA,NA,NA,NA,NA,NA,NA,NA,0.00,NA,NA,NA
2022-03-01 00:00:00,NA,NA,NA,NA,NA,NA,NA,NA,NA,NA,NA,NA,NA,NA,NA,NA,NA,NA,NA,NA,0.00,NA,NA,NA
2022-03-02 00:00:00,NA,NA,NA,NA,NA,NA,NA,NA,NA,NA,NA,NA,NA,NA,NA,NA,NA,NA,NA,NA,0.00,NA,NA,NA
2022-03-03 00:00:00,NA,NA,NA,NA,NA,NA,NA,NA,NA,NA,NA,NA,NA,NA,NA,NA,NA,NA,NA,NA,0.00,NA,NA,NA
2022-03-04 00:00:00,NA,NA,NA,NA,NA,NA,NA,NA,NA,NA,NA,NA,NA,NA,NA,NA,NA,NA,NA,NA,0.00,NA,NA,NA
2022-03-05 00:00:00,NA,NA,NA,NA,NA,NA,NA,NA,NA,NA,NA,NA,NA,NA,NA,NA,NA,NA,NA,NA,0.00,NA,NA,NA
2022-03-06 00:00:00,NA,NA,NA,NA,NA,NA,NA,NA,NA,NA,NA,NA,NA,NA,NA,NA,NA,NA,NA,NA,0.00,NA,NA,NA
2022-03-07 00:00:00,NA,NA,NA,NA,NA,NA,NA,NA,NA,NA,NA,NA,NA,NA,NA,NA,NA,NA,NA,NA,0.00,NA,NA,NA
2022-03-08 00:00:00,NA,NA,NA,NA,NA,NA,NA,NA,NA,NA,NA,NA,NA,NA,NA,NA,NA,NA,NA,NA,0.00,NA,NA,NA
2022-03-09 00:00:00,NA,NA,NA,NA,NA,NA,NA,NA,NA,NA,NA,NA,NA,NA,NA,NA,NA,NA,NA,NA,0.00,NA,NA,NA
2022-03-10 00:00:00,NA,NA,NA,NA,NA,NA,NA,NA,NA,NA,NA,NA,NA,NA,NA,NA,NA,NA,NA,NA,0.00,NA,NA,NA
2022-03-11 00:00:00,NA,NA,NA,NA,NA,NA,NA,NA,NA,NA,NA,NA,NA,NA,NA,NA,NA,NA,NA,NA,0.00,NA,NA,NA
2022-03-12 00:00:00,NA,NA,NA,NA,NA,NA,NA,NA,NA,NA,NA,NA,NA,NA,NA,NA,NA,NA,NA,NA,0.00,NA,NA,NA
2022-03-13 00:00:00,NA,NA,NA,NA,NA,NA,NA,NA,NA,NA,NA,NA,NA,NA,NA,NA,NA,NA,NA,NA,0.00,NA,NA,NA
2022-03-14 00:00:00,NA,NA,NA,NA,NA,NA,NA,NA,NA,NA,NA,NA,NA,NA,NA,NA,NA,NA,NA,NA,0.00,NA,NA,NA
2022-03-15 00:00:00,NA,NA,NA,NA,NA,NA,NA,NA,NA,NA,NA,NA,NA,NA,NA,NA,NA,NA,NA,NA,0.00,NA,NA,NA
2022-03-16 00:00:00,NA,NA,NA,NA,NA,NA,NA,NA,NA,NA,NA,NA,NA,NA,NA,NA,NA,NA,NA,NA,0.00,NA,NA,NA
2022-03-17 00:00:00,NA,NA,NA,NA,NA,NA,NA,NA,NA,NA,NA,NA,NA,NA,NA,NA,NA,NA,NA,NA,0.00,NA,NA,NA
2022-03-18 00:00:00,NA,NA,NA,NA,NA,NA,NA,NA,NA,NA,NA,NA,NA,NA,NA,NA,NA,NA,NA,NA,0.00,NA,NA,NA
2022-03-19 00:00:00,NA,NA,NA,NA,NA,NA,NA,NA,NA,NA,NA,NA,NA,NA,NA,NA,NA,NA,NA,NA,0.00,NA,NA,NA
2022-03-20 00:00:00,NA,NA,NA,NA,NA,NA,NA,NA,NA,NA,NA,NA,NA,NA,NA,NA,NA,NA,NA,NA,0.00,NA,NA,NA
2022-03-21 00:00:00,NA,NA,NA,NA,NA,NA,NA,NA,NA,NA,NA,NA,NA,NA,NA,NA,NA,NA,NA,NA,0.00,NA,NA,NA
2022-03-22 00:00:00,NA,NA,NA,NA,NA,NA,NA,NA,NA,NA,NA,NA,NA,NA,NA,NA,NA,NA,NA,NA,0.00,NA,NA,NA
2022-03-23 00:00:00,NA,NA,NA,NA,NA,NA,NA,NA,NA,NA,NA,NA,NA,NA,NA,NA,NA,NA,NA,NA,0.00,NA,NA,NA
2022-03-24 00:00:00,NA,NA,NA,NA,NA,NA,NA,NA,NA,NA,NA,NA,NA,NA,NA,NA,NA,NA,NA,NA,0.00,NA,NA,NA
2022-03-25 00:00:00,NA,NA,NA,NA,NA,NA,NA,NA,NA,NA,NA,NA,NA,NA,NA,NA,NA,NA,NA,NA,0.00,NA,NA,NA
2022-03-26 00:00:00,NA,NA,NA,NA,NA,NA,NA,NA,NA,NA,NA,NA,NA,NA,NA,NA,NA,NA,NA,NA,0.00,NA,NA,NA
2022-03-27 00:00:00,NA,NA,NA,NA,NA,NA,NA,NA,NA,NA,NA,NA,NA,NA,NA,NA,NA,NA,NA,NA,0.00,NA,NA,NA
2022-03-28 00:00:00,NA,NA,NA,NA,NA,NA,NA,NA,NA,NA,NA,NA,NA,NA,NA,NA,NA,NA,NA,NA,0.00,NA,NA,NA
2022-03-29 00:00:00,NA,NA,NA,NA,NA,NA,NA,NA,NA,NA,NA,NA,NA,NA,NA,NA,NA,NA,NA,NA,0.00,NA,NA,NA
2022-03-30 00:00:00,NA,NA,NA,NA,NA,NA,NA,NA,NA,NA,NA,NA,NA,NA,NA,NA,NA,NA,NA,NA,0.00,NA,NA,NA
2022-03-31 00:00:00,NA,NA,NA,NA,NA,NA,NA,NA,NA,NA,NA,NA,NA,NA,NA,NA,NA,NA,NA,NA,0.00,NA,NA,NA
2022-04-01 00:00:00,NA,NA,NA,NA,NA,NA,NA,NA,NA,NA,NA,NA,NA,NA,NA,NA,NA,NA,NA,NA,0.00,NA,NA,NA
2022-04-02 00:00:00,NA,NA,NA,NA,NA,NA,NA,NA,NA,NA,NA,NA,NA,NA,NA,NA,NA,NA,NA,NA,0.00,NA,NA,NA
2022-04-03 00:00:00,NA,NA,NA,NA,NA,NA,NA,NA,NA,NA,NA,NA,NA,NA,NA,NA,NA,NA,NA,NA,0.00,NA,NA,NA
2022-04-04 00:00:00,NA,NA,NA,NA,NA,NA,NA,NA,NA,NA,NA,NA,NA,NA,NA,NA,NA,NA,NA,NA,0.00,NA,NA,NA
2022-04-05 00:00:00,NA,NA,NA,NA,NA,NA,NA,NA,NA,NA,NA,NA,NA,NA,NA,NA,NA,NA,NA,NA,0.00,NA,NA,NA
2022-04-06 00:00:00,NA,NA,NA,NA,NA,NA,NA,NA,NA,NA,NA,NA,NA,NA,NA,NA,NA,NA,NA,NA,0.00,NA,NA,NA
2022-04-07 00:00:00,NA,NA,NA,NA,NA,NA,NA,NA,NA,NA,NA,NA,NA,NA,NA,NA,NA,NA,NA,NA,0.00,NA,NA,NA
2022-04-08 00:00:00,NA,NA,NA,NA,NA,NA,NA,NA,NA,NA,NA,NA,NA,NA,NA,NA,NA,NA,NA,NA,0.00,NA,NA,NA
2022-04-09 00:00:00,NA,NA,NA,NA,NA,NA,NA,NA,NA,NA,NA,NA,NA,NA,NA,NA,NA,NA,NA,NA,0.00,NA,NA,NA
2022-04-10 00:00:00,NA,NA,NA,NA,NA,NA,NA,NA,NA,NA,NA,NA,NA,NA,NA,NA,NA,NA,NA,NA,0.00,NA,NA,NA
2022-04-11 00:00:00,NA,NA,NA,NA,NA,NA,NA,NA,NA,NA,NA,NA,NA,NA,NA,NA,NA,NA,NA,NA,0.00,NA,NA,NA
2022-04-12 00:00:00,NA,NA,NA,NA,NA,NA,NA,NA,NA,NA,NA,NA,NA,NA,NA,NA,NA,NA,NA,NA,0.00,NA,NA,NA
2022-04-13 00:00:00,NA,NA,NA,NA,NA,NA,NA,NA,NA,NA,NA,NA,NA,NA,NA,NA,NA,NA,NA,NA,0.00,NA,NA,NA
2022-04-14 00:00:00,NA,NA,NA,NA,NA,NA,NA,NA,NA,NA,NA,NA,NA,NA,NA,NA,NA,NA,NA,NA,0.00,NA,NA,NA
2022-04-15 00:00:00,NA,NA,NA,NA,NA,NA,NA,NA,NA,NA,NA,NA,NA,NA,NA,NA,NA,NA,NA,NA,0.00,NA,NA,NA
2022-04-16 00:00:00,NA,NA,NA,NA,NA,NA,NA,NA,NA,NA,NA,NA,NA,NA,NA,NA,NA,NA,NA,NA,0.00,NA,NA,NA
2022-04-17 00:00:00,NA,NA,NA,NA,NA,NA,NA,NA,NA,NA,NA,NA,NA,NA,NA,NA,NA,NA,NA,NA,0.00,NA,NA,NA
2022-04-18 00:00:00,NA,NA,NA,NA,NA,NA,NA,NA,NA,NA,NA,NA,NA,NA,NA,NA,NA,NA,NA,NA,0.00,NA,NA,NA
2022-04-19 00:00:00,NA,NA,NA,NA,NA,NA,NA,NA,NA,NA,NA,NA,NA,NA,NA,NA,NA,NA,NA,NA,0.00,NA,NA,NA
2022-04-20 00:00:00,NA,NA,NA,NA,NA,NA,NA,NA,NA,NA,NA,NA,NA,NA,NA,NA,NA,NA,NA,NA,0.00,NA,NA,NA
2022-04-21 00:00:00,NA,NA,NA,NA,NA,NA,NA,NA,NA,NA,NA,NA,NA,NA,NA,NA,NA,NA,NA,NA,0.00,NA,NA,NA
2022-04-22 00:00:00,NA,NA,NA,NA,NA,NA,NA,NA,NA,NA,NA,NA,NA,NA,NA,NA,NA,NA,NA,NA,0.00,NA,NA,NA
2022-04-23 00:00:00,NA,NA,NA,NA,NA,NA,NA,NA,NA,NA,NA,NA,NA,NA,NA,NA,NA,NA,NA,NA,0.00,NA,NA,NA
2022-04-24 00:00:00,NA,NA,NA,NA,NA,NA,NA,NA,NA,NA,NA,NA,NA,NA,NA,NA,NA,NA,NA,NA,0.00,NA,NA,NA
2022-04-25 00:00:00,NA,NA,NA,NA,NA,NA,NA,NA,NA,NA,NA,NA,NA,NA,NA,NA,NA,NA,NA,NA,0.00,NA,NA,NA
2022-04-26 00:00:00,NA,NA,NA,NA,NA,NA,NA,NA,NA,NA,NA,NA,NA,NA,NA,NA,NA,NA,NA,NA,0.00,NA,NA,NA
2022-04-27 00:00:00,NA,NA,NA,NA,NA,NA,NA,NA,NA,NA,NA,NA,NA,NA,NA,NA,NA,NA,NA,NA,0.00,NA,NA,NA
2022-04-28 00:00:00,NA,NA,NA,NA,NA,NA,NA,NA,NA,NA,NA,NA,NA,NA,NA,NA,NA,NA,NA,NA,0.00,NA,NA,NA
2022-04-29 00:00:00,NA,NA,NA,NA,NA,NA,NA,NA,NA,NA,NA,NA,NA,NA,NA,NA,NA,NA,NA,NA,0.00,NA,NA,NA
2022-04-30 00:00:00,NA,NA,NA,NA,NA,NA,NA,NA,NA,NA,NA,NA,NA,NA,NA,NA,NA,NA,NA,NA,0.00,NA,NA,NA
2022-05-01 00:00:00,NA,NA,NA,NA,NA,NA,NA,NA,NA,NA,NA,NA,NA,NA,NA,NA,NA,NA,NA,NA,0.00,NA,NA,NA
2022-05-02 00:00:00,NA,NA,NA,NA,NA,NA,NA,NA,NA,NA,NA,NA,NA,NA,NA,NA,NA,NA,NA,NA,0.00,NA,NA,NA
2022-05-03 00:00:00,NA,NA,NA,NA,NA,NA,NA,NA,NA,NA,NA,NA,NA,NA,NA,NA,NA,NA,NA,NA,0.00,NA,NA,NA
2022-05-04 00:00:00,NA,NA,NA,NA,NA,NA,NA,NA,NA,NA,NA,NA,NA,NA,NA,NA,NA,NA,NA,NA,0.00,NA,NA,NA
2022-05-05 00:00:00,NA,NA,NA,NA,NA,NA,NA,NA,NA,NA,NA,NA,NA,NA,NA,NA,NA,NA,NA,NA,0.00,NA,NA,NA
2022-05-06 00:00:00,NA,NA,NA,NA,NA,NA,NA,NA,NA,NA,NA,NA,NA,NA,NA,NA,NA,NA,NA,NA,0.00,NA,NA,NA
2022-05-07 00:00:00,NA,NA,NA,NA,NA,NA,NA,NA,NA,NA,NA,NA,NA,NA,NA,NA,NA,NA,NA,NA,0.00,NA,NA,NA
2022-05-08 00:00:00,NA,NA,NA,NA,NA,NA,NA,NA,NA,NA,NA,NA,NA,NA,NA,NA,NA,NA,NA,NA,0.00,NA,NA,NA
2022-05-09 00:00:00,NA,NA,NA,NA,NA,NA,NA,NA,NA,NA,NA,NA,NA,NA,NA,NA,NA,NA,NA,NA,0.00,NA,NA,NA
2022-05-10 00:00:00,NA,NA,NA,NA,NA,NA,NA,NA,NA,NA,NA,NA,NA,NA,NA,NA,NA,NA,NA,NA,0.00,NA,NA,NA
2022-05-11 00:00:00,NA,NA,NA,NA,NA,NA,NA,NA,NA,NA,NA,NA,NA,NA,NA,NA,NA,NA,NA,NA,0.00,NA,NA,NA
2022-05-12 00:00:00,NA,NA,NA,NA,NA,NA,NA,NA,NA,NA,NA,NA,NA,NA,NA,NA,NA,NA,NA,NA,0.00,NA,NA,NA
2022-05-13 00:00:00,NA,NA,NA,NA,NA,NA,NA,NA,NA,NA,NA,NA,NA,NA,NA,NA,NA,NA,NA,NA,0.00,NA,NA,NA
2022-05-14 00:00:00,NA,NA,NA,NA,NA,NA,NA,NA,NA,NA,NA,NA,NA,NA,NA,NA,NA,NA,NA,NA,0.00,NA,NA,NA
2022-05-15 00:00:00,NA,NA,NA,NA,NA,NA,NA,NA,NA,NA,NA,NA,NA,NA,NA,NA,NA,NA,NA,NA,0.00,NA,NA,NA
2022-05-16 00:00:00,NA,NA,NA,NA,NA,NA,NA,NA,NA,NA,NA,NA,NA,NA,NA,NA,NA,NA,NA,NA,0.00,NA,NA,NA
2022-05-17 00:00:00,NA,NA,NA,NA,NA,NA,NA,NA,NA,NA,NA,NA,NA,NA,NA,NA,NA,NA,NA,NA,0.00,NA,NA,NA
2022-05-18 00:00:00,NA,NA,NA,NA,NA,NA,NA,NA,NA,NA,NA,NA,NA,NA,NA,NA,NA,NA,NA,NA,0.00,NA,NA,NA
2022-05-19 00:00:00,NA,NA,NA,NA,NA,NA,NA,NA,NA,NA,NA,NA,NA,NA,NA,NA,NA,NA,NA,NA,0.00,NA,NA,NA
2022-05-20 00:00:00,NA,NA,NA,NA,NA,NA,NA,NA,NA,NA,NA,NA,NA,NA,NA,NA,NA,NA,NA,NA,0.00,NA,NA,NA
2022-05-21 00:00:00,NA,NA,NA,NA,NA,NA,NA,NA,NA,NA,NA,NA,NA,NA,NA,NA,NA,NA,NA,NA,0.00,NA,NA,NA
2022-05-22 00:00:00,NA,NA,NA,NA,NA,NA,NA,NA,NA,NA,NA,NA,NA,NA,NA,NA,NA,NA,NA,NA,0.00,NA,NA,NA
2022-05-23 00:00:00,NA,NA,NA,NA,NA,NA,NA,NA,NA,NA,NA,NA,NA,NA,NA,NA,NA,NA,NA,NA,0.00,NA,NA,NA
2022-05-24 00:00:00,NA,NA,NA,NA,NA,NA,NA,NA,NA,NA,NA,NA,NA,NA,NA,NA,NA,NA,NA,NA,0.00,NA,NA,NA
2022-05-25 00:00:00,NA,NA,NA,NA,NA,NA,NA,NA,NA,NA,NA,NA,NA,NA,NA,NA,NA,NA,NA,NA,0.00,NA,NA,NA
2022-05-26 00:00:00,NA,NA,NA,NA,NA,NA,NA,NA,NA,NA,NA,NA,NA,NA,NA,NA,NA,NA,NA,NA,0.00,NA,NA,NA
2022-05-27 00:00:00,NA,NA,NA,NA,NA,NA,NA,NA,NA,NA,NA,NA,NA,NA,NA,NA,NA,NA,NA,NA,0.00,NA,NA,NA
2022-05-28 00:00:00,NA,NA,NA,NA,NA,NA,NA,NA,NA,NA,NA,NA,NA,NA,NA,NA,NA,NA,NA,NA,0.00,NA,NA,NA
2022-05-29 00:00:00,NA,NA,NA,NA,NA,NA,NA,NA,NA,NA,NA,NA,NA,NA,NA,NA,NA,NA,NA,NA,0.00,NA,NA,NA
2022-05-30 00:00:00,NA,NA,NA,NA,NA,NA,NA,NA,NA,NA,NA,NA,NA,NA,NA,NA,NA,NA,NA,NA,0.00,NA,NA,NA
2022-05-31 00:00:00,NA,NA,NA,NA,NA,NA,NA,NA,NA,NA,NA,NA,NA,NA,NA,NA,NA,NA,NA,NA,0.00,NA,NA,NA
2022-06-01 00:00:00,NA,NA,NA,NA,NA,NA,NA,NA,NA,NA,NA,NA,NA,NA,NA,NA,NA,NA,NA,NA,0.00,NA,NA,NA
2022-06-02 00:00:00,NA,NA,NA,NA,NA,NA,NA,NA,NA,NA,NA,NA,NA,NA,NA,NA,NA,NA,NA,NA,0.00,NA,NA,NA
2022-06-03 00:00:00,NA,NA,NA,NA,NA,NA,NA,NA,NA,NA,NA,NA,NA,NA,NA,NA,NA,NA,NA,NA,0.00,NA,NA,NA
2022-06-04 00:00:00,NA,NA,NA,NA,NA,NA,NA,NA,NA,NA,NA,NA,NA,NA,NA,NA,NA,NA,NA,NA,0.00,NA,NA,NA
2022-06-05 00:00:00,NA,NA,NA,NA,NA,NA,NA,NA,NA,NA,NA,NA,NA,NA,NA,NA,NA,NA,NA,NA,0.00,NA,NA,NA
2022-06-06 00:00:00,NA,NA,NA,NA,NA,NA,NA,NA,NA,NA,NA,NA,NA,NA,NA,NA,NA,NA,NA,NA,0.00,NA,NA,NA
2022-06-07 00:00:00,NA,NA,NA,NA,NA,NA,NA,NA,NA,NA,NA,NA,NA,NA,NA,NA,NA,NA,NA,NA,0.00,NA,NA,NA
2022-06-08 00:00:00,NA,NA,NA,NA,NA,NA,NA,NA,NA,NA,NA,NA,NA,NA,NA,NA,NA,NA,NA,NA,0.00,NA,NA,NA
2022-06-09 00:00:00,NA,NA,NA,NA,NA,NA,NA,NA,NA,NA,NA,NA,NA,NA,NA,NA,NA,NA,NA,NA,0.00,NA,NA,NA
2022-06-10 00:00:00,NA,NA,NA,NA,NA,NA,NA,NA,NA,NA,NA,NA,NA,NA,NA,NA,NA,NA,NA,NA,0.00,NA,NA,NA
2022-06-11 00:00:00,NA,NA,NA,NA,NA,NA,NA,NA,NA,NA,NA,NA,NA,NA,NA,NA,NA,NA,NA,NA,0.00,NA,NA,NA
2022-06-12 00:00:00,NA,NA,NA,NA,NA,NA,NA,NA,NA,NA,NA,NA,NA,NA,NA,NA,NA,NA,NA,NA,0.00,NA,NA,NA
2022-06-13 00:00:00,NA,NA,NA,NA,NA,NA,NA,NA,NA,NA,NA,NA,NA,NA,NA,NA,NA,NA,NA,NA,0.00,NA,NA,NA
2022-06-14 00:00:00,NA,NA,NA,NA,NA,NA,NA,NA,NA,NA,NA,NA,NA,NA,NA,NA,NA,NA,NA,NA,0.00,NA,NA,NA
2022-06-15 00:00:00,NA,NA,NA,NA,NA,NA,NA,NA,NA,NA,NA,NA,NA,NA,NA,NA,NA,NA,NA,NA,0.00,NA,NA,NA
2022-06-16 00:00:00,NA,NA,NA,NA,NA,NA,NA,NA,NA,NA,NA,NA,NA,NA,NA,NA,NA,NA,NA,NA,0.00,NA,NA,NA
2022-06-17 00:00:00,NA,NA,NA,NA,NA,NA,NA,NA,NA,NA,NA,NA,NA,NA,NA,NA,NA,NA,NA,NA,0.00,NA,NA,NA
2022-06-18 00:00:00,NA,NA,NA,NA,NA,NA,NA,NA,NA,NA,NA,NA,NA,NA,NA,NA,NA,NA,NA,NA,0.00,NA,NA,NA
2022-06-19 00:00:00,NA,NA,NA,NA,NA,NA,NA,NA,NA,NA,NA,NA,NA,NA,NA,NA,NA,NA,NA,NA,0.00,NA,NA,NA
2022-06-20 00:00:00,NA,NA,NA,NA,NA,NA,NA,NA,NA,NA,NA,NA,NA,NA,NA,NA,NA,NA,NA,NA,0.00,NA,NA,NA
2022-06-21 00:00:00,NA,NA,NA,NA,NA,NA,NA,NA,NA,NA,NA,NA,NA,NA,NA,NA,NA,NA,NA,NA,0.00,NA,NA,NA
2022-06-22 00:00:00,NA,NA,NA,NA,NA,NA,NA,NA,NA,NA,NA,NA,NA,NA,NA,NA,NA,NA,NA,NA,0.00,NA,NA,NA
2022-06-23 00:00:00,NA,NA,NA,NA,NA,NA,NA,NA,NA,NA,NA,NA,NA,NA,NA,NA,NA,NA,NA,NA,0.00,NA,NA,NA
2022-06-24 00:00:00,NA,NA,NA,NA,NA,NA,NA,NA,NA,NA,NA,NA,NA,NA,NA,NA,NA,NA,NA,NA,0.00,NA,NA,NA
2022-06-25 00:00:00,NA,NA,NA,NA,NA,NA,NA,NA,NA,NA,NA,NA,NA,NA,NA,NA,NA,NA,NA,NA,0.00,NA,NA,NA
2022-06-26 00:00:00,NA,NA,NA,NA,NA,NA,NA,NA,NA,NA,NA,NA,NA,NA,NA,NA,NA,NA,NA,NA,0.00,NA,NA,NA
2022-06-27 00:00:00,NA,NA,NA,NA,NA,NA,NA,NA,NA,NA,NA,NA,NA,NA,NA,NA,NA,NA,NA,NA,0.00,NA,NA,NA
2022-06-28 00:00:00,NA,NA,NA,NA,NA,NA,NA,NA,NA,NA,NA,NA,NA,NA,NA,NA,NA,NA,NA,NA,0.00,NA,NA,NA
2022-06-29 00:00:00,NA,NA,NA,NA,NA,NA,NA,NA,NA,NA,NA,NA,NA,NA,NA,NA,NA,NA,NA,NA,0.00,NA,NA,NA
2022-06-30 00:00:00,NA,NA,NA,NA,NA,NA,NA,NA,NA,NA,NA,NA,NA,NA,NA,NA,NA,NA,NA,NA,0.00,NA,NA,NA
2022-07-01 00:00:00,NA,NA,NA,NA,NA,NA,NA,NA,NA,NA,NA,NA,NA,NA,NA,NA,NA,NA,NA,NA,0.00,NA,NA,NA
2022-07-02 00:00:00,NA,NA,NA,NA,NA,NA,NA,NA,NA,NA,NA,NA,NA,NA,NA,NA,NA,NA,NA,NA,0.00,NA,NA,NA
2022-07-03 00:00:00,NA,NA,NA,NA,NA,NA,NA,NA,NA,NA,NA,NA,NA,NA,NA,NA,NA,NA,NA,NA,0.00,NA,NA,NA
2022-07-04 00:00:00,NA,NA,NA,NA,NA,NA,NA,NA,NA,NA,NA,NA,NA,NA,NA,NA,NA,NA,NA,NA,0.00,NA,NA,NA
2022-07-05 00:00:00,NA,NA,NA,NA,NA,NA,NA,NA,NA,NA,NA,NA,NA,NA,NA,NA,NA,NA,NA,NA,0.00,NA,NA,NA
2022-07-06 00:00:00,NA,NA,NA,NA,NA,NA,NA,NA,NA,NA,NA,NA,NA,NA,NA,NA,NA,NA,NA,NA,0.00,NA,NA,NA
2022-07-07 00:00:00,NA,NA,NA,NA,NA,NA,NA,NA,NA,NA,NA,NA,NA,NA,NA,NA,NA,NA,NA,NA,0.00,NA,NA,NA
2022-07-08 00:00:00,NA,NA,NA,NA,NA,NA,NA,NA,NA,NA,NA,NA,NA,NA,NA,NA,NA,NA,NA,NA,0.00,NA,NA,NA
2022-07-09 00:00:00,NA,NA,NA,NA,NA,NA,NA,NA,NA,NA,NA,NA,NA,NA,NA,NA,NA,NA,NA,NA,0.00,NA,NA,NA
2022-07-10 00:00:00,NA,NA,NA,NA,NA,NA,NA,NA,NA,NA,NA,NA,NA,NA,NA,NA,NA,NA,NA,NA,0.00,NA,NA,NA
2022-07-11 00:00:00,NA,NA,NA,NA,NA,NA,NA,NA,NA,NA,NA,NA,NA,NA,NA,NA,NA,NA,NA,NA,0.00,NA,NA,NA
2022-07-12 00:00:00,NA,NA,NA,NA,NA,NA,NA,NA,NA,NA,NA,NA,NA,NA,NA,NA,NA,NA,NA,NA,0.00,NA,NA,NA
2022-07-13 00:00:00,NA,NA,NA,NA,NA,NA,NA,NA,NA,NA,NA,NA,NA,NA,NA,NA,NA,NA,NA,NA,0.00,NA,NA,NA
2022-07-14 00:00:00,NA,NA,NA,NA,NA,NA,NA,NA,NA,NA,NA,NA,NA,NA,NA,NA,NA,NA,NA,NA,0.00,NA,NA,NA
2022-07-15 00:00:00,NA,NA,NA,NA,NA,NA,NA,NA,NA,NA,NA,NA,NA,NA,NA,NA,NA,NA,NA,NA,0.00,NA,NA,NA
2022-07-16 00:00:00,NA,NA,NA,NA,NA,NA,NA,NA,NA,NA,NA,NA,NA,NA,NA,NA,NA,NA,NA,NA,0.00,NA,NA,NA
2022-07-17 00:00:00,NA,NA,NA,NA,NA,NA,NA,NA,NA,NA,NA,NA,NA,NA,NA,NA,NA,NA,NA,NA,0.00,NA,NA,NA
2022-07-18 00:00:00,NA,NA,NA,NA,NA,NA,NA,NA,NA,NA,NA,NA,NA,NA,NA,NA,NA,NA,NA,NA,0.00,NA,NA,NA
2022-07-19 00:00:00,NA,NA,NA,NA,NA,NA,NA,NA,NA,NA,NA,NA,NA,NA,NA,NA,NA,NA,NA,NA,0.00,NA,NA,NA
2022-07-20 00:00:00,NA,NA,NA,NA,NA,NA,NA,NA,NA,NA,NA,NA,NA,NA,NA,NA,NA,NA,NA,NA,0.00,NA,NA,NA
2022-07-21 00:00:00,NA,NA,NA,NA,NA,NA,NA,NA,NA,NA,NA,NA,NA,NA,NA,NA,NA,NA,NA,NA,0.00,NA,NA,NA
2022-07-22 00:00:00,NA,NA,NA,NA,NA,NA,NA,NA,NA,NA,NA,NA,NA,NA,NA,NA,NA,NA,NA,NA,0.00,NA,NA,NA
2022-07-23 00:00:00,NA,NA,NA,NA,NA,NA,NA,NA,NA,NA,NA,NA,NA,NA,NA,NA,NA,NA,NA,NA,0.00,NA,NA,NA
2022-07-24 00:00:00,NA,NA,NA,NA,NA,NA,NA,NA,NA,NA,NA,NA,NA,NA,NA,NA,NA,NA,NA,NA,0.00,NA,NA,NA
2022-07-25 00:00:00,NA,NA,NA,NA,NA,NA,NA,NA,NA,NA,NA,NA,NA,NA,NA,NA,NA,NA,NA,NA,0.00,NA,NA,NA
2022-07-26 00:00:00,NA,NA,NA,NA,NA,NA,NA,NA,NA,NA,NA,NA,NA,NA,NA,NA,NA,NA,NA,NA,0.00,NA,NA,NA
2022-07-27 00:00:00,NA,NA,NA,NA,NA,NA,NA,NA,NA,NA,NA,NA,NA,NA,NA,NA,NA,NA,NA,NA,0.00,NA,NA,NA
2022-07-28 00:00:00,NA,NA,NA,NA,NA,NA,NA,NA,NA,NA,NA,NA,NA,NA,NA,NA,NA,NA,NA,NA,0.00,NA,NA,NA
2022-07-29 00:00:00,NA,NA,NA,NA,NA,NA,NA,NA,NA,NA,NA,NA,NA,NA,NA,NA,NA,NA,NA,NA,0.00,NA,NA,NA
2022-07-30 00:00:00,NA,NA,NA,NA,NA,NA,NA,NA,NA,NA,NA,NA,NA,NA,NA,NA,NA,NA,NA,NA,0.00,NA,NA,NA
2022-07-31 00:00:00,NA,NA,NA,NA,NA,NA,NA,NA,NA,NA,NA,NA,NA,NA,NA,NA,NA,NA,NA,NA,0.00,NA,NA,NA
2022-08-01 00:00:00,NA,NA,NA,NA,NA,NA,NA,NA,NA,NA,NA,NA,NA,NA,NA,NA,NA,NA,NA,NA,0.00,NA,NA,NA
2022-08-02 00:00:00,NA,NA,NA,NA,NA,NA,NA,NA,NA,NA,NA,NA,NA,NA,NA,NA,NA,NA,NA,NA,0.00,NA,NA,NA
2022-08-03 00:00:00,NA,NA,NA,NA,NA,NA,NA,NA,NA,NA,NA,NA,NA,NA,NA,NA,NA,NA,NA,NA,0.00,NA,NA,NA
2022-08-04 00:00:00,NA,NA,NA,NA,NA,NA,NA,NA,NA,NA,NA,NA,NA,NA,NA,NA,NA,NA,NA,NA,0.00,NA,NA,NA
2022-08-05 00:00:00,NA,NA,NA,NA,NA,NA,NA,NA,NA,NA,NA,NA,NA,NA,NA,NA,NA,NA,NA,NA,0.00,NA,NA,NA
2022-08-06 00:00:00,NA,NA,NA,NA,NA,NA,NA,NA,NA,NA,NA,NA,NA,NA,NA,NA,NA,NA,NA,NA,0.00,NA,NA,NA
2022-08-07 00:00:00,NA,NA,NA,NA,NA,NA,NA,NA,NA,NA,NA,NA,NA,NA,NA,NA,NA,NA,NA,NA,0.00,NA,NA,NA
2022-08-08 00:00:00,20.56,91.55,24.12,22.09,31.36,31.85,29.59,1.03,5.51,NA,NA,NA,NA,NA,NA,31.06,NA,1.79,246.18,NA,0.00,19.13,999.06,NA
2022-08-09 00:00:00,16.45,67.94,11.70,19.36,19.81,22.38,30.04,0.77,5.49,NA,NA,NA,NA,NA,NA,32.00,NA,3.27,237.90,NA,0.00,202.62,999.31,NA
2022-08-10 00:00:00,15.35,89.69,14.78,23.27,24.39,26.33,30.52,0.57,5.70,NA,NA,NA,NA,NA,NA,31.84,NA,3.16,222.47,NA,0.00,231.18,999.45,NA
2022-08-11 00:00:00,20.44,77.92,16.22,26.08,27.06,26.99,31.96,0.70,6.31,NA,NA,NA,NA,NA,NA,31.09,NA,2.59,215.71,NA,0.00,201.50,NA,NA
2022-08-12 00:00:00,19.51,66.26,14.07,22.21,23.26,23.51,32.86,0.71,5.30,NA,NA,NA,NA,NA,NA,32.14,NA,2.33,220.64,NA,0.00,217.91,NA,NA
2022-08-13 00:00:00,15.17,56.61,13.39,19.12,21.05,21.45,34.14,0.56,5.12,NA,NA,NA,NA,NA,NA,31.72,NA,2.01,194.12,NA,0.00,239.46,NA,NA
2022-08-14 00:00:00,15.41,60.51,16.36,23.21,25.64,17.77,33.51,0.84,NA,NA,NA,NA,NA,NA,NA,31.14,NA,1.74,208.46,NA,0.00,180.53,NA,NA
2022-08-15 00:00:00,19.78,66.19,12.49,22.19,21.96,20.55,30.36,0.92,NA,NA,NA,NA,NA,NA,NA,31.41,NA,1.39,171.44,NA,0.00,172.06,NA,NA
2022-08-16 00:00:00,21.81,80.96,19.01,20.02,26.10,24.81,31.18,0.73,5.44,NA,NA,NA,NA,NA,NA,30.80,NA,1.72,173.25,NA,0.00,205.81,NA,NA
2022-08-17 00:00:00,22.32,78.45,20.12,29.19,31.89,30.30,31.65,0.72,5.64,NA,NA,NA,NA,NA,NA,30.72,NA,1.94,180.43,NA,0.00,234.98,1005.99,NA
2022-08-18 00:00:00,24.87,70.14,14.77,35.20,30.73,30.14,32.00,0.64,5.48,NA,NA,NA,NA,NA,NA,30.37,NA,1.80,188.98,NA,0.00,217.20,1005.62,NA
2022-08-19 00:00:00,20.59,57.69,11.74,22.88,21.72,22.58,31.93,0.51,5.51,NA,NA,NA,NA,NA,NA,31.06,NA,2.07,192.15,NA,0.00,199.95,1005.18,NA
2022-08-20 00:00:00,26.68,116.77,18.40,34.49,33.30,30.89,33.17,0.63,5.65,NA,NA,NA,NA,NA,NA,32.76,NA,1.65,170.25,NA,0.00,289.47,1004.19,NA
2022-08-21 00:00:00,26.75,85.36,17.48,28.94,29.61,27.53,32.78,0.37,5.61,NA,NA,NA,NA,NA,NA,31.21,NA,1.91,198.11,NA,0.00,205.61,1004.65,NA
2022-08-22 00:00:00,15.54,61.71,14.00,21.32,22.72,22.23,31.27,0.39,5.56,NA,NA,NA,NA,NA,NA,30.48,NA,2.25,187.91,NA,0.00,234.88,1004.17,NA
2022-08-23 00:00:00,14.47,45.71,12.90,24.88,23.72,22.73,33.01,0.38,5.64,NA,NA,NA,NA,NA,NA,30.09,NA,2.23,187.10,NA,0.00,183.45,1004.65,NA
2022-08-24 00:00:00,17.35,63.48,19.52,26.51,29.98,29.69,30.82,0.61,5.53,NA,NA,NA,NA,NA,NA,29.85,NA,1.61,216.90,NA,0.00,187.45,1006.56,NA
2022-08-25 00:00:00,22.10,71.62,17.43,28.95,29.57,28.82,32.02,0.30,5.63,NA,NA,NA,NA,NA,NA,30.49,NA,1.73,221.72,NA,0.00,246.55,1005.56,NA
2022-08-26 00:00:00,19.91,57.15,17.48,22.16,26.00,24.95,32.90,0.53,5.65,NA,NA,NA,NA,NA,NA,29.93,NA,1.34,198.79,NA,0.00,208.06,1005.09,NA
2022-08-27 00:00:00,22.42,38.52,12.76,26.46,24.45,24.68,30.16,0.52,5.64,NA,NA,NA,NA,NA,NA,28.59,NA,1.83,204.00,NA,0.00,195.55,1005.05,NA
2022-08-28 00:00:00,24.13,56.27,16.35,22.61,25.31,24.72,28.94,0.52,5.62,NA,NA,NA,NA,NA,NA,28.96,NA,1.46,225.38,NA,0.00,211.41,1004.80,NA
2022-08-29 00:00:00,29.11,52.94,14.88,24.99,25.40,24.16,29.22,0.40,5.60,NA,NA,NA,NA,NA,NA,29.66,NA,1.46,164.25,NA,0.00,233.55,1006.27,NA
2022-08-30 00:00:00,33.38,68.94,23.77,17.01,28.37,26.14,29.98,0.58,5.64,NA,NA,NA,NA,NA,NA,30.48,NA,1.34,143.20,NA,0.00,253.00,1007.21,NA
2022-08-31 00:00:00,19.01,50.02,28.03,11.92,29.13,27.67,29.31,0.39,5.65,NA,NA,NA,NA,NA,NA,29.55,NA,1.07,158.48,NA,0.00,178.90,1006.72,NA
2022-09-01 00:00:00,23.97,51.97,36.88,23.27,42.36,39.96,30.53,0.39,5.61,NA,NA,NA,NA,NA,NA,26.96,NA,0.86,225.49,NA,0.00,62.21,1006.78,NA
2022-09-02 00:00:00,31.52,62.48,24.49,19.71,30.40,27.86,33.20,0.27,5.57,NA,NA,NA,NA,NA,NA,29.17,NA,1.40,180.12,NA,0.00,254.37,1007.39,NA
2022-09-03 00:00:00,36.96,86.09,18.14,23.67,27.34,25.75,30.08,0.43,5.65,NA,NA,NA,NA,NA,NA,30.16,NA,1.46,178.83,NA,0.00,208.94,1007.08,NA
2022-09-04 00:00:00,28.36,87.65,17.72,21.22,25.70,24.68,31.58,0.34,5.63,NA,NA,NA,NA,NA,NA,30.89,NA,1.68,170.42,NA,0.00,238.89,1006.28,NA
2022-09-05 00:00:00,15.76,33.88,12.71,13.52,17.52,19.13,30.77,0.37,5.77,NA,NA,NA,NA,NA,NA,29.01,NA,1.64,211.87,NA,0.00,61.11,1006.88,NA
2022-09-06 00:00:00,28.77,67.10,20.33,24.11,29.35,28.29,32.31,0.68,5.77,NA,NA,NA,NA,NA,NA,30.98,NA,1.63,178.17,NA,0.00,249.61,1005.43,NA
2022-09-07 00:00:00,27.29,62.93,18.14,30.64,31.05,30.68,30.71,0.42,5.56,NA,NA,NA,NA,NA,NA,29.08,NA,1.49,200.01,NA,0.00,116.90,1005.55,NA
2022-09-08 00:00:00,23.81,59.09,35.30,29.13,44.19,43.87,27.94,0.62,5.52,NA,NA,NA,NA,NA,NA,28.10,NA,1.55,236.57,NA,0.00,46.10,1005.29,NA
2022-09-09 00:00:00,28.56,68.08,29.62,23.33,36.49,37.48,27.02,0.50,5.46,NA,NA,NA,NA,NA,NA,29.67,NA,1.60,208.93,NA,0.00,167.51,1004.45,NA
2022-09-10 00:00:00,24.90,65.92,29.71,25.79,37.30,36.68,31.65,0.48,5.52,NA,NA,NA,NA,NA,NA,29.86,NA,2.02,226.76,NA,0.00,131.80,1004.55,NA
2022-09-11 00:00:00,23.82,65.31,22.75,24.43,31.49,31.75,28.22,1.00,5.52,NA,NA,NA,NA,NA,NA,30.91,NA,3.16,212.34,NA,0.00,154.49,1003.90,NA
2022-09-12 00:00:00,30.27,87.34,17.18,21.59,25.45,24.34,29.62,0.84,5.51,NA,NA,NA,NA,NA,NA,30.79,NA,2.32,188.52,NA,0.00,242.79,1004.27,NA
2022-09-13 00:00:00,29.30,83.51,17.54,25.70,27.94,26.13,30.17,0.61,5.52,NA,NA,NA,NA,NA,NA,30.83,NA,1.93,176.91,NA,0.00,252.74,1006.72,NA
2022-09-14 00:00:00,27.16,79.33,17.48,26.46,28.29,24.96,30.67,0.40,5.48,NA,NA,NA,NA,NA,NA,30.64,NA,2.00,184.05,NA,0.00,211.05,1008.85,NA
2022-09-15 00:00:00,27.03,78.35,16.33,24.93,26.54,24.89,28.52,0.41,10.81,NA,NA,NA,NA,NA,NA,30.04,NA,1.35,176.80,NA,0.00,104.00,1009.62,NA
2022-09-16 00:00:00,29.65,74.94,24.01,25.41,33.04,28.60,29.29,0.34,5.68,NA,NA,NA,NA,NA,NA,30.10,NA,1.67,200.11,NA,0.00,235.40,1007.34,NA
2022-09-17 00:00:00,31.68,76.92,16.45,28.12,28.33,24.00,30.94,0.40,5.58,NA,NA,NA,NA,NA,NA,30.99,NA,1.87,185.88,NA,0.00,241.99,1006.86,NA
2022-09-18 00:00:00,25.41,65.83,14.31,24.21,24.51,20.98,31.31,0.36,5.77,NA,NA,NA,NA,NA,NA,30.98,NA,1.64,189.96,NA,0.00,226.55,1007.19,NA
2022-09-19 00:00:00,27.51,66.35,14.79,20.72,23.04,20.06,31.82,0.47,5.72,NA,NA,NA,NA,NA,NA,30.32,NA,1.84,208.51,NA,0.00,167.42,1006.91,NA
2022-09-20 00:00:00,25.64,73.60,19.84,27.18,30.59,25.41,30.49,0.37,5.69,NA,NA,NA,NA,NA,NA,30.47,NA,1.94,230.57,NA,0.00,200.73,1006.37,NA
2022-09-21 00:00:00,32.55,95.65,15.93,27.23,27.44,21.07,31.74,0.36,5.80,NA,NA,NA,NA,NA,NA,30.74,NA,1.70,190.65,NA,0.00,251.81,1006.42,NA
2022-09-22 00:00:00,22.87,63.67,12.52,21.55,21.64,14.59,33.30,0.32,5.88,NA,NA,NA,NA,NA,NA,31.42,NA,1.82,165.30,NA,0.00,206.05,1006.70,NA
2022-09-23 00:00:00,29.02,75.66,14.80,23.46,24.51,16.79,34.50,0.40,5.82,NA,NA,NA,NA,NA,NA,31.40,NA,1.43,159.29,NA,0.00,218.73,1007.57,NA
2022-09-24 00:00:00,29.59,77.02,16.14,26.19,27.05,19.51,34.44,0.36,5.44,NA,NA,NA,NA,NA,NA,31.07,NA,1.36,174.68,NA,0.00,182.23,1006.91,NA
2022-09-25 00:00:00,31.80,71.00,15.27,22.17,24.21,17.09,35.25,0.29,5.78,NA,NA,NA,NA,NA,NA,31.03,NA,1.46,165.36,NA,0.00,230.57,1006.10,NA
2022-09-26 00:00:00,46.33,88.04,37.02,48.16,55.71,37.17,36.05,0.54,5.69,NA,NA,NA,NA,NA,NA,29.35,NA,0.99,195.96,NA,0.00,108.14,1007.04,NA
2022-09-27 00:00:00,30.87,65.30,28.02,23.39,34.63,28.14,32.01,0.80,5.71,NA,NA,NA,NA,NA,NA,29.51,NA,1.17,190.26,NA,0.00,122.06,1006.56,NA
2022-09-28 00:00:00,48.17,92.93,14.05,39.22,32.29,36.20,21.54,1.01,5.69,NA,NA,NA,NA,NA,NA,29.05,NA,1.38,190.19,NA,0.00,125.09,1005.01,NA
2022-09-29 00:00:00,32.78,67.24,8.94,24.45,20.27,25.84,20.84,0.36,5.78,NA,NA,NA,NA,NA,NA,29.11,NA,1.33,203.75,NA,0.00,75.90,1004.75,NA
2022-09-30 00:00:00,28.13,68.26,13.64,21.99,22.78,26.74,21.21,0.40,5.84,NA,NA,NA,NA,NA,NA,28.81,NA,1.10,226.11,NA,0.00,71.41,1005.27,NA
2022-10-01 00:00:00,33.93,79.59,7.96,24.76,19.64,24.63,21.14,0.17,5.78,NA,NA,NA,NA,NA,NA,29.42,NA,1.72,263.67,NA,0.00,155.17,1005.06,NA
2022-10-02 00:00:00,34.93,72.81,6.19,20.95,16.18,20.92,21.90,0.21,5.79,NA,NA,NA,NA,NA,NA,29.19,NA,1.51,268.87,NA,0.00,85.85,1004.57,NA
2022-10-03 00:00:00,42.56,95.69,8.40,24.41,19.81,24.82,21.33,0.40,5.69,NA,NA,NA,NA,NA,NA,30.13,NA,1.31,260.96,NA,0.00,132.73,1004.17,NA
2022-10-04 00:00:00,45.06,95.30,6.54,23.99,18.08,22.92,21.11,0.16,5.78,NA,NA,NA,NA,NA,NA,30.42,NA,1.21,205.39,NA,0.00,122.10,1004.36,NA
2022-10-05 00:00:00,64.55,97.50,18.52,27.65,29.76,34.16,20.99,0.35,5.86,NA,NA,NA,NA,NA,NA,27.82,NA,0.66,202.17,NA,0.00,10.71,1005.04,NA
2022-10-06 00:00:00,44.83,79.63,9.41,30.56,23.91,28.13,21.58,0.22,5.93,NA,NA,NA,NA,NA,NA,28.09,NA,1.75,198.94,NA,0.00,149.07,1005.04,NA
2022-10-07 00:00:00,34.68,60.61,11.98,13.54,16.54,22.88,23.30,0.66,5.78,NA,NA,NA,NA,NA,NA,26.95,NA,1.62,126.23,NA,0.00,11.26,1006.59,NA
2022-10-08 00:00:00,60.97,101.62,35.83,11.93,35.47,36.55,25.95,0.36,5.72,NA,NA,NA,NA,NA,NA,28.19,NA,0.75,222.98,NA,0.00,195.98,1008.12,NA
2022-10-09 00:00:00,11.50,10.03,41.65,3.54,32.38,20.25,39.09,0.30,5.87,NA,NA,NA,NA,NA,NA,28.41,NA,0.98,86.69,NA,0.00,0.22,1009.06,NA
2022-10-10 00:00:00,13.87,28.27,30.32,9.67,27.31,27.04,17.32,0.82,5.53,NA,NA,NA,NA,NA,NA,28.90,NA,1.45,156.67,NA,0.00,106.61,1008.96,NA
2022-10-11 00:00:00,20.93,69.71,17.29,15.17,20.93,31.35,14.08,0.45,5.62,NA,NA,NA,NA,NA,NA,29.95,NA,1.40,145.83,NA,0.00,201.67,1009.50,NA
2022-10-12 00:00:00,20.35,69.82,18.00,23.62,27.19,33.64,NA,0.59,5.65,NA,NA,NA,NA,NA,NA,31.06,NA,1.60,143.86,NA,0.00,336.99,1009.78,NA
2022-10-13 00:00:00,17.47,46.38,14.92,13.56,19.34,20.21,18.31,0.36,5.67,NA,NA,NA,NA,NA,NA,30.07,NA,1.44,145.75,NA,0.00,237.43,1009.29,NA
2022-10-14 00:00:00,19.62,50.99,14.34,9.94,16.94,4.42,16.80,0.24,5.60,NA,NA,NA,NA,NA,NA,28.88,NA,1.21,150.08,NA,0.00,97.16,1008.43,NA
2022-10-15 00:00:00,21.25,55.82,14.03,10.76,17.13,4.51,15.50,0.36,5.53,NA,NA,NA,NA,NA,NA,29.22,NA,1.34,151.46,NA,0.00,225.88,1007.47,NA
2022-10-16 00:00:00,6.08,16.90,10.96,9.76,14.10,4.16,26.62,0.44,5.46,NA,NA,NA,NA,NA,NA,29.27,NA,1.76,106.99,NA,0.00,0.00,1009.89,NA
2022-10-17 00:00:00,10.86,30.73,18.94,7.37,19.32,4.85,38.46,0.51,5.85,NA,NA,NA,NA,NA,NA,29.84,NA,1.38,129.88,NA,0.00,208.08,1011.12,NA
2022-10-18 00:00:00,18.86,49.78,19.02,8.80,20.15,4.90,38.34,0.28,5.55,NA,NA,NA,NA,NA,NA,30.12,NA,1.14,151.95,NA,0.00,221.86,1010.39,NA
2022-10-19 00:00:00,28.80,51.89,5.92,13.71,12.10,3.80,38.22,0.40,5.65,NA,NA,NA,NA,NA,NA,30.15,NA,1.40,131.89,NA,0.00,213.01,1009.70,NA
2022-10-20 00:00:00,20.76,48.91,4.23,15.37,11.61,3.68,38.10,0.13,5.64,NA,NA,NA,NA,NA,NA,30.20,NA,1.51,114.36,NA,0.00,236.78,1010.27,NA
2022-10-21 00:00:00,19.84,38.81,3.51,14.92,10.79,3.59,37.96,0.05,5.65,NA,NA,NA,NA,NA,NA,29.73,70.13,1.61,101.17,NA,0.00,223.83,1011.43,NA
2022-10-22 00:00:00,46.14,80.54,2.72,21.67,13.73,4.04,37.82,0.14,5.63,NA,NA,NA,NA,NA,NA,28.55,NA,1.92,136.06,NA,0.00,134.11,1011.54,NA
2022-10-23 00:00:00,72.48,152.81,2.17,27.00,16.10,4.46,37.76,0.11,5.62,NA,NA,NA,NA,NA,NA,29.57,NA,1.54,183.79,NA,0.00,218.51,1010.15,NA
2022-10-24 00:00:00,70.88,156.06,25.87,29.13,36.52,7.58,37.70,0.33,5.64,NA,NA,NA,NA,NA,NA,29.32,NA,0.98,230.53,NA,0.00,229.43,1009.07,NA
2022-10-25 00:00:00,103.19,212.58,9.72,27.66,22.61,5.31,37.47,0.13,5.64,NA,NA,NA,NA,NA,NA,29.13,NA,1.37,171.88,NA,0.00,233.88,1010.12,NA
2022-10-26 00:00:00,54.13,126.03,4.00,25.80,16.97,4.36,37.38,0.08,5.66,NA,NA,NA,NA,NA,NA,29.12,NA,1.22,151.09,NA,0.00,237.57,1011.81,NA
2022-10-27 00:00:00,43.93,80.57,7.32,29.04,21.39,5.16,37.40,0.31,5.62,NA,NA,NA,NA,NA,NA,26.87,NA,1.37,156.45,NA,0.00,82.29,1011.10,NA
2022-10-28 00:00:00,21.04,32.22,8.11,13.88,13.18,3.60,39.69,0.19,5.62,NA,NA,NA,NA,NA,NA,29.15,NA,1.71,80.29,NA,0.00,119.60,1010.86,NA
2022-10-29 00:00:00,23.12,45.38,2.98,10.85,8.19,3.05,40.19,0.08,5.62,NA,NA,NA,NA,NA,NA,29.89,NA,2.03,65.35,NA,0.00,153.94,1010.29,NA
2022-10-30 00:00:00,45.34,78.55,3.01,18.26,12.16,3.29,42.09,0.07,5.64,NA,NA,NA,NA,NA,NA,29.53,NA,2.51,55.61,NA,0.00,184.38,1010.54,NA
2022-10-31 00:00:00,52.30,77.48,5.27,22.26,16.13,3.69,43.40,0.06,5.67,NA,NA,NA,NA,NA,NA,25.86,NA,1.54,197.61,NA,0.00,45.48,1010.41,NA
2022-11-01 00:00:00,12.09,20.82,16.49,16.75,22.32,4.76,41.81,0.31,5.56,NA,NA,NA,NA,NA,NA,24.17,NA,1.09,173.08,NA,0.00,16.21,1010.98,NA
2022-11-02 00:00:00,11.81,21.19,15.83,13.93,20.27,4.76,41.46,0.28,5.65,NA,NA,NA,NA,NA,NA,25.20,NA,1.19,158.24,NA,0.00,54.48,1010.64,NA
2022-11-03 00:00:00,13.61,47.42,13.96,14.24,18.92,4.62,42.06,0.23,5.54,NA,NA,NA,NA,NA,NA,26.77,73.16,1.41,232.64,NA,0.00,233.13,1010.21,NA
2022-11-04 00:00:00,NA,NA,NA,NA,NA,NA,NA,NA,NA,NA,NA,NA,NA,NA,NA,NA,NA,NA,NA,NA,0.00,NA,NA,NA
2022-11-05 00:00:00,NA,NA,NA,NA,NA,NA,NA,NA,NA,NA,NA,NA,NA,NA,NA,NA,NA,NA,NA,NA,0.00,NA,NA,NA
2022-11-06 00:00:00,NA,NA,NA,NA,NA,NA,NA,NA,NA,NA,NA,NA,NA,NA,NA,NA,NA,NA,NA,NA,0.00,NA,NA,NA
2022-11-07 00:00:00,NA,NA,NA,NA,NA,NA,NA,NA,NA,NA,NA,NA,NA,NA,NA,NA,NA,NA,NA,NA,0.00,NA,NA,NA
2022-11-08 00:00:00,NA,NA,NA,NA,NA,NA,NA,NA,NA,NA,NA,NA,NA,NA,NA,NA,NA,NA,NA,NA,0.00,NA,NA,NA
2022-11-09 00:00:00,NA,NA,NA,NA,NA,NA,NA,NA,NA,NA,NA,NA,NA,NA,NA,NA,NA,NA,NA,NA,0.00,NA,NA,NA
2022-11-10 00:00:00,NA,NA,NA,NA,NA,NA,NA,NA,NA,NA,NA,NA,NA,NA,NA,NA,NA,NA,NA,NA,0.00,NA,NA,NA
2022-11-11 00:00:00,NA,NA,NA,NA,NA,NA,NA,NA,NA,NA,NA,NA,NA,NA,NA,NA,NA,NA,NA,NA,0.00,NA,NA,NA
2022-11-12 00:00:00,NA,NA,NA,NA,NA,NA,NA,NA,NA,NA,NA,NA,NA,NA,NA,NA,NA,NA,NA,NA,0.00,NA,NA,NA
2022-11-13 00:00:00,NA,NA,NA,NA,NA,NA,NA,NA,NA,NA,NA,NA,NA,NA,NA,NA,NA,NA,NA,NA,0.00,NA,NA,NA
2022-11-14 00:00:00,44.93,71.10,17.86,10.12,18.44,4.37,57.81,0.36,5.70,NA,NA,NA,NA,NA,NA,27.19,NA,1.49,102.24,NA,0.00,0.43,1012.83,NA
2022-11-15 00:00:00,63.00,85.00,21.46,19.58,27.85,5.31,50.35,0.37,5.26,NA,NA,NA,NA,NA,NA,27.96,NA,2.42,264.85,NA,0.00,549.11,1015.05,NA
2022-11-16 00:00:00,NA,NA,NA,NA,NA,NA,NA,NA,NA,NA,NA,NA,NA,NA,NA,NA,NA,NA,NA,NA,0.00,NA,NA,NA
2022-11-17 00:00:00,72.73,267.18,36.07,24.14,38.75,6.33,68.66,0.51,5.72,NA,NA,NA,NA,NA,NA,26.42,NA,0.73,195.51,NA,0.00,0.00,1011.93,NA
2022-11-18 00:00:00,73.19,178.20,6.04,22.71,16.99,4.76,48.15,0.29,5.56,NA,NA,NA,NA,NA,NA,26.56,NA,1.58,188.61,NA,0.00,141.32,1011.01,NA
2022-11-19 00:00:00,54.46,159.37,4.16,25.61,17.00,4.65,43.97,0.38,5.48,NA,NA,NA,NA,NA,NA,26.85,NA,1.79,172.05,NA,0.00,157.11,1010.89,NA
2022-11-20 00:00:00,NA,NA,NA,NA,NA,NA,NA,NA,NA,NA,NA,NA,NA,NA,NA,NA,NA,NA,NA,NA,0.00,NA,NA,NA
2022-11-21 00:00:00,43.97,75.77,303.58,18.51,285.94,4.14,41.36,0.43,5.62,NA,NA,NA,NA,NA,NA,23.09,NA,2.07,269.73,NA,0.00,36.95,1009.01,NA
2022-11-22 00:00:00,44.98,69.10,394.33,NA,294.63,NA,41.75,0.44,5.64,NA,NA,NA,NA,NA,NA,24.37,NA,1.84,262.70,NA,0.00,10.34,1008.27,NA
2022-11-23 00:00:00,25.66,43.57,17.16,17.52,22.04,4.77,40.95,0.47,5.63,NA,NA,NA,NA,NA,NA,26.61,NA,1.73,185.61,NA,0.00,99.81,1008.79,NA
2022-11-24 00:00:00,37.44,68.20,8.15,10.29,12.10,4.26,40.45,0.71,5.56,NA,NA,NA,NA,NA,NA,28.19,NA,0.85,126.94,NA,0.00,182.18,1010.89,NA
2022-11-25 00:00:00,40.68,77.22,10.63,9.72,13.81,4.70,40.17,0.49,5.58,NA,NA,NA,NA,NA,NA,27.81,NA,0.84,145.66,NA,0.00,178.77,1011.97,NA
2022-11-26 00:00:00,43.35,84.22,14.01,7.19,15.04,5.08,40.04,0.44,5.60,NA,NA,NA,NA,NA,NA,28.07,NA,1.02,142.81,NA,0.00,161.90,1010.86,NA
2022-11-27 00:00:00,63.53,97.71,7.65,11.43,12.30,4.55,40.04,0.23,5.60,NA,NA,NA,NA,NA,NA,28.46,NA,1.18,130.43,NA,0.00,167.56,1009.23,NA
2022-11-28 00:00:00,70.99,108.81,2.92,11.37,8.36,3.83,40.00,0.20,5.54,NA,NA,NA,NA,NA,NA,28.30,NA,1.15,103.19,NA,0.00,151.64,1009.92,NA
2022-11-29 00:00:00,59.13,106.51,3.09,13.21,9.27,4.01,39.65,0.40,5.50,NA,NA,NA,NA,NA,NA,27.66,NA,1.36,95.81,NA,0.00,170.11,1011.10,NA
2022-11-30 00:00:00,76.28,157.33,4.19,19.15,13.55,4.86,39.34,0.21,5.56,NA,NA,NA,NA,NA,NA,26.89,NA,1.26,192.95,NA,0.00,145.54,1011.63,NA
2022-12-01 00:00:00,46.18,70.52,2.28,10.21,7.28,3.71,39.23,0.14,5.42,NA,NA,NA,NA,NA,NA,28.43,NA,1.26,94.70,NA,0.00,162.83,1011.06,NA
2022-12-02 00:00:00,17.35,37.48,6.00,7.63,8.80,3.94,40.14,0.41,5.52,NA,NA,NA,NA,NA,NA,28.59,NA,1.28,77.46,NA,0.00,165.97,1010.63,NA
2022-12-03 00:00:00,10.64,21.53,13.89,7.22,13.94,3.70,39.48,0.46,5.45,NA,NA,NA,NA,NA,NA,28.65,NA,1.69,63.43,NA,0.00,189.97,1011.02,NA
2022-12-04 00:00:00,46.06,66.58,1.52,8.01,5.46,3.33,39.59,0.49,5.48,NA,NA,NA,NA,NA,NA,28.47,NA,1.98,63.23,NA,0.00,122.73,1011.77,NA
2022-12-05 00:00:00,76.83,102.35,1.70,8.24,5.73,3.39,39.49,0.31,5.54,NA,NA,NA,NA,NA,NA,28.74,NA,1.53,77.69,NA,0.00,166.99,1012.43,NA
2022-12-06 00:00:00,103.27,146.36,1.74,12.23,7.87,3.85,39.49,0.41,5.59,NA,NA,NA,NA,NA,NA,27.72,NA,2.22,63.69,NA,0.00,85.49,1011.53,NA
2022-12-07 00:00:00,107.42,190.27,2.57,18.92,12.13,4.71,39.71,0.27,5.56,NA,NA,NA,NA,NA,NA,26.80,NA,1.98,175.06,NA,0.00,100.84,1010.16,NA
2022-12-08 00:00:00,76.52,122.96,2.35,18.06,11.52,4.57,40.11,0.19,5.63,NA,NA,NA,NA,NA,NA,24.55,NA,2.52,233.71,NA,0.00,34.16,1007.96,NA
2022-12-09 00:00:00,33.17,57.81,1.43,8.83,5.81,3.41,40.66,0.17,5.56,NA,NA,NA,NA,NA,NA,23.25,NA,3.46,152.95,NA,0.00,36.05,1003.24,NA
2022-12-10 00:00:00,19.96,31.81,NA,NA,NA,NA,41.79,0.40,5.62,NA,NA,NA,NA,NA,NA,25.47,NA,1.47,157.98,NA,0.00,38.67,1005.53,NA
2022-12-11 00:00:00,21.18,35.82,NA,NA,NA,NA,42.52,0.50,5.48,NA,NA,NA,NA,NA,NA,25.89,NA,0.95,144.04,NA,0.00,88.07,1008.57,NA
2022-12-12 00:00:00,22.77,38.69,NA,NA,NA,NA,42.69,0.39,5.60,NA,NA,NA,NA,NA,NA,26.03,NA,2.48,146.52,NA,0.00,35.27,1009.29,NA
2022-12-13 00:00:00,8.36,18.88,439.46,NA,413.66,NA,28.82,0.42,5.58,NA,NA,NA,NA,NA,NA,28.45,NA,1.50,108.05,NA,0.00,264.68,1011.92,NA
2022-12-14 00:00:00,22.70,57.67,NA,NA,NA,NA,8.10,0.35,5.55,NA,NA,NA,NA,NA,NA,27.59,NA,1.14,131.58,NA,0.00,178.84,1012.25,NA
2022-12-15 00:00:00,35.49,105.75,NA,NA,NA,NA,8.13,0.51,5.54,NA,NA,NA,NA,NA,NA,26.84,NA,0.94,132.40,NA,0.00,198.08,1011.97,NA
2022-12-16 00:00:00,37.31,99.43,NA,NA,NA,NA,7.89,0.50,5.45,NA,NA,NA,NA,NA,NA,26.76,NA,1.10,139.26,NA,0.00,191.70,1011.01,NA
2022-12-17 00:00:00,60.47,121.78,NA,NA,NA,NA,7.74,0.36,5.64,NA,NA,NA,NA,NA,NA,27.52,NA,1.33,127.47,NA,0.00,175.05,1011.56,NA
2022-12-18 00:00:00,51.62,82.25,NA,NA,NA,NA,7.37,0.33,5.52,NA,NA,NA,NA,NA,NA,27.71,NA,1.70,81.52,NA,0.00,142.91,1011.05,NA
2022-12-19 00:00:00,41.52,109.33,NA,NA,NA,NA,7.30,0.21,5.46,NA,NA,NA,NA,NA,NA,27.15,NA,2.02,86.40,NA,0.00,136.66,1010.41,NA
2022-12-20 00:00:00,48.29,103.75,42.14,12.30,31.49,3.90,7.32,0.06,5.75,NA,NA,NA,NA,NA,NA,26.62,NA,1.87,131.18,NA,0.00,121.01,1010.18,NA
2022-12-21 00:00:00,51.03,112.76,47.95,13.42,35.84,4.18,7.28,0.14,5.57,NA,NA,NA,NA,NA,NA,26.16,NA,1.66,207.57,NA,0.00,114.36,1010.24,NA
2022-12-22 00:00:00,67.18,116.77,52.65,12.03,39.24,4.30,7.22,0.24,5.49,NA,NA,NA,NA,NA,NA,26.53,NA,2.28,119.54,NA,0.00,147.35,1009.97,NA
2022-12-23 00:00:00,86.09,163.89,55.03,10.51,40.64,4.30,7.14,0.15,5.62,NA,NA,NA,NA,NA,NA,26.46,NA,2.09,178.64,NA,0.00,128.90,1009.83,NA
2022-12-24 00:00:00,79.89,147.31,NA,NA,489.01,34.87,7.18,0.14,5.66,NA,NA,NA,NA,NA,NA,26.59,NA,2.22,185.15,NA,0.00,131.52,1010.29,NA
2022-12-25 00:00:00,19.85,54.74,NA,NA,NA,NA,7.00,0.09,5.68,NA,NA,NA,NA,NA,NA,27.27,NA,1.93,82.21,NA,0.00,127.08,1010.93,NA
2022-12-26 00:00:00,18.14,40.63,5.28,0.24,3.78,2.16,6.86,0.12,5.69,NA,NA,NA,NA,NA,NA,27.90,NA,1.23,95.67,NA,0.00,139.20,1013.16,NA
2022-12-27 00:00:00,22.20,44.03,NA,0.63,NA,1.89,6.79,0.07,5.72,NA,NA,NA,NA,NA,NA,28.13,NA,1.21,91.85,NA,0.00,187.34,1014.49,NA
2022-12-28 00:00:00,29.77,68.25,NA,0.72,NA,1.86,6.71,0.15,5.65,NA,NA,NA,NA,NA,NA,27.98,NA,1.01,142.89,NA,0.00,201.72,1015.28,NA
2022-12-29 00:00:00,24.97,68.15,NA,0.75,NA,1.83,6.69,0.10,5.59,NA,NA,NA,NA,NA,NA,28.05,NA,1.18,149.24,NA,0.00,202.08,1016.26,NA
2022-12-30 00:00:00,34.39,69.24,NA,0.83,NA,1.82,6.67,0.10,5.63,NA,NA,NA,NA,NA,NA,27.59,NA,1.12,150.64,NA,0.00,186.87,1017.10,NA
2022-12-31 00:00:00,37.94,70.43,NA,0.86,NA,1.82,6.63,0.26,5.58,NA,NA,NA,NA,NA,NA,26.94,NA,1.11,177.22,NA,0.00,191.38,1016.27,NA
