Timestamp,PM2.5 (µg/m³),PM10 (µg/m³),NO (µg/m³),NO2 (µg/m³),NOx (ppb),NH3 (µg/m³),SO2 (µg/m³),CO (mg/m³),Ozone (µg/m³),Benzene (µg/m³),Toluene (µg/m³),Xylene (µg/m³),O Xylene (µg/m³),Eth-Benzene (µg/m³),MP-Xylene (µg/m³),AT (°C),RH (%),WS (m/s),WD (deg),RF (mm),TOT-RF (mm),SR (W/mt2),BP (mmHg),VWS (m/s)
2021-01-01 00:00:00,NA,NA,NA,NA,NA,NA,NA,NA,NA,NA,NA,NA,NA,NA,NA,NA,NA,NA,NA,NA,0.00,NA,NA,NA
2021-01-02 00:00:00,NA,NA,NA,NA,NA,NA,NA,NA,NA,NA,NA,NA,NA,NA,NA,NA,NA,NA,NA,NA,0.00,NA,NA,NA
2021-01-03 00:00:00,NA,NA,NA,NA,NA,NA,NA,NA,NA,NA,NA,NA,NA,NA,NA,NA,NA,NA,NA,NA,0.00,NA,NA,NA
2021-01-04 00:00:00,NA,NA,NA,NA,NA,NA,NA,NA,NA,NA,NA,NA,NA,NA,NA,NA,NA,NA,NA,NA,0.00,NA,NA,NA
2021-01-05 00:00:00,NA,NA,NA,NA,NA,NA,NA,NA,NA,NA,NA,NA,NA,NA,NA,NA,NA,NA,NA,NA,0.00,NA,NA,NA
2021-01-06 00:00:00,NA,NA,NA,NA,NA,NA,NA,NA,NA,NA,NA,NA,NA,NA,NA,NA,NA,NA,NA,NA,0.00,NA,NA,NA
2021-01-07 00:00:00,NA,NA,NA,NA,NA,NA,NA,NA,NA,NA,NA,NA,NA,NA,NA,NA,NA,NA,NA,NA,0.00,NA,NA,NA
2021-01-08 00:00:00,NA,NA,NA,NA,NA,NA,NA,NA,NA,NA,NA,NA,NA,NA,NA,NA,NA,NA,NA,NA,0.00,NA,NA,NA
2021-01-09 00:00:00,NA,NA,NA,NA,NA,NA,NA,NA,NA,NA,NA,NA,NA,NA,NA,NA,NA,NA,NA,NA,0.00,NA,NA,NA
2021-01-10 00:00:00,NA,NA,NA,NA,NA,NA,NA,NA,NA,NA,NA,NA,NA,NA,NA,NA,NA,NA,NA,NA,0.00,NA,NA,NA
2021-01-11 00:00:00,NA,NA,NA,NA,NA,NA,NA,NA,NA,NA,NA,NA,NA,NA,NA,NA,NA,NA,NA,NA,0.00,NA,NA,NA
2021-01-12 00:00:00,NA,NA,NA,NA,NA,NA,NA,NA,NA,NA,NA,NA,NA,NA,NA,NA,NA,NA,NA,NA,0.00,NA,NA,NA
2021-01-13 00:00:00,NA,NA,NA,NA,NA,NA,NA,NA,NA,NA,NA,NA,NA,NA,NA,NA,NA,NA,NA,NA,0.00,NA,NA,NA
2021-01-14 00:00:00,NA,NA,NA,NA,NA,NA,NA,NA,NA,NA,NA,NA,NA,NA,NA,NA,NA,NA,NA,NA,0.00,NA,NA,NA
2021-01-15 00:00:00,NA,NA,NA,NA,NA,NA,NA,NA,NA,NA,NA,NA,NA,NA,NA,NA,NA,NA,NA,NA,0.00,NA,NA,NA
2021-01-16 00:00:00,NA,NA,NA,NA,NA,NA,NA,NA,NA,NA,NA,NA,NA,NA,NA,NA,NA,NA,NA,NA,0.00,NA,NA,NA
2021-01-17 00:00:00,NA,NA,NA,NA,NA,NA,NA,NA,NA,NA,NA,NA,NA,NA,NA,NA,NA,NA,NA,NA,0.00,NA,NA,NA
2021-01-18 00:00:00,NA,NA,NA,NA,NA,NA,NA,NA,NA,NA,NA,NA,NA,NA,NA,NA,NA,NA,NA,NA,0.00,NA,NA,NA
2021-01-19 00:00:00,NA,NA,NA,NA,NA,NA,NA,NA,NA,NA,NA,NA,NA,NA,NA,NA,NA,NA,NA,NA,0.00,NA,NA,NA
2021-01-20 00:00:00,NA,NA,NA,NA,NA,NA,NA,NA,NA,NA,NA,NA,NA,NA,NA,NA,NA,NA,NA,NA,0.00,NA,NA,NA
2021-01-21 00:00:00,NA,NA,NA,NA,NA,NA,NA,NA,NA,NA,NA,NA,NA,NA,NA,NA,NA,NA,NA,NA,0.00,NA,NA,NA
2021-01-22 00:00:00,NA,NA,NA,NA,NA,NA,NA,NA,NA,NA,NA,NA,NA,NA,NA,NA,NA,NA,NA,NA,0.00,NA,NA,NA
2021-01-23 00:00:00,NA,NA,NA,NA,NA,NA,NA,NA,NA,NA,NA,NA,NA,NA,NA,NA,NA,NA,NA,NA,0.00,NA,NA,NA
2021-01-24 00:00:00,NA,NA,NA,NA,NA,NA,NA,NA,NA,NA,NA,NA,NA,NA,NA,NA,NA,NA,NA,NA,0.00,NA,NA,NA
2021-01-25 00:00:00,NA,NA,NA,NA,NA,NA,NA,NA,NA,NA,NA,NA,NA,NA,NA,NA,NA,NA,NA,NA,0.00,NA,NA,NA
2021-01-26 00:00:00,NA,NA,NA,NA,NA,NA,NA,NA,NA,NA,NA,NA,NA,NA,NA,NA,NA,NA,NA,NA,0.00,NA,NA,NA
2021-01-27 00:00:00,NA,NA,NA,NA,NA,NA,NA,NA,NA,NA,NA,NA,NA,NA,NA,NA,NA,NA,NA,NA,0.00,NA,NA,NA
2021-01-28 00:00:00,NA,NA,NA,NA,NA,NA,NA,NA,NA,NA,NA,NA,NA,NA,NA,NA,NA,NA,NA,NA,0.00,NA,NA,NA
2021-01-29 00:00:00,NA,NA,NA,NA,NA,NA,NA,NA,NA,NA,NA,NA,NA,NA,NA,NA,NA,NA,NA,NA,0.00,NA,NA,NA
2021-01-30 00:00:00,NA,NA,NA,NA,NA,NA,NA,NA,NA,NA,NA,NA,NA,NA,NA,NA,NA,NA,NA,NA,0.00,NA,NA,NA
2021-01-31 00:00:00,NA,NA,NA,NA,NA,NA,NA,NA,NA,NA,NA,NA,NA,NA,NA,NA,NA,NA,NA,NA,0.00,NA,NA,NA
2021-02-01 00:00:00,NA,NA,NA,NA,NA,NA,NA,NA,NA,NA,NA,NA,NA,NA,NA,NA,NA,NA,NA,NA,0.00,NA,NA,NA
2021-02-02 00:00:00,NA,NA,NA,NA,NA,NA,NA,NA,NA,NA,NA,NA,NA,NA,NA,NA,NA,NA,NA,NA,0.00,NA,NA,NA
2021-02-03 00:00:00,NA,NA,NA,NA,NA,NA,NA,NA,NA,NA,NA,NA,NA,NA,NA,NA,NA,NA,NA,NA,0.00,NA,NA,NA
2021-02-04 00:00:00,NA,NA,NA,NA,NA,NA,NA,NA,NA,NA,NA,NA,NA,NA,NA,NA,NA,NA,NA,NA,0.00,NA,NA,NA
2021-02-05 00:00:00,NA,NA,NA,NA,NA,NA,NA,NA,NA,NA,NA,NA,NA,NA,NA,NA,NA,NA,NA,NA,0.00,NA,NA,NA
2021-02-06 00:00:00,NA,NA,NA,NA,NA,NA,NA,NA,NA,NA,NA,NA,NA,NA,NA,NA,NA,NA,NA,NA,0.00,NA,NA,NA
2021-02-07 00:00:00,NA,NA,NA,NA,NA,NA,NA,NA,NA,NA,NA,NA,NA,NA,NA,NA,NA,NA,NA,NA,0.00,NA,NA,NA
2021-02-08 00:00:00,NA,NA,NA,NA,NA,NA,NA,NA,NA,NA,NA,NA,NA,NA,NA,NA,NA,NA,NA,NA,0.00,NA,NA,NA
2021-02-09 00:00:00,NA,NA,NA,NA,NA,NA,NA,NA,NA,NA,NA,NA,NA,NA,NA,NA,NA,NA,NA,NA,0.00,NA,NA,NA
2021-02-10 00:00:00,NA,NA,NA,NA,NA,NA,NA,NA,NA,NA,NA,NA,NA,NA,NA,NA,NA,NA,NA,NA,0.00,NA,NA,NA
2021-02-11 00:00:00,NA,NA,NA,NA,NA,NA,NA,NA,NA,NA,NA,NA,NA,NA,NA,NA,NA,NA,NA,NA,0.00,NA,NA,NA
2021-02-12 00:00:00,NA,NA,NA,NA,NA,NA,NA,NA,NA,NA,NA,NA,NA,NA,NA,NA,NA,NA,NA,NA,0.00,NA,NA,NA
2021-02-13 00:00:00,NA,NA,NA,NA,NA,NA,NA,NA,NA,NA,NA,NA,NA,NA,NA,NA,NA,NA,NA,NA,0.00,NA,NA,NA
2021-02-14 00:00:00,NA,NA,NA,NA,NA,NA,NA,NA,NA,NA,NA,NA,NA,NA,NA,NA,NA,NA,NA,NA,0.00,NA,NA,NA
2021-02-15 00:00:00,NA,NA,NA,NA,NA,NA,NA,NA,NA,NA,NA,NA,NA,NA,NA,NA,NA,NA,NA,NA,0.00,NA,NA,NA
2021-02-16 00:00:00,NA,NA,NA,NA,NA,NA,NA,NA,NA,NA,NA,NA,NA,NA,NA,NA,NA,NA,NA,NA,0.00,NA,NA,NA
2021-02-17 00:00:00,NA,NA,NA,NA,NA,NA,NA,NA,NA,NA,NA,NA,NA,NA,NA,NA,NA,NA,NA,NA,0.00,NA,NA,NA
2021-02-18 00:00:00,NA,NA,NA,NA,NA,NA,NA,NA,NA,NA,NA,NA,NA,NA,NA,NA,NA,NA,NA,NA,0.00,NA,NA,NA
2021-02-19 00:00:00,NA,NA,NA,NA,NA,NA,NA,NA,NA,NA,NA,NA,NA,NA,NA,NA,NA,NA,NA,NA,0.00,NA,NA,NA
2021-02-20 00:00:00,NA,NA,NA,NA,NA,NA,NA,NA,NA,NA,NA,NA,NA,NA,NA,NA,NA,NA,NA,NA,0.00,NA,NA,NA
2021-02-21 00:00:00,NA,NA,NA,NA,NA,NA,NA,NA,NA,NA,NA,NA,NA,NA,NA,NA,NA,NA,NA,NA,0.00,NA,NA,NA
2021-02-22 00:00:00,NA,NA,NA,NA,NA,NA,NA,NA,NA,NA,NA,NA,NA,NA,NA,NA,NA,NA,NA,NA,0.00,NA,NA,NA
2021-02-23 00:00:00,NA,NA,NA,NA,NA,NA,NA,NA,NA,NA,NA,NA,NA,NA,NA,NA,NA,NA,NA,NA,0.00,NA,NA,NA
2021-02-24 00:00:00,NA,NA,NA,NA,NA,NA,NA,NA,NA,NA,NA,NA,NA,NA,NA,NA,NA,NA,NA,NA,0.00,NA,NA,NA
2021-02-25 00:00:00,NA,NA,NA,NA,NA,NA,NA,NA,NA,NA,NA,NA,NA,NA,NA,NA,NA,NA,NA,NA,0.00,NA,NA,NA
2021-02-26 00:00:00,NA,NA,NA,NA,NA,NA,NA,NA,NA,NA,NA,NA,NA,NA,NA,NA,NA,NA,NA,NA,0.00,NA,NA,NA
2021-02-27 00:00:00,NA,NA,NA,NA,NA,NA,NA,NA,NA,NA,NA,NA,NA,NA,NA,NA,NA,NA,NA,NA,0.00,NA,NA,NA
2021-02-28 00:00:00,NA,NA,NA,NA,NA,NA,NA,NA,NA,NA,NA,NA,NA,NA,NA,NA,NA,NA,NA,NA,0.00,NA,NA,NA
2021-03-01 00:00:00,NA,NA,NA,NA,NA,NA,NA,NA,NA,NA,NA,NA,NA,NA,NA,NA,NA,NA,NA,NA,0.00,NA,NA,NA
2021-03-02 00:00:00,NA,NA,NA,NA,NA,NA,NA,NA,NA,NA,NA,NA,NA,NA,NA,NA,NA,NA,NA,NA,0.00,NA,NA,NA
2021-03-03 00:00:00,NA,NA,NA,NA,NA,NA,NA,NA,NA,NA,NA,NA,NA,NA,NA,NA,NA,NA,NA,NA,0.00,NA,NA,NA
2021-03-04 00:00:00,NA,NA,NA,NA,NA,NA,NA,NA,NA,NA,NA,NA,NA,NA,NA,NA,NA,NA,NA,NA,0.00,NA,NA,NA
2021-03-05 00:00:00,NA,NA,NA,NA,NA,NA,NA,NA,NA,NA,NA,NA,NA,NA,NA,NA,NA,NA,NA,NA,0.00,NA,NA,NA
2021-03-06 00:00:00,NA,NA,NA,NA,NA,NA,NA,NA,NA,NA,NA,NA,NA,NA,NA,NA,NA,NA,NA,NA,0.00,NA,NA,NA
2021-03-07 00:00:00,NA,NA,NA,NA,NA,NA,NA,NA,NA,NA,NA,NA,NA,NA,NA,NA,NA,NA,NA,NA,0.00,NA,NA,NA
2021-03-08 00:00:00,NA,NA,NA,NA,NA,NA,NA,NA,NA,NA,NA,NA,NA,NA,NA,NA,NA,NA,NA,NA,0.00,NA,NA,NA
2021-03-09 00:00:00,NA,NA,NA,NA,NA,NA,NA,NA,NA,NA,NA,NA,NA,NA,NA,NA,NA,NA,NA,NA,0.00,NA,NA,NA
2021-03-10 00:00:00,NA,NA,NA,NA,NA,NA,NA,NA,NA,NA,NA,NA,NA,NA,NA,NA,NA,NA,NA,NA,0.00,NA,NA,NA
2021-03-11 00:00:00,NA,NA,NA,NA,NA,NA,NA,NA,NA,NA,NA,NA,NA,NA,NA,NA,NA,NA,NA,NA,0.00,NA,NA,NA
2021-03-12 00:00:00,NA,NA,NA,NA,NA,NA,NA,NA,NA,NA,NA,NA,NA,NA,NA,NA,NA,NA,NA,NA,0.00,NA,NA,NA
2021-03-13 00:00:00,NA,NA,NA,NA,NA,NA,NA,NA,NA,NA,NA,NA,NA,NA,NA,NA,NA,NA,NA,NA,0.00,NA,NA,NA
2021-03-14 00:00:00,NA,NA,NA,NA,NA,NA,NA,NA,NA,NA,NA,NA,NA,NA,NA,NA,NA,NA,NA,NA,0.00,NA,NA,NA
2021-03-15 00:00:00,NA,NA,NA,NA,NA,NA,NA,NA,NA,NA,NA,NA,NA,NA,NA,NA,NA,NA,NA,NA,0.00,NA,NA,NA
2021-03-16 00:00:00,NA,NA,NA,NA,NA,NA,NA,NA,NA,NA,NA,NA,NA,NA,NA,NA,NA,NA,NA,NA,0.00,NA,NA,NA
2021-03-17 00:00:00,NA,NA,NA,NA,NA,NA,NA,NA,NA,NA,NA,NA,NA,NA,NA,NA,NA,NA,NA,NA,0.00,NA,NA,NA
2021-03-18 00:00:00,NA,NA,NA,NA,NA,NA,NA,NA,NA,NA,NA,NA,NA,NA,NA,NA,NA,NA,NA,NA,0.00,NA,NA,NA
2021-03-19 00:00:00,NA,NA,NA,NA,NA,NA,NA,NA,NA,NA,NA,NA,NA,NA,NA,NA,NA,NA,NA,NA,0.00,NA,NA,NA
2021-03-20 00:00:00,NA,NA,NA,NA,NA,NA,NA,NA,NA,NA,NA,NA,NA,NA,NA,NA,NA,NA,NA,NA,0.00,NA,NA,NA
2021-03-21 00:00:00,NA,NA,NA,NA,NA,NA,NA,NA,NA,NA,NA,NA,NA,NA,NA,NA,NA,NA,NA,NA,0.00,NA,NA,NA
2021-03-22 00:00:00,NA,NA,NA,NA,NA,NA,NA,NA,NA,NA,NA,NA,NA,NA,NA,NA,NA,NA,NA,NA,0.00,NA,NA,NA
2021-03-23 00:00:00,NA,NA,NA,NA,NA,NA,NA,NA,NA,NA,NA,NA,NA,NA,NA,NA,NA,NA,NA,NA,0.00,NA,NA,NA
2021-03-24 00:00:00,NA,NA,NA,NA,NA,NA,NA,NA,NA,NA,NA,NA,NA,NA,NA,NA,NA,NA,NA,NA,0.00,NA,NA,NA
2021-03-25 00:00:00,NA,NA,NA,NA,NA,NA,NA,NA,NA,NA,NA,NA,NA,NA,NA,NA,NA,NA,NA,NA,0.00,NA,NA,NA
2021-03-26 00:00:00,NA,NA,NA,NA,NA,NA,NA,NA,NA,NA,NA,NA,NA,NA,NA,NA,NA,NA,NA,NA,0.00,NA,NA,NA
2021-03-27 00:00:00,NA,NA,NA,NA,NA,NA,NA,NA,NA,NA,NA,NA,NA,NA,NA,NA,NA,NA,NA,NA,0.00,NA,NA,NA
2021-03-28 00:00:00,NA,NA,NA,NA,NA,NA,NA,NA,NA,NA,NA,NA,NA,NA,NA,NA,NA,NA,NA,NA,0.00,NA,NA,NA
2021-03-29 00:00:00,NA,NA,NA,NA,NA,NA,NA,NA,NA,NA,NA,NA,NA,NA,NA,NA,NA,NA,NA,NA,0.00,NA,NA,NA
2021-03-30 00:00:00,NA,NA,NA,NA,NA,NA,NA,NA,NA,NA,NA,NA,NA,NA,NA,NA,NA,NA,NA,NA,0.00,NA,NA,NA
2021-03-31 00:00:00,NA,NA,NA,NA,NA,NA,NA,NA,NA,NA,NA,NA,NA,NA,NA,NA,NA,NA,NA,NA,0.00,NA,NA,NA
2021-04-01 00:00:00,NA,NA,NA,NA,NA,NA,NA,NA,NA,NA,NA,NA,NA,NA,NA,NA,NA,NA,NA,NA,0.00,NA,NA,NA
2021-04-02 00:00:00,NA,NA,NA,NA,NA,NA,NA,NA,NA,NA,NA,NA,NA,NA,NA,NA,NA,NA,NA,NA,0.00,NA,NA,NA
2021-04-03 00:00:00,NA,NA,NA,NA,NA,NA,NA,NA,NA,NA,NA,NA,NA,NA,NA,NA,NA,NA,NA,NA,0.00,NA,NA,NA
2021-04-04 00:00:00,NA,NA,NA,NA,NA,NA,NA,NA,NA,NA,NA,NA,NA,NA,NA,NA,NA,NA,NA,NA,0.00,NA,NA,NA
2021-04-05 00:00:00,NA,NA,NA,NA,NA,NA,NA,NA,NA,NA,NA,NA,NA,NA,NA,NA,NA,NA,NA,NA,0.00,NA,NA,NA
2021-04-06 00:00:00,NA,NA,NA,NA,NA,NA,NA,NA,NA,NA,NA,NA,NA,NA,NA,NA,NA,NA,NA,NA,0.00,NA,NA,NA
2021-04-07 00:00:00,NA,NA,NA,NA,NA,NA,NA,NA,NA,NA,NA,NA,NA,NA,NA,NA,NA,NA,NA,NA,0.00,NA,NA,NA
2021-04-08 00:00:00,NA,NA,NA,NA,NA,NA,NA,NA,NA,NA,NA,NA,NA,NA,NA,NA,NA,NA,NA,NA,0.00,NA,NA,NA
2021-04-09 00:00:00,NA,NA,NA,NA,NA,NA,NA,NA,NA,NA,NA,NA,NA,NA,NA,NA,NA,NA,NA,NA,0.00,NA,NA,NA
2021-04-10 00:00:00,NA,NA,NA,NA,NA,NA,NA,NA,NA,NA,NA,NA,NA,NA,NA,NA,NA,NA,NA,NA,0.00,NA,NA,NA
2021-04-11 00:00:00,NA,NA,NA,NA,NA,NA,NA,NA,NA,NA,NA,NA,NA,NA,NA,NA,NA,NA,NA,NA,0.00,NA,NA,NA
2021-04-12 00:00:00,NA,NA,NA,NA,NA,NA,NA,NA,NA,NA,NA,NA,NA,NA,NA,NA,NA,NA,NA,NA,0.00,NA,NA,NA
2021-04-13 00:00:00,NA,NA,NA,NA,NA,NA,NA,NA,NA,NA,NA,NA,NA,NA,NA,NA,NA,NA,NA,NA,0.00,NA,NA,NA
2021-04-14 00:00:00,NA,NA,NA,NA,NA,NA,NA,NA,NA,NA,NA,NA,NA,NA,NA,NA,NA,NA,NA,NA,0.00,NA,NA,NA
2021-04-15 00:00:00,NA,NA,NA,NA,NA,NA,NA,NA,NA,NA,NA,NA,NA,NA,NA,NA,NA,NA,NA,NA,0.00,NA,NA,NA
2021-04-16 00:00:00,NA,NA,NA,NA,NA,NA,NA,NA,NA,NA,NA,NA,NA,NA,NA,NA,NA,NA,NA,NA,0.00,NA,NA,NA
2021-04-17 00:00:00,NA,NA,NA,NA,NA,NA,NA,NA,NA,NA,NA,NA,NA,NA,NA,NA,NA,NA,NA,NA,0.00,NA,NA,NA
2021-04-18 00:00:00,NA,NA,NA,NA,NA,NA,NA,NA,NA,NA,NA,NA,NA,NA,NA,NA,NA,NA,NA,NA,0.00,NA,NA,NA
2021-04-19 00:00:00,NA,NA,NA,NA,NA,NA,NA,NA,NA,NA,NA,NA,NA,NA,NA,NA,NA,NA,NA,NA,0.00,NA,NA,NA
2021-04-20 00:00:00,NA,NA,NA,NA,NA,NA,NA,NA,NA,NA,NA,NA,NA,NA,NA,NA,NA,NA,NA,NA,0.00,NA,NA,NA
2021-04-21 00:00:00,NA,NA,NA,NA,NA,NA,NA,NA,NA,NA,NA,NA,NA,NA,NA,NA,NA,NA,NA,NA,0.00,NA,NA,NA
2021-04-22 00:00:00,NA,NA,NA,NA,NA,NA,NA,NA,NA,NA,NA,NA,NA,NA,NA,NA,NA,NA,NA,NA,0.00,NA,NA,NA
2021-04-23 00:00:00,NA,NA,NA,NA,NA,NA,NA,NA,NA,NA,NA,NA,NA,NA,NA,NA,NA,NA,NA,NA,0.00,NA,NA,NA
2021-04-24 00:00:00,NA,NA,NA,NA,NA,NA,NA,NA,NA,NA,NA,NA,NA,NA,NA,NA,NA,NA,NA,NA,0.00,NA,NA,NA
2021-04-25 00:00:00,NA,NA,NA,NA,NA,NA,NA,NA,NA,NA,NA,NA,NA,NA,NA,NA,NA,NA,NA,NA,0.00,NA,NA,NA
2021-04-26 00:00:00,NA,NA,NA,NA,NA,NA,NA,NA,NA,NA,NA,NA,NA,NA,NA,NA,NA,NA,NA,NA,0.00,NA,NA,NA
2021-04-27 00:00:00,NA,NA,NA,NA,NA,NA,NA,NA,NA,NA,NA,NA,NA,NA,NA,NA,NA,NA,NA,NA,0.00,NA,NA,NA
2021-04-28 00:00:00,NA,NA,NA,NA,NA,NA,NA,NA,NA,NA,NA,NA,NA,NA,NA,NA,NA,NA,NA,NA,0.00,NA,NA,NA
2021-04-29 00:00:00,NA,NA,NA,NA,NA,NA,NA,NA,NA,NA,NA,NA,NA,NA,NA,NA,NA,NA,NA,NA,0.00,NA,NA,NA
2021-04-30 00:00:00,NA,NA,NA,NA,NA,NA,NA,NA,NA,NA,NA,NA,NA,NA,NA,NA,NA,NA,NA,NA,0.00,NA,NA,NA
2021-05-01 00:00:00,NA,NA,NA,NA,NA,NA,NA,NA,NA,NA,NA,NA,NA,NA,NA,NA,NA,NA,NA,NA,0.00,NA,NA,NA
2021-05-02 00:00:00,NA,NA,NA,NA,NA,NA,NA,NA,NA,NA,NA,NA,NA,NA,NA,NA,NA,NA,NA,NA,0.00,NA,NA,NA
2021-05-03 00:00:00,NA,NA,NA,NA,NA,NA,NA,NA,NA,NA,NA,NA,NA,NA,NA,NA,NA,NA,NA,NA,0.00,NA,NA,NA
2021-05-04 00:00:00,NA,NA,NA,NA,NA,NA,NA,NA,NA,NA,NA,NA,NA,NA,NA,NA,NA,NA,NA,NA,0.00,NA,NA,NA
2021-05-05 00:00:00,NA,NA,NA,NA,NA,NA,NA,NA,NA,NA,NA,NA,NA,NA,NA,NA,NA,NA,NA,NA,0.00,NA,NA,NA
2021-05-06 00:00:00,NA,NA,NA,NA,NA,NA,NA,NA,NA,NA,NA,NA,NA,NA,NA,NA,NA,NA,NA,NA,0.00,NA,NA,NA
2021-05-07 00:00:00,NA,NA,NA,NA,NA,NA,NA,NA,NA,NA,NA,NA,NA,NA,NA,NA,NA,NA,NA,NA,0.00,NA,NA,NA
2021-05-08 00:00:00,NA,NA,NA,NA,NA,NA,NA,NA,NA,NA,NA,NA,NA,NA,NA,NA,NA,NA,NA,NA,0.00,NA,NA,NA
2021-05-09 00:00:00,NA,NA,NA,NA,NA,NA,NA,NA,NA,NA,NA,NA,NA,NA,NA,NA,NA,NA,NA,NA,0.00,NA,NA,NA
2021-05-10 00:00:00,NA,NA,NA,NA,NA,NA,NA,NA,NA,NA,NA,NA,NA,NA,NA,NA,NA,NA,NA,NA,0.00,NA,NA,NA
2021-05-11 00:00:00,NA,NA,NA,NA,NA,NA,NA,NA,NA,NA,NA,NA,NA,NA,NA,NA,NA,NA,NA,NA,0.00,NA,NA,NA
2021-05-12 00:00:00,NA,NA,NA,NA,NA,NA,NA,NA,NA,NA,NA,NA,NA,NA,NA,NA,NA,NA,NA,NA,0.00,NA,NA,NA
2021-05-13 00:00:00,NA,NA,NA,NA,NA,NA,NA,NA,NA,NA,NA,NA,NA,NA,NA,NA,NA,NA,NA,NA,0.00,NA,NA,NA
2021-05-14 00:00:00,NA,NA,NA,NA,NA,NA,NA,NA,NA,NA,NA,NA,NA,NA,NA,NA,NA,NA,NA,NA,0.00,NA,NA,NA
2021-05-15 00:00:00,NA,NA,NA,NA,NA,NA,NA,NA,NA,NA,NA,NA,NA,NA,NA,NA,NA,NA,NA,NA,0.00,NA,NA,NA
2021-05-16 00:00:00,NA,NA,NA,NA,NA,NA,NA,NA,NA,NA,NA,NA,NA,NA,NA,NA,NA,NA,NA,NA,0.00,NA,NA,NA
2021-05-17 00:00:00,NA,NA,NA,NA,NA,NA,NA,NA,NA,NA,NA,NA,NA,NA,NA,NA,NA,NA,NA,NA,0.00,NA,NA,NA
2021-05-18 00:00:00,NA,NA,NA,NA,NA,NA,NA,NA,NA,NA,NA,NA,NA,NA,NA,NA,NA,NA,NA,NA,0.00,NA,NA,NA
2021-05-19 00:00:00,NA,NA,NA,NA,NA,NA,NA,NA,NA,NA,NA,NA,NA,NA,NA,NA,NA,NA,NA,NA,0.00,NA,NA,NA
2021-05-20 00:00:00,NA,NA,NA,NA,NA,NA,NA,NA,NA,NA,NA,NA,NA,NA,NA,NA,NA,NA,NA,NA,0.00,NA,NA,NA
2021-05-21 00:00:00,NA,NA,NA,NA,NA,NA,NA,NA,NA,NA,NA,NA,NA,NA,NA,NA,NA,NA,NA,NA,0.00,NA,NA,NA
2021-05-22 00:00:00,NA,NA,NA,NA,NA,NA,NA,NA,NA,NA,NA,NA,NA,NA,NA,NA,NA,NA,NA,NA,0.00,NA,NA,NA
2021-05-23 00:00:00,NA,NA,NA,NA,NA,NA,NA,NA,NA,NA,NA,NA,NA,NA,NA,NA,NA,NA,NA,NA,0.00,NA,NA,NA
2021-05-24 00:00:00,NA,NA,NA,NA,NA,NA,NA,NA,NA,NA,NA,NA,NA,NA,NA,NA,NA,NA,NA,NA,0.00,NA,NA,NA
2021-05-25 00:00:00,NA,NA,NA,NA,NA,NA,NA,NA,NA,NA,NA,NA,NA,NA,NA,NA,NA,NA,NA,NA,0.00,NA,NA,NA
2021-05-26 00:00:00,NA,NA,NA,NA,NA,NA,NA,NA,NA,NA,NA,NA,NA,NA,NA,NA,NA,NA,NA,NA,0.00,NA,NA,NA
2021-05-27 00:00:00,NA,NA,NA,NA,NA,NA,NA,NA,NA,NA,NA,NA,NA,NA,NA,NA,NA,NA,NA,NA,0.00,NA,NA,NA
2021-05-28 00:00:00,NA,NA,NA,NA,NA,NA,NA,NA,NA,NA,NA,NA,NA,NA,NA,NA,NA,NA,NA,NA,0.00,NA,NA,NA
2021-05-29 00:00:00,NA,NA,NA,NA,NA,NA,NA,NA,NA,NA,NA,NA,NA,NA,NA,NA,NA,NA,NA,NA,0.00,NA,NA,NA
2021-05-30 00:00:00,NA,NA,NA,NA,NA,NA,NA,NA,NA,NA,NA,NA,NA,NA,NA,NA,NA,NA,NA,NA,0.00,NA,NA,NA
2021-05-31 00:00:00,NA,NA,NA,NA,NA,NA,NA,NA,NA,NA,NA,NA,NA,NA,NA,NA,NA,NA,NA,NA,0.00,NA,NA,NA
2021-06-01 00:00:00,NA,NA,NA,NA,NA,NA,NA,NA,NA,NA,NA,NA,NA,NA,NA,NA,NA,NA,NA,NA,0.00,NA,NA,NA
2021-06-02 00:00:00,NA,NA,NA,NA,NA,NA,NA,NA,NA,NA,NA,NA,NA,NA,NA,NA,NA,NA,NA,NA,0.00,NA,NA,NA
2021-06-03 00:00:00,NA,NA,NA,NA,NA,NA,NA,NA,NA,NA,NA,NA,NA,NA,NA,NA,NA,NA,NA,NA,0.00,NA,NA,NA
2021-06-04 00:00:00,NA,NA,NA,NA,NA,NA,NA,NA,NA,NA,NA,NA,NA,NA,NA,NA,NA,NA,NA,NA,0.00,NA,NA,NA
2021-06-05 00:00:00,NA,NA,NA,NA,NA,NA,NA,NA,NA,NA,NA,NA,NA,NA,NA,NA,NA,NA,NA,NA,0.00,NA,NA,NA
2021-06-06 00:00:00,NA,NA,NA,NA,NA,NA,NA,NA,NA,NA,NA,NA,NA,NA,NA,NA,NA,NA,NA,NA,0.00,NA,NA,NA
2021-06-07 00:00:00,NA,NA,NA,NA,NA,NA,NA,NA,NA,NA,NA,NA,NA,NA,NA,NA,NA,NA,NA,NA,0.00,NA,NA,NA
2021-06-08 00:00:00,NA,NA,NA,NA,NA,NA,NA,NA,NA,NA,NA,NA,NA,NA,NA,NA,NA,NA,NA,NA,0.00,NA,NA,NA
2021-06-09 00:00:00,NA,NA,NA,NA,NA,NA,NA,NA,NA,NA,NA,NA,NA,NA,NA,NA,NA,NA,NA,NA,0.00,NA,NA,NA
2021-06-10 00:00:00,NA,NA,NA,NA,NA,NA,NA,NA,NA,NA,NA,NA,NA,NA,NA,NA,NA,NA,NA,NA,0.00,NA,NA,NA
2021-06-11 00:00:00,NA,NA,NA,NA,NA,NA,NA,NA,NA,NA,NA,NA,NA,NA,NA,NA,NA,NA,NA,NA,0.00,NA,NA,NA
2021-06-12 00:00:00,NA,NA,NA,NA,NA,NA,NA,NA,NA,NA,NA,NA,NA,NA,NA,NA,NA,NA,NA,NA,0.00,NA,NA,NA
2021-06-13 00:00:00,NA,NA,NA,NA,NA,NA,NA,NA,NA,NA,NA,NA,NA,NA,NA,NA,NA,NA,NA,NA,0.00,NA,NA,NA
2021-06-14 00:00:00,NA,NA,NA,NA,NA,NA,NA,NA,NA,NA,NA,NA,NA,NA,NA,NA,NA,NA,NA,NA,0.00,NA,NA,NA
2021-06-15 00:00:00,NA,NA,NA,NA,NA,NA,NA,NA,NA,NA,NA,NA,NA,NA,NA,NA,NA,NA,NA,NA,0.00,NA,NA,NA
2021-06-16 00:00:00,54.34,113.59,10.17,3.48,13.38,6.60,2.52,1.08,9.43,NA,NA,NA,NA,NA,NA,28.94,72.79,0.75,322.54,0.00,0.00,NA,NA,NA
2021-06-17 00:00:00,37.37,73.63,12.13,3.95,16.08,8.77,1.90,1.15,6.18,NA,NA,NA,NA,NA,NA,27.06,82.20,0.37,182.96,0.00,0.00,NA,NA,NA
2021-06-18 00:00:00,34.62,68.87,10.89,3.83,14.71,7.73,2.35,1.07,6.65,NA,NA,NA,NA,NA,NA,27.07,81.94,0.62,307.54,0.04,3.60,NA,NA,NA
2021-06-19 00:00:00,30.26,61.47,11.82,4.35,16.14,8.79,1.89,1.15,5.94,NA,NA,NA,NA,NA,NA,26.32,84.54,0.61,338.13,0.00,0.00,NA,NA,NA
2021-06-20 00:00:00,36.25,72.61,10.74,3.92,14.65,7.63,2.26,1.14,5.76,NA,NA,NA,NA,NA,NA,25.80,87.75,0.61,328.13,0.06,5.60,NA,NA,NA
2021-06-21 00:00:00,55.16,109.03,10.27,3.89,14.16,7.24,2.11,1.14,5.35,NA,NA,NA,NA,NA,NA,26.23,88.38,0.61,279.46,0.05,4.40,NA,NA,NA
2021-06-22 00:00:00,56.12,114.24,12.88,4.78,17.75,10.00,2.37,1.33,4.83,NA,NA,NA,NA,NA,NA,26.98,86.43,0.50,307.20,0.22,20.40,NA,NA,NA
2021-06-23 00:00:00,56.83,118.91,13.67,5.19,18.87,10.89,1.63,1.06,5.58,NA,NA,NA,NA,NA,NA,29.27,74.90,0.69,254.76,0.00,0.20,NA,NA,NA
2021-06-24 00:00:00,39.44,82.03,12.17,4.57,16.73,9.16,2.16,1.06,5.11,NA,NA,NA,NA,NA,NA,28.35,78.32,0.66,197.41,0.01,0.80,NA,NA,NA
2021-06-25 00:00:00,34.88,73.81,12.22,4.59,16.81,9.19,2.18,0.98,5.86,NA,NA,NA,NA,NA,NA,29.52,73.02,0.60,132.27,0.00,0.00,NA,NA,NA
2021-06-26 00:00:00,35.68,75.81,11.82,4.54,16.35,8.84,2.05,0.90,5.64,NA,NA,NA,NA,NA,NA,30.34,65.01,0.51,199.30,0.00,0.00,NA,NA,NA
2021-06-27 00:00:00,33.31,70.82,12.04,4.52,16.56,9.02,2.11,0.84,6.27,NA,NA,NA,NA,NA,NA,30.83,63.95,0.82,253.31,0.00,0.00,NA,NA,NA
2021-06-28 00:00:00,32.96,71.60,11.77,4.30,16.30,11.79,2.30,1.00,5.45,NA,NA,NA,NA,NA,NA,29.43,70.56,0.57,233.05,0.00,0.00,NA,NA,NA
2021-06-29 00:00:00,26.54,56.02,9.77,7.02,16.80,38.03,1.93,0.90,7.70,NA,NA,NA,NA,NA,NA,29.74,72.11,0.48,236.67,0.02,1.60,NA,NA,NA
2021-06-30 00:00:00,28.14,60.65,8.43,5.13,13.56,18.94,1.87,0.75,7.31,NA,NA,NA,NA,NA,NA,30.66,68.08,0.63,214.45,0.00,0.00,NA,NA,NA
2021-07-01 00:00:00,30.61,67.56,8.90,5.37,14.27,11.86,1.87,0.63,6.12,NA,NA,NA,NA,NA,NA,30.69,63.83,0.61,226.16,0.00,0.00,NA,NA,NA
2021-07-02 00:00:00,29.96,66.83,8.56,4.64,13.19,12.24,2.23,0.61,5.71,NA,NA,NA,NA,NA,NA,30.29,65.34,0.65,177.72,0.00,0.00,NA,NA,NA
2021-07-03 00:00:00,30.42,66.15,8.11,3.90,12.01,14.69,2.37,0.55,5.43,NA,NA,NA,NA,NA,NA,30.54,63.56,0.63,174.32,0.00,0.00,NA,NA,NA
2021-07-04 00:00:00,27.39,58.96,9.38,5.06,14.44,15.58,2.94,0.44,5.42,NA,NA,NA,NA,NA,NA,30.80,61.35,0.58,176.72,0.00,0.00,NA,NA,NA
2021-07-05 00:00:00,44.24,95.03,9.34,5.07,14.40,15.44,3.37,0.49,6.45,NA,NA,NA,NA,NA,NA,31.69,57.53,0.60,222.62,0.00,0.00,NA,NA,NA
2021-07-06 00:00:00,43.89,95.02,9.35,5.02,14.37,15.92,2.83,0.47,6.92,NA,NA,NA,NA,NA,NA,32.06,54.17,0.56,258.03,0.00,0.00,NA,NA,NA
2021-07-07 00:00:00,39.08,84.38,9.29,4.88,14.17,16.56,3.45,0.46,6.71,NA,NA,NA,NA,NA,NA,32.13,52.56,0.63,236.52,0.00,0.00,NA,NA,NA
2021-07-08 00:00:00,36.18,78.75,9.00,4.41,13.41,17.23,2.88,0.45,7.18,NA,NA,NA,NA,NA,NA,31.58,53.55,0.63,157.49,0.00,0.00,NA,NA,NA
2021-07-09 00:00:00,35.89,77.87,8.66,4.00,12.66,18.68,3.06,0.46,6.94,NA,NA,NA,NA,NA,NA,31.72,56.11,0.67,286.50,0.00,0.00,NA,NA,NA
2021-07-10 00:00:00,34.50,73.26,8.37,3.70,12.08,19.04,2.81,0.51,7.23,NA,NA,NA,NA,NA,NA,31.92,59.18,0.53,223.15,0.00,0.00,NA,NA,NA
2021-07-11 00:00:00,31.68,67.33,7.61,3.25,10.86,18.27,2.54,0.51,8.68,NA,NA,NA,NA,NA,NA,30.23,72.12,0.40,226.56,1.14,106.80,NA,NA,NA
2021-07-12 00:00:00,19.62,42.61,7.49,3.31,10.80,18.12,2.06,0.67,7.19,NA,NA,NA,NA,NA,NA,28.72,88.24,0.44,113.67,0.03,3.20,NA,NA,NA
2021-07-13 00:00:00,22.68,51.28,7.87,3.84,11.71,17.21,2.02,0.66,7.61,NA,NA,NA,NA,NA,NA,29.51,80.11,0.50,156.88,0.01,1.20,NA,NA,NA
2021-07-14 00:00:00,28.39,61.94,8.27,4.00,12.28,17.40,2.16,0.62,7.47,NA,NA,NA,NA,NA,NA,29.61,77.05,0.50,135.41,0.00,0.00,NA,NA,NA
2021-07-15 00:00:00,33.74,74.90,8.23,4.23,12.48,17.29,2.31,0.69,8.47,NA,NA,NA,NA,NA,NA,30.01,77.49,0.53,113.76,0.00,0.00,NA,NA,NA
2021-07-16 00:00:00,25.22,56.59,8.01,3.72,11.73,19.48,2.22,0.73,7.48,NA,NA,NA,NA,NA,NA,29.14,83.53,0.47,166.47,0.07,6.40,NA,NA,NA
2021-07-17 00:00:00,21.43,46.49,8.62,3.99,12.61,19.99,2.17,0.67,5.89,NA,NA,NA,NA,NA,NA,29.99,75.51,0.36,163.72,0.00,0.40,NA,NA,NA
2021-07-18 00:00:00,20.47,43.46,8.97,4.09,13.05,18.52,2.19,0.61,4.87,NA,NA,NA,NA,NA,NA,29.08,79.76,0.45,226.05,0.01,0.80,NA,NA,NA
2021-07-19 00:00:00,26.66,56.62,8.87,4.09,12.97,17.13,2.03,0.63,5.32,NA,NA,NA,NA,NA,NA,29.00,76.29,0.55,258.99,0.02,2.20,NA,NA,NA
2021-07-20 00:00:00,28.46,59.55,8.81,4.04,12.85,16.54,2.26,0.66,4.41,NA,NA,NA,NA,NA,NA,27.60,81.83,0.45,220.65,0.02,2.20,NA,NA,NA
2021-07-21 00:00:00,27.60,59.12,8.93,4.09,13.02,15.83,1.89,0.61,4.67,NA,NA,NA,NA,NA,NA,28.49,79.46,0.58,248.21,0.01,0.60,NA,NA,NA
2021-07-22 00:00:00,41.32,89.17,8.40,3.72,12.12,14.89,1.76,0.60,5.99,NA,NA,NA,NA,NA,NA,30.16,69.56,0.62,277.04,0.00,0.00,NA,NA,NA
2021-07-23 00:00:00,54.28,116.92,7.87,3.18,11.04,14.01,2.21,0.68,5.92,NA,NA,NA,NA,NA,NA,29.61,74.39,0.42,227.09,0.00,0.00,NA,NA,NA
2021-07-24 00:00:00,34.83,70.35,7.55,2.98,10.52,13.67,2.08,0.31,6.60,NA,NA,NA,NA,NA,NA,28.03,80.93,0.51,250.58,0.33,30.00,NA,NA,NA
2021-07-25 00:00:00,19.93,39.76,8.54,3.87,12.41,13.40,2.09,0.35,4.71,NA,NA,NA,NA,NA,NA,25.98,98.69,0.39,241.67,0.15,14.00,NA,NA,NA
2021-07-26 00:00:00,15.93,31.20,8.28,3.78,12.07,13.07,2.19,0.39,4.61,NA,NA,NA,NA,NA,NA,25.57,97.16,0.43,288.26,0.13,12.00,NA,NA,NA
2021-07-27 00:00:00,23.68,49.01,8.46,3.90,12.36,12.60,1.84,0.29,4.31,NA,NA,NA,NA,NA,NA,26.69,89.31,0.45,246.17,0.01,1.20,NA,NA,NA
2021-07-28 00:00:00,23.42,49.78,44.87,65.47,70.56,51.72,2.10,0.23,4.72,NA,NA,NA,NA,NA,NA,27.03,83.50,0.56,199.90,0.00,0.00,NA,NA,NA
2021-07-29 00:00:00,26.03,54.51,43.97,73.65,92.80,68.29,2.20,0.16,4.80,NA,NA,NA,NA,NA,NA,26.31,86.95,0.54,186.83,0.01,0.80,NA,NA,NA
2021-07-30 00:00:00,27.91,57.22,9.73,7.03,16.63,8.05,2.05,0.19,4.72,NA,NA,NA,NA,NA,NA,26.77,87.19,0.44,220.82,0.03,2.80,NA,NA,NA
2021-07-31 00:00:00,26.67,53.77,9.98,7.01,16.64,8.07,2.21,0.21,4.60,NA,NA,NA,NA,NA,NA,26.40,90.27,0.43,288.07,0.05,4.80,NA,NA,NA
2021-08-01 00:00:00,24.33,50.33,10.56,7.31,17.66,7.94,1.83,0.08,5.00,NA,NA,NA,NA,NA,NA,26.89,83.40,0.68,289.74,0.01,1.00,NA,NA,NA
2021-08-02 00:00:00,24.69,54.09,10.07,7.13,17.17,8.10,1.96,0.16,4.77,NA,NA,NA,NA,NA,NA,26.60,82.34,0.68,321.60,0.00,0.00,NA,NA,NA
2021-08-03 00:00:00,26.06,57.23,18.21,14.81,26.73,10.68,1.93,0.33,4.78,NA,NA,NA,NA,NA,NA,27.17,79.57,0.51,229.33,0.00,0.20,NA,NA,NA
2021-08-04 00:00:00,32.52,71.24,25.44,24.19,48.64,13.88,2.06,0.71,5.27,NA,NA,NA,NA,NA,NA,27.82,78.16,0.46,238.25,0.00,0.00,NA,NA,NA
2021-08-05 00:00:00,35.45,78.37,17.23,16.31,31.11,11.87,1.90,0.65,5.37,NA,NA,NA,NA,NA,NA,28.49,74.10,0.41,196.29,0.00,0.00,NA,NA,NA
2021-08-06 00:00:00,34.85,77.02,31.30,27.11,38.72,15.77,1.93,0.59,5.51,NA,NA,NA,NA,NA,NA,28.73,73.34,0.45,185.05,0.00,0.00,NA,NA,NA
2021-08-07 00:00:00,38.58,82.41,10.96,9.23,19.71,8.37,1.83,0.60,5.69,NA,NA,NA,NA,NA,NA,29.14,72.37,0.41,179.27,0.00,0.00,NA,NA,NA
2021-08-08 00:00:00,39.27,83.15,9.50,7.55,16.87,7.31,2.04,0.56,5.95,NA,NA,NA,NA,NA,NA,29.51,70.73,0.56,257.50,0.00,0.00,NA,NA,NA
2021-08-09 00:00:00,37.84,82.71,11.29,9.86,20.41,9.66,2.43,0.56,5.58,NA,NA,NA,NA,NA,NA,29.42,69.40,0.51,232.85,0.00,0.00,NA,NA,NA
2021-08-10 00:00:00,32.78,71.94,12.82,11.97,24.13,8.74,2.03,0.54,5.42,NA,NA,NA,NA,NA,NA,28.95,68.73,0.51,226.63,0.00,0.00,NA,NA,NA
2021-08-11 00:00:00,28.58,59.84,10.00,5.96,14.71,7.74,2.29,0.53,5.72,NA,NA,NA,NA,NA,NA,28.32,72.35,0.50,263.33,0.00,0.00,NA,NA,NA
2021-08-12 00:00:00,29.93,59.65,11.44,10.78,22.26,7.40,1.94,0.54,5.77,NA,NA,NA,NA,NA,NA,28.94,68.11,0.42,246.39,0.00,0.40,NA,NA,NA
2021-08-13 00:00:00,33.15,64.84,9.91,8.22,18.05,7.82,2.15,0.54,5.38,NA,NA,NA,NA,NA,NA,28.74,68.25,0.37,214.00,0.00,0.00,NA,NA,NA
2021-08-14 00:00:00,30.79,61.42,8.17,6.61,14.26,9.20,2.26,0.49,6.17,NA,NA,NA,NA,NA,NA,29.18,66.24,0.58,260.77,0.00,0.00,NA,NA,NA
2021-08-15 00:00:00,28.82,57.34,10.02,15.14,25.16,25.01,1.88,0.45,6.23,NA,NA,NA,NA,NA,NA,29.33,64.47,0.52,188.29,0.00,0.00,NA,NA,NA
2021-08-16 00:00:00,36.96,72.72,15.24,25.76,40.27,27.98,2.10,0.59,5.66,NA,NA,NA,NA,NA,NA,29.57,63.87,0.46,190.96,0.00,0.00,NA,NA,NA
2021-08-17 00:00:00,38.51,76.88,21.12,35.39,44.63,34.71,1.96,0.54,6.32,NA,NA,NA,NA,NA,NA,30.36,61.39,0.70,210.87,0.04,4.00,NA,NA,NA
2021-08-18 00:00:00,33.99,67.07,15.11,26.66,41.25,32.75,2.15,0.61,4.80,NA,NA,NA,NA,NA,NA,27.45,76.27,0.39,203.87,0.01,0.60,NA,NA,NA
2021-08-19 00:00:00,38.81,76.02,31.58,45.50,65.86,38.61,2.47,0.67,4.37,NA,NA,NA,NA,NA,NA,27.22,78.38,0.36,169.06,0.00,0.00,NA,NA,NA
2021-08-20 00:00:00,37.07,72.84,33.79,45.53,72.61,37.97,2.45,0.67,4.33,NA,NA,NA,NA,NA,NA,26.74,79.24,0.39,197.47,0.00,0.20,NA,NA,NA
2021-08-21 00:00:00,38.40,73.53,8.56,20.86,29.11,37.84,2.43,0.72,3.98,NA,NA,NA,NA,NA,NA,25.90,89.72,0.36,212.72,0.01,1.00,NA,NA,NA
2021-08-22 00:00:00,30.35,59.51,8.64,21.40,29.95,36.70,1.95,0.52,5.15,NA,NA,NA,NA,NA,NA,27.26,85.19,0.31,206.76,0.05,4.40,NA,NA,NA
2021-08-23 00:00:00,24.12,49.65,7.66,20.11,27.74,36.45,2.19,0.51,5.50,NA,NA,NA,NA,NA,NA,28.53,78.31,0.45,217.06,0.00,0.00,NA,NA,NA
2021-08-24 00:00:00,25.19,51.10,7.48,20.22,27.70,36.70,1.95,0.42,5.02,NA,NA,NA,NA,NA,NA,28.58,74.88,0.54,253.76,0.00,0.00,NA,NA,NA
2021-08-25 00:00:00,23.30,48.13,8.49,21.51,29.94,37.33,2.24,0.40,4.34,NA,NA,NA,NA,NA,NA,28.68,71.97,0.58,248.05,0.00,0.00,NA,NA,NA
2021-08-26 00:00:00,33.39,66.14,8.64,22.00,30.59,38.39,2.32,0.33,4.17,NA,NA,NA,NA,NA,NA,28.77,68.92,0.68,249.33,0.00,0.00,NA,NA,NA
2021-08-27 00:00:00,38.54,76.90,8.14,21.45,29.59,38.06,3.16,0.29,4.59,NA,NA,NA,NA,NA,NA,28.95,67.17,0.52,247.68,0.00,0.00,NA,NA,NA
2021-08-28 00:00:00,38.77,76.08,7.91,21.34,29.24,37.68,3.21,0.26,5.50,NA,NA,NA,NA,NA,NA,29.51,64.89,0.44,173.57,0.00,0.00,NA,NA,NA
2021-08-29 00:00:00,39.96,77.53,7.98,21.34,29.33,37.31,3.69,0.21,5.71,NA,NA,NA,NA,NA,NA,29.77,63.73,0.59,200.34,0.00,0.00,NA,NA,NA
2021-08-30 00:00:00,34.05,68.22,8.10,21.55,29.65,37.36,3.15,0.26,5.48,NA,NA,NA,NA,NA,NA,28.52,73.27,0.53,206.56,0.06,5.40,NA,NA,NA
2021-08-31 00:00:00,20.08,39.99,7.87,21.13,28.99,37.76,2.16,0.37,5.35,NA,NA,NA,NA,NA,NA,26.66,90.65,0.40,254.14,0.10,9.20,NA,NA,NA
2021-09-01 00:00:00,20.55,42.82,8.41,21.36,29.76,37.62,2.04,0.41,4.92,NA,NA,NA,NA,NA,NA,27.20,91.70,0.32,200.90,0.09,8.20,NA,NA,NA
2021-09-02 00:00:00,23.40,46.95,8.63,21.72,30.35,37.07,2.23,0.40,4.24,NA,NA,NA,NA,NA,NA,26.89,90.14,0.44,167.08,0.01,1.00,NA,NA,NA
2021-09-03 00:00:00,27.55,55.34,8.46,21.51,29.97,36.82,2.49,0.32,4.93,NA,NA,NA,NA,NA,NA,27.12,88.25,0.75,219.25,0.01,0.80,NA,NA,NA
2021-09-04 00:00:00,22.62,46.24,8.95,21.80,30.75,36.57,2.25,0.25,5.00,NA,NA,NA,NA,NA,NA,28.23,79.13,0.51,201.58,0.00,0.00,NA,NA,NA
2021-09-05 00:00:00,21.12,43.70,8.90,21.80,30.70,36.59,2.16,0.17,5.30,NA,NA,NA,NA,NA,NA,28.07,79.70,0.32,188.44,0.00,0.00,NA,NA,NA
2021-09-06 00:00:00,27.25,55.93,8.76,21.64,30.40,36.38,2.19,0.20,5.89,NA,NA,NA,NA,NA,NA,29.32,75.11,0.44,198.11,0.00,0.20,NA,NA,NA
2021-09-07 00:00:00,22.37,50.66,8.90,22.05,30.95,36.50,2.25,0.28,6.02,NA,NA,NA,NA,NA,NA,28.45,81.94,0.51,253.94,0.02,2.20,NA,NA,NA
2021-09-08 00:00:00,22.79,48.75,9.48,22.64,32.12,36.52,2.24,0.29,5.68,NA,NA,NA,NA,NA,NA,28.60,82.83,0.53,253.61,0.12,11.60,NA,NA,NA
2021-09-09 00:00:00,21.63,44.43,10.11,22.81,32.91,36.74,2.45,0.34,3.68,NA,NA,NA,NA,NA,NA,25.83,97.99,0.38,234.15,0.08,7.60,NA,NA,NA
2021-09-10 00:00:00,16.87,34.60,9.70,22.82,32.52,36.66,2.16,0.32,3.71,NA,NA,NA,NA,NA,NA,25.86,95.82,0.38,227.64,0.04,4.00,NA,NA,NA
2021-09-11 00:00:00,19.02,39.21,9.40,22.58,31.99,37.38,2.14,0.21,4.30,NA,NA,NA,NA,NA,NA,26.42,93.41,0.40,237.53,0.01,0.60,NA,NA,NA
2021-09-12 00:00:00,21.64,43.86,9.60,22.73,32.32,37.24,2.00,0.17,4.41,NA,NA,NA,NA,NA,NA,26.11,95.48,0.32,208.00,0.01,1.20,NA,NA,NA
2021-09-13 00:00:00,23.48,50.03,9.58,22.92,32.50,37.17,2.04,0.36,5.32,NA,NA,NA,NA,NA,NA,27.40,90.77,0.42,184.62,0.18,17.00,NA,NA,NA
2021-09-14 00:00:00,21.65,47.07,9.39,22.85,32.24,36.89,1.93,0.22,5.56,NA,NA,NA,NA,NA,NA,27.27,91.25,0.38,188.11,0.20,18.60,NA,NA,NA
2021-09-15 00:00:00,21.59,43.97,8.98,22.15,31.13,36.70,2.23,0.11,5.52,NA,NA,NA,NA,NA,NA,26.56,91.94,0.59,90.14,0.00,0.20,NA,NA,NA
2021-09-16 00:00:00,23.91,47.99,9.76,22.72,32.47,36.60,2.01,0.10,4.39,NA,NA,NA,NA,NA,NA,27.15,89.79,0.38,153.03,0.01,0.60,NA,NA,NA
2021-09-17 00:00:00,19.93,41.01,9.66,22.27,31.92,36.46,2.45,0.07,4.28,NA,NA,NA,NA,NA,NA,26.82,91.02,0.54,176.26,0.00,0.00,NA,NA,NA
2021-09-18 00:00:00,21.54,44.70,6.69,13.43,20.03,21.26,2.24,0.32,4.40,NA,NA,NA,NA,NA,NA,26.70,91.29,0.55,224.42,0.01,1.20,NA,NA,NA
2021-09-19 00:00:00,20.40,43.52,4.66,6.97,11.63,10.21,1.89,0.36,4.81,NA,NA,NA,NA,NA,NA,27.06,90.97,0.53,284.74,0.01,0.60,NA,NA,NA
2021-09-20 00:00:00,19.73,41.53,5.17,7.48,12.65,10.25,2.19,0.55,4.21,NA,NA,NA,NA,NA,NA,26.23,95.00,0.43,188.91,0.29,26.60,NA,NA,NA
2021-09-21 00:00:00,19.32,41.44,5.38,7.51,12.89,10.35,2.06,0.47,4.04,NA,NA,NA,NA,NA,NA,26.79,93.78,0.36,164.88,0.12,10.60,NA,NA,NA
2021-09-22 00:00:00,24.92,52.54,5.65,7.62,13.27,10.53,2.40,0.56,3.70,NA,NA,NA,NA,NA,NA,26.19,95.26,0.26,218.11,0.21,20.00,NA,NA,NA
2021-09-23 00:00:00,22.23,42.64,5.43,7.37,12.80,10.75,1.88,0.36,4.01,NA,NA,NA,NA,NA,NA,26.89,90.55,0.24,189.78,0.04,2.20,NA,NA,NA
2021-09-24 00:00:00,32.35,66.21,10.43,13.42,21.27,15.76,0.42,0.84,11.19,NA,NA,NA,NA,NA,NA,29.07,78.74,0.38,146.83,0.00,0.00,NA,NA,NA
2021-09-25 00:00:00,57.38,64.26,4.97,6.97,11.53,9.58,1.77,0.66,8.60,NA,NA,NA,NA,NA,NA,27.87,84.84,0.26,178.05,0.00,0.40,NA,NA,NA
2021-09-26 00:00:00,16.54,38.52,4.21,7.13,11.05,9.88,2.28,0.15,5.65,NA,NA,NA,NA,NA,NA,27.21,86.35,0.49,159.19,0.00,0.00,NA,NA,NA
2021-09-27 00:00:00,27.00,56.60,3.50,7.39,10.53,8.43,2.33,0.29,5.63,NA,NA,NA,NA,NA,NA,26.28,94.33,0.35,186.08,0.10,9.20,NA,NA,NA
2021-09-28 00:00:00,20.47,48.00,2.77,7.97,10.54,7.40,2.06,0.34,5.49,NA,NA,NA,NA,NA,NA,27.81,85.15,0.42,278.56,0.02,1.60,NA,NA,NA
2021-09-29 00:00:00,12.34,32.05,2.44,6.29,8.69,7.04,1.88,0.25,5.37,NA,NA,NA,NA,NA,NA,26.36,86.68,1.18,142.69,0.09,9.00,NA,NA,NA
2021-09-30 00:00:00,17.97,37.91,2.96,7.77,10.60,6.55,2.19,0.36,5.43,NA,NA,NA,NA,NA,NA,26.80,87.76,0.47,121.63,0.02,2.20,NA,NA,NA
2021-10-01 00:00:00,38.70,74.58,3.42,9.31,12.65,6.90,2.25,0.49,4.68,NA,NA,NA,NA,NA,NA,28.19,81.07,0.21,144.13,0.00,0.00,NA,NA,NA
2021-10-02 00:00:00,35.26,73.12,2.87,7.89,10.75,6.59,2.11,0.37,3.67,NA,NA,NA,NA,NA,NA,27.28,86.89,0.26,188.12,0.01,0.80,NA,NA,NA
2021-10-03 00:00:00,NA,NA,NA,NA,NA,NA,NA,NA,NA,NA,NA,NA,NA,NA,NA,NA,NA,NA,NA,NA,0.00,NA,NA,NA
2021-10-04 00:00:00,NA,NA,NA,NA,NA,NA,NA,NA,NA,NA,NA,NA,NA,NA,NA,NA,NA,NA,NA,NA,0.00,NA,NA,NA
2021-10-05 00:00:00,NA,NA,NA,NA,NA,NA,NA,NA,NA,NA,NA,NA,NA,NA,NA,NA,NA,NA,NA,NA,0.00,NA,NA,NA
2021-10-06 00:00:00,NA,NA,NA,NA,NA,NA,NA,NA,NA,NA,NA,NA,NA,NA,NA,NA,NA,NA,NA,NA,0.00,NA,NA,NA
2021-10-07 00:00:00,NA,NA,NA,NA,NA,NA,NA,NA,NA,NA,NA,NA,NA,NA,NA,NA,NA,NA,NA,NA,0.00,NA,NA,NA
2021-10-08 00:00:00,NA,NA,NA,NA,NA,NA,NA,NA,NA,NA,NA,NA,NA,NA,NA,NA,NA,NA,NA,NA,0.00,NA,NA,NA
2021-10-09 00:00:00,NA,NA,NA,NA,NA,NA,NA,NA,NA,NA,NA,NA,NA,NA,NA,NA,NA,NA,NA,NA,0.00,NA,NA,NA
2021-10-10 00:00:00,NA,NA,NA,NA,NA,NA,NA,NA,NA,NA,NA,NA,NA,NA,NA,NA,NA,NA,NA,NA,0.00,NA,NA,NA
2021-10-11 00:00:00,NA,NA,NA,NA,NA,NA,NA,NA,NA,NA,NA,NA,NA,NA,NA,NA,NA,NA,NA,NA,0.00,NA,NA,NA
2021-10-12 00:00:00,NA,NA,NA,NA,NA,NA,NA,NA,NA,NA,NA,NA,NA,NA,NA,NA,NA,NA,NA,NA,0.00,NA,NA,NA
2021-10-13 00:00:00,NA,NA,NA,NA,NA,NA,NA,NA,NA,NA,NA,NA,NA,NA,NA,NA,NA,NA,NA,NA,0.00,NA,NA,NA
2021-10-14 00:00:00,NA,NA,NA,NA,NA,NA,NA,NA,NA,NA,NA,NA,NA,NA,NA,NA,NA,NA,NA,NA,0.00,NA,NA,NA
2021-10-15 00:00:00,NA,NA,NA,NA,NA,NA,NA,NA,NA,NA,NA,NA,NA,NA,NA,NA,NA,NA,NA,NA,0.00,NA,NA,NA
2021-10-16 00:00:00,NA,NA,NA,NA,NA,NA,NA,NA,NA,NA,NA,NA,NA,NA,NA,NA,NA,NA,NA,NA,0.00,NA,NA,NA
2021-10-17 00:00:00,NA,NA,NA,NA,NA,NA,NA,NA,NA,NA,NA,NA,NA,NA,NA,NA,NA,NA,NA,NA,0.00,NA,NA,NA
2021-10-18 00:00:00,NA,NA,NA,NA,NA,NA,NA,NA,NA,NA,NA,NA,NA,NA,NA,NA,NA,NA,NA,NA,0.00,NA,NA,NA
2021-10-19 00:00:00,NA,NA,NA,NA,NA,NA,NA,NA,NA,NA,NA,NA,NA,NA,NA,NA,NA,NA,NA,NA,0.00,NA,NA,NA
2021-10-20 00:00:00,NA,NA,NA,NA,NA,NA,NA,NA,NA,NA,NA,NA,NA,NA,NA,NA,NA,NA,NA,NA,0.00,NA,NA,NA
2021-10-21 00:00:00,NA,NA,NA,NA,NA,NA,NA,NA,NA,NA,NA,NA,NA,NA,NA,NA,NA,NA,NA,NA,0.00,NA,NA,NA
2021-10-22 00:00:00,NA,NA,NA,NA,NA,NA,NA,NA,NA,NA,NA,NA,NA,NA,NA,NA,NA,NA,NA,NA,0.00,NA,NA,NA
2021-10-23 00:00:00,NA,NA,NA,NA,NA,NA,NA,NA,NA,NA,NA,NA,NA,NA,NA,NA,NA,NA,NA,NA,0.00,NA,NA,NA
2021-10-24 00:00:00,NA,NA,NA,NA,NA,NA,NA,NA,NA,NA,NA,NA,NA,NA,NA,NA,NA,NA,NA,NA,0.00,NA,NA,NA
2021-10-25 00:00:00,NA,NA,NA,NA,NA,NA,NA,NA,NA,NA,NA,NA,NA,NA,NA,NA,NA,NA,NA,NA,0.00,NA,NA,NA
2021-10-26 00:00:00,NA,NA,NA,NA,NA,NA,NA,NA,NA,NA,NA,NA,NA,NA,NA,NA,NA,NA,NA,NA,0.00,NA,NA,NA
2021-10-27 00:00:00,NA,NA,NA,NA,NA,NA,NA,NA,NA,NA,NA,NA,NA,NA,NA,NA,NA,NA,NA,NA,0.00,NA,NA,NA
2021-10-28 00:00:00,NA,NA,NA,NA,NA,NA,NA,NA,NA,NA,NA,NA,NA,NA,NA,NA,NA,NA,NA,NA,0.00,NA,NA,NA
2021-10-29 00:00:00,NA,NA,NA,NA,NA,NA,NA,NA,NA,NA,NA,NA,NA,NA,NA,NA,NA,NA,NA,NA,0.00,NA,NA,NA
2021-10-30 00:00:00,NA,NA,NA,NA,NA,NA,NA,NA,NA,NA,NA,NA,NA,NA,NA,NA,NA,NA,NA,NA,0.00,NA,NA,NA
2021-10-31 00:00:00,NA,NA,NA,NA,NA,NA,NA,NA,NA,NA,NA,NA,NA,NA,NA,NA,NA,NA,NA,NA,0.00,NA,NA,NA
2021-11-01 00:00:00,NA,NA,NA,NA,NA,NA,NA,NA,NA,NA,NA,NA,NA,NA,NA,NA,NA,NA,NA,NA,0.00,NA,NA,NA
2021-11-02 00:00:00,NA,NA,NA,NA,NA,NA,NA,NA,NA,NA,NA,NA,NA,NA,NA,NA,NA,NA,NA,NA,0.00,NA,NA,NA
2021-11-03 00:00:00,126.28,252.37,5.99,0.02,15.97,9.99,11.43,1.77,4.85,NA,NA,NA,NA,NA,NA,26.67,35.63,0.33,122.64,0.00,0.00,NA,NA,NA
2021-11-04 00:00:00,89.28,187.39,10.51,18.80,30.10,32.11,16.15,0.85,4.28,NA,NA,NA,NA,NA,NA,25.02,35.64,0.61,158.51,0.00,0.00,NA,NA,NA
2021-11-05 00:00:00,77.73,162.35,41.33,59.91,100.64,58.70,41.53,1.56,4.29,NA,NA,NA,NA,NA,NA,24.98,34.94,0.60,91.08,0.00,0.00,NA,NA,NA
2021-11-06 00:00:00,61.05,132.50,27.24,31.30,58.53,49.05,38.32,1.63,2.66,NA,NA,NA,NA,NA,NA,24.25,33.59,0.55,84.89,0.00,0.00,NA,NA,NA
2021-11-07 00:00:00,53.31,114.38,23.46,29.71,53.17,46.69,38.01,1.67,2.57,NA,NA,NA,NA,NA,NA,24.23,32.50,0.62,77.78,0.00,0.00,NA,NA,NA
2021-11-08 00:00:00,66.92,139.91,29.93,30.79,60.72,48.68,28.62,1.76,3.24,NA,NA,NA,NA,NA,NA,24.87,35.78,0.62,95.83,0.00,0.00,NA,NA,NA
2021-11-09 00:00:00,61.99,127.49,38.12,31.78,69.91,50.76,2.98,1.89,4.59,NA,NA,NA,NA,NA,NA,25.16,33.79,0.50,136.30,0.00,0.00,NA,NA,NA
2021-11-10 00:00:00,79.17,158.26,52.18,35.13,87.31,55.21,3.75,2.09,4.53,NA,NA,NA,NA,NA,NA,24.70,33.99,0.48,52.54,0.00,0.00,NA,NA,NA
2021-11-11 00:00:00,80.16,159.70,63.14,37.12,100.26,59.25,2.85,2.24,4.38,NA,NA,NA,NA,NA,NA,24.16,35.96,0.47,46.69,0.00,0.00,NA,NA,NA
2021-11-12 00:00:00,70.57,146.15,58.76,61.78,93.44,68.61,3.00,1.98,4.35,NA,NA,NA,NA,NA,NA,24.16,31.19,0.57,82.64,0.00,0.00,NA,NA,NA
2021-11-13 00:00:00,69.86,145.72,22.63,41.20,50.68,60.49,3.76,1.87,4.45,NA,NA,NA,NA,NA,NA,23.70,33.31,0.71,94.42,0.00,0.00,NA,NA,NA
2021-11-14 00:00:00,87.10,181.17,16.95,27.51,44.34,43.81,4.45,1.96,4.45,NA,NA,NA,NA,NA,NA,23.58,39.03,0.51,191.26,0.00,0.00,NA,NA,NA
2021-11-15 00:00:00,100.29,204.70,16.46,28.50,44.95,43.57,4.45,2.04,4.41,NA,NA,NA,NA,NA,NA,23.57,39.40,0.55,215.92,0.00,0.00,NA,NA,NA
2021-11-16 00:00:00,76.96,166.74,11.01,26.20,37.16,41.54,4.41,1.89,4.59,NA,NA,NA,NA,NA,NA,23.58,35.04,1.07,192.64,0.00,0.00,NA,NA,NA
2021-11-17 00:00:00,62.76,135.66,11.62,26.19,37.78,41.96,6.26,1.87,4.75,NA,NA,NA,NA,NA,NA,23.99,35.50,1.17,101.38,0.00,0.00,NA,NA,NA
2021-11-18 00:00:00,62.52,133.96,11.12,25.40,36.51,41.77,5.04,1.93,4.94,NA,NA,NA,NA,NA,NA,23.11,55.58,1.42,161.89,0.00,0.00,NA,NA,NA
2021-11-19 00:00:00,49.20,106.41,15.07,23.26,37.80,42.56,3.47,1.97,5.15,NA,NA,NA,NA,NA,NA,23.31,69.34,1.26,248.49,0.00,0.00,NA,NA,NA
2021-11-20 00:00:00,26.77,60.73,16.30,22.98,40.10,42.36,4.12,1.95,5.11,NA,NA,NA,NA,NA,NA,25.18,61.14,1.11,189.77,0.00,0.00,NA,NA,NA
2021-11-21 00:00:00,22.69,49.97,18.77,31.12,49.52,50.08,3.99,2.06,5.20,NA,NA,NA,NA,NA,NA,25.86,61.83,0.94,203.16,0.00,0.00,NA,NA,NA
2021-11-22 00:00:00,33.70,84.80,12.57,22.65,35.22,40.85,5.10,1.92,9.30,NA,NA,NA,NA,NA,NA,26.99,57.42,0.59,235.87,0.00,0.00,NA,NA,NA
2021-11-23 00:00:00,53.11,127.84,15.31,24.98,40.28,41.81,4.74,2.05,7.70,NA,NA,NA,NA,NA,NA,26.48,54.98,0.30,229.89,0.00,0.00,NA,NA,NA
2021-11-24 00:00:00,71.62,156.69,24.39,29.46,53.85,44.79,5.70,2.18,6.47,NA,NA,NA,NA,NA,NA,24.35,49.44,0.21,194.97,0.00,0.00,NA,NA,NA
2021-11-25 00:00:00,84.20,177.77,33.18,33.11,66.30,48.56,14.44,2.20,5.02,NA,NA,NA,NA,NA,NA,23.61,50.09,0.26,232.27,0.00,0.00,NA,NA,NA
2021-11-26 00:00:00,70.17,147.10,28.64,31.89,60.53,46.90,8.45,2.23,8.64,NA,NA,NA,NA,NA,NA,24.35,50.54,0.38,261.84,0.00,0.00,NA,NA,NA
2021-11-27 00:00:00,79.82,165.35,43.22,37.05,79.29,53.52,6.59,2.42,7.05,NA,NA,NA,NA,NA,NA,24.88,45.99,0.31,241.21,0.00,0.00,NA,NA,NA
2021-11-28 00:00:00,51.62,109.28,36.84,34.79,70.70,51.68,5.79,2.17,7.75,NA,NA,NA,NA,NA,NA,24.42,40.60,0.48,223.20,0.00,0.00,NA,NA,NA
2021-11-29 00:00:00,52.53,109.84,7.08,10.94,18.20,37.95,6.48,2.11,10.38,NA,NA,NA,NA,NA,NA,23.98,38.56,0.69,273.36,0.00,0.00,NA,NA,NA
2021-11-30 00:00:00,46.94,99.45,NA,NA,NA,NA,4.28,2.14,13.40,NA,NA,NA,NA,NA,NA,23.42,39.64,0.98,193.46,0.00,0.00,NA,NA,NA
2021-12-01 00:00:00,44.37,91.94,12.27,2.39,14.13,34.19,4.39,2.18,10.93,NA,NA,NA,NA,NA,NA,20.18,66.76,0.81,226.97,0.01,1.00,NA,NA,NA
2021-12-02 00:00:00,34.94,72.26,13.09,9.38,27.01,36.00,3.58,2.02,10.80,NA,NA,NA,NA,NA,NA,17.01,79.44,1.43,230.57,0.00,0.40,NA,NA,NA
2021-12-03 00:00:00,34.63,84.18,49.30,31.19,57.52,67.81,5.26,2.05,10.83,NA,NA,NA,NA,NA,NA,19.81,61.64,1.13,195.14,0.00,0.00,NA,NA,NA
2021-12-04 00:00:00,65.96,142.75,46.72,100.22,113.52,108.83,4.83,2.46,11.00,NA,NA,NA,NA,NA,NA,21.55,63.36,0.75,196.81,0.00,0.00,NA,NA,NA
2021-12-05 00:00:00,85.56,182.77,18.60,58.36,32.29,64.74,1.74,2.55,10.53,NA,NA,NA,NA,NA,NA,23.11,62.08,0.37,278.44,0.00,0.00,NA,NA,NA
2021-12-06 00:00:00,73.14,146.98,17.03,8.37,27.79,34.92,6.36,2.31,7.45,NA,NA,NA,NA,NA,NA,23.46,56.68,0.42,122.51,0.00,0.00,NA,NA,NA
2021-12-07 00:00:00,61.36,133.11,12.89,8.01,21.78,32.47,3.96,2.28,11.32,NA,NA,NA,NA,NA,NA,22.69,59.63,0.75,238.66,0.00,0.00,NA,NA,NA
2021-12-08 00:00:00,54.02,114.12,14.70,10.17,23.64,33.19,4.38,2.23,11.91,NA,NA,NA,NA,NA,NA,22.21,49.81,0.68,229.40,0.00,0.00,NA,NA,NA
2021-12-09 00:00:00,52.64,109.75,26.23,16.45,34.14,39.28,6.67,2.20,12.88,NA,NA,NA,NA,NA,NA,22.13,46.08,0.77,227.60,0.00,0.00,NA,NA,NA
2021-12-10 00:00:00,61.82,128.61,8.88,6.68,14.98,33.63,5.33,2.27,13.27,NA,NA,NA,NA,NA,NA,21.62,51.06,0.82,269.30,0.00,0.00,NA,NA,NA
2021-12-11 00:00:00,54.01,113.04,7.22,18.05,17.26,36.82,5.66,2.33,13.22,NA,NA,NA,NA,NA,NA,21.31,50.01,0.70,248.48,0.00,0.00,NA,NA,NA
2021-12-12 00:00:00,70.84,145.96,14.00,8.49,20.47,33.47,7.05,2.40,11.02,NA,NA,NA,NA,NA,NA,21.52,51.53,0.55,237.77,0.00,0.00,NA,NA,NA
2021-12-13 00:00:00,62.25,126.46,39.12,23.44,62.30,47.24,12.32,2.36,11.40,NA,NA,NA,NA,NA,NA,22.49,51.03,0.49,257.28,0.00,0.00,NA,NA,NA
2021-12-14 00:00:00,63.97,126.36,87.18,83.60,95.90,90.98,8.46,2.30,10.15,NA,NA,NA,NA,NA,NA,21.68,32.49,0.44,276.14,0.00,0.00,NA,NA,NA
2021-12-15 00:00:00,73.88,142.97,7.61,7.56,13.81,31.85,8.04,1.62,11.02,NA,NA,NA,NA,NA,NA,20.87,48.50,0.59,285.10,0.00,0.00,NA,NA,NA
2021-12-16 00:00:00,65.46,133.01,58.87,26.35,62.69,54.67,6.03,0.31,10.67,NA,NA,NA,NA,NA,NA,20.47,37.55,0.51,239.80,0.00,0.00,NA,NA,NA
2021-12-17 00:00:00,79.13,161.94,21.58,2.29,21.53,32.73,7.00,0.33,12.60,NA,NA,NA,NA,NA,NA,18.71,42.86,0.90,263.18,0.00,0.00,NA,NA,NA
2021-12-18 00:00:00,68.82,146.06,19.40,1.21,18.67,32.35,6.06,0.26,15.73,NA,NA,NA,NA,NA,NA,18.02,40.21,1.29,76.79,0.00,0.00,NA,NA,NA
2021-12-19 00:00:00,44.20,90.61,14.21,2.65,14.08,32.45,5.40,0.24,13.19,NA,NA,NA,NA,NA,NA,17.63,32.27,1.07,53.57,0.00,0.00,NA,NA,NA
2021-12-20 00:00:00,53.41,107.99,21.21,5.47,23.10,34.37,6.22,0.35,10.40,NA,NA,NA,NA,NA,NA,17.88,31.98,0.69,4.92,0.00,0.00,NA,NA,NA
2021-12-21 00:00:00,105.02,201.73,34.45,4.15,35.82,37.09,9.17,0.90,7.58,NA,NA,NA,NA,NA,NA,18.66,39.06,0.33,209.17,0.00,0.00,NA,NA,NA
2021-12-22 00:00:00,142.71,269.46,55.02,12.80,65.53,36.04,5.34,1.09,6.70,NA,NA,NA,NA,NA,NA,19.01,44.62,0.22,257.72,0.00,0.00,NA,NA,NA
2021-12-23 00:00:00,199.91,374.39,64.04,14.01,75.41,37.30,9.77,1.62,6.59,NA,NA,NA,NA,NA,NA,19.58,53.40,0.16,188.34,0.00,0.00,NA,NA,NA
2021-12-24 00:00:00,107.17,207.88,39.42,11.88,51.08,32.44,6.35,0.92,4.62,NA,NA,NA,NA,NA,NA,20.68,69.52,0.22,237.67,0.00,0.00,NA,NA,NA
2021-12-25 00:00:00,101.35,192.77,28.05,7.52,34.15,33.96,5.40,0.96,5.64,NA,NA,NA,NA,NA,NA,21.05,68.64,0.22,213.70,0.00,0.00,NA,NA,NA
2021-12-26 00:00:00,107.06,203.35,35.34,9.77,44.76,33.14,3.52,0.99,6.88,NA,NA,NA,NA,NA,NA,20.95,60.24,0.22,242.54,0.00,0.00,NA,NA,NA
2021-12-27 00:00:00,110.54,212.22,24.85,9.44,33.13,33.89,3.95,0.73,6.56,NA,NA,NA,NA,NA,NA,21.92,57.48,0.35,245.63,0.00,0.00,NA,NA,NA
2021-12-28 00:00:00,42.97,85.49,18.78,15.72,24.97,45.17,4.32,0.44,7.02,NA,NA,NA,NA,NA,NA,19.19,79.58,0.64,303.43,0.00,0.00,NA,NA,NA
2021-12-29 00:00:00,40.79,84.71,10.32,9.89,21.06,33.23,4.66,0.36,9.39,NA,NA,NA,NA,NA,NA,18.12,64.45,1.00,198.33,0.00,0.00,NA,NA,NA
2021-12-30 00:00:00,50.62,108.46,9.18,9.97,17.30,36.90,3.66,0.30,12.95,NA,NA,NA,NA,NA,NA,17.90,55.64,1.39,151.64,0.00,0.00,NA,NA,NA
2021-12-31 00:00:00,46.43,96.74,4.84,4.28,9.03,30.99,4.53,0.34,13.80,NA,NA,NA,NA,NA,NA,18.06,58.56,1.35,226.60,0.00,0.00,NA,NA,NA
