Timestamp,PM2.5 (µg/m³),PM10 (µg/m³),NO (µg/m³),NO2 (µg/m³),NOx (ppb),NH3 (µg/m³),SO2 (µg/m³),CO (mg/m³),Ozone (µg/m³),Benzene (µg/m³),Toluene (µg/m³),Xylene (µg/m³),O Xylene (µg/m³),Eth-Benzene (µg/m³),MP-Xylene (µg/m³),AT (°C),RH (%),WS (m/s),WD (deg),RF (mm),TOT-RF (mm),SR (W/mt2),BP (mmHg),VWS (m/s)
2021-01-01 00:00:00,NA,119.66,3.59,12.37,15.93,NA,8.26,NA,NA,NA,NA,NA,NA,NA,NA,NA,NA,NA,NA,NA,NA,NA,NA,NA
2021-01-02 00:00:00,NA,56.16,4.71,15.84,20.55,NA,8.77,3.25,NA,NA,NA,NA,NA,NA,NA,NA,NA,NA,NA,NA,NA,NA,NA,NA
2021-01-03 00:00:00,NA,294.75,4.74,15.88,20.62,NA,8.98,NA,NA,NA,NA,NA,NA,NA,NA,NA,NA,NA,NA,NA,NA,NA,NA,NA
2021-01-04 00:00:00,NA,216.81,4.60,15.71,20.31,NA,8.72,1.25,NA,NA,NA,NA,NA,NA,NA,NA,NA,NA,NA,NA,NA,NA,NA,NA
2021-01-05 00:00:00,NA,158.79,6.41,17.38,23.74,NA,8.29,1.97,NA,NA,NA,NA,NA,NA,NA,NA,NA,NA,NA,NA,NA,NA,NA,NA
2021-01-06 00:00:00,NA,95.95,6.54,17.32,23.04,NA,8.37,3.00,NA,NA,NA,NA,NA,NA,NA,NA,NA,NA,NA,NA,NA,NA,NA,NA
2021-01-07 00:00:00,NA,42.15,5.38,16.48,21.65,NA,9.03,1.72,NA,NA,NA,NA,NA,NA,NA,NA,NA,NA,NA,NA,NA,NA,NA,NA
2021-01-08 00:00:00,NA,69.32,4.77,15.99,20.77,NA,12.86,1.74,NA,NA,NA,NA,NA,NA,NA,NA,NA,NA,NA,NA,NA,NA,NA,NA
2021-01-09 00:00:00,NA,79.48,6.44,17.35,23.79,NA,3.07,NA,NA,NA,NA,NA,NA,NA,NA,NA,NA,NA,NA,NA,NA,NA,NA,NA
2021-01-10 00:00:00,NA,77.58,8.83,20.06,28.90,NA,3.76,NA,NA,NA,NA,NA,NA,NA,NA,NA,NA,NA,NA,NA,NA,NA,NA,NA
2021-01-11 00:00:00,NA,111.97,6.90,18.02,24.63,NA,4.74,NA,NA,NA,NA,NA,NA,NA,NA,NA,NA,NA,NA,NA,NA,NA,NA,NA
2021-01-12 00:00:00,NA,109.22,5.70,17.10,22.78,NA,5.03,0.63,NA,NA,NA,NA,NA,NA,NA,NA,NA,NA,NA,NA,NA,NA,NA,NA
2021-01-13 00:00:00,NA,104.49,4.47,14.88,19.35,NA,7.11,NA,NA,NA,NA,NA,NA,NA,NA,NA,NA,NA,NA,NA,NA,NA,NA,NA
2021-01-14 00:00:00,NA,91.32,4.39,14.86,19.25,NA,5.73,NA,NA,NA,NA,NA,NA,NA,NA,NA,NA,NA,NA,NA,NA,NA,NA,NA
2021-01-15 00:00:00,NA,115.00,4.46,14.96,19.43,NA,5.87,0.83,NA,NA,NA,NA,NA,NA,NA,NA,NA,NA,NA,NA,NA,NA,NA,NA
2021-01-16 00:00:00,NA,108.29,4.50,14.88,19.38,NA,8.15,0.58,NA,NA,NA,NA,NA,NA,NA,NA,NA,NA,NA,NA,NA,NA,NA,NA
2021-01-17 00:00:00,NA,85.89,4.23,14.70,18.92,NA,6.95,NA,NA,NA,NA,NA,NA,NA,NA,NA,NA,NA,NA,NA,NA,NA,NA,NA
2021-01-18 00:00:00,NA,97.37,5.68,15.68,21.36,NA,6.93,NA,NA,NA,NA,NA,NA,NA,NA,NA,NA,NA,NA,NA,NA,NA,NA,NA
2021-01-19 00:00:00,NA,98.59,5.36,15.77,21.01,NA,5.23,NA,NA,NA,NA,NA,NA,NA,NA,NA,NA,NA,NA,NA,NA,NA,NA,NA
2021-01-20 00:00:00,NA,126.46,4.73,15.18,19.90,NA,6.93,NA,NA,NA,NA,NA,NA,NA,NA,NA,NA,NA,NA,NA,NA,NA,NA,NA
2021-01-21 00:00:00,NA,121.38,4.90,15.34,20.18,NA,5.88,NA,NA,NA,NA,NA,NA,NA,NA,NA,NA,NA,NA,NA,NA,NA,NA,NA
2021-01-22 00:00:00,NA,108.58,5.13,15.63,20.77,NA,6.71,NA,NA,NA,NA,NA,NA,NA,NA,NA,NA,NA,NA,NA,NA,NA,NA,NA
2021-01-23 00:00:00,NA,120.92,4.80,16.08,20.88,NA,7.31,NA,NA,NA,NA,NA,NA,NA,NA,NA,NA,NA,NA,NA,NA,NA,NA,NA
2021-01-24 00:00:00,NA,108.38,4.77,15.93,20.70,NA,6.75,NA,NA,NA,NA,NA,NA,NA,NA,NA,NA,NA,NA,NA,NA,NA,NA,NA
2021-01-25 00:00:00,NA,103.98,4.90,15.91,20.80,NA,5.75,NA,NA,NA,NA,NA,NA,NA,NA,NA,NA,NA,NA,NA,NA,NA,NA,NA
2021-01-26 00:00:00,NA,97.26,4.76,15.98,20.74,NA,7.42,NA,NA,NA,NA,NA,NA,NA,NA,NA,NA,NA,NA,NA,NA,NA,NA,NA
2021-01-27 00:00:00,NA,108.15,4.79,15.93,20.71,NA,7.31,1.11,NA,NA,NA,NA,NA,NA,NA,NA,NA,NA,NA,NA,NA,NA,NA,NA
2021-01-28 00:00:00,NA,117.72,7.03,17.84,24.87,NA,5.38,1.33,NA,NA,NA,NA,NA,NA,NA,NA,NA,NA,NA,NA,NA,NA,NA,NA
2021-01-29 00:00:00,NA,126.65,6.25,17.42,23.40,NA,6.62,1.19,NA,NA,NA,NA,NA,NA,NA,NA,NA,NA,NA,NA,NA,NA,NA,NA
2021-01-30 00:00:00,NA,121.72,5.12,16.25,21.37,NA,6.78,1.15,NA,NA,NA,NA,NA,NA,NA,NA,NA,NA,NA,NA,NA,NA,NA,NA
2021-01-31 00:00:00,NA,112.19,4.68,16.06,20.74,NA,7.12,1.09,NA,NA,NA,NA,NA,NA,NA,NA,NA,NA,NA,NA,NA,NA,NA,NA
2021-02-01 00:00:00,NA,187.91,5.19,16.21,21.30,NA,7.49,1.24,NA,NA,NA,NA,NA,NA,NA,NA,NA,NA,NA,NA,NA,NA,NA,NA
2021-02-02 00:00:00,NA,223.76,4.98,16.14,21.12,NA,7.07,2.10,NA,NA,NA,NA,NA,NA,NA,NA,NA,NA,NA,NA,NA,NA,NA,NA
2021-02-03 00:00:00,NA,199.90,5.13,16.25,21.39,NA,8.33,NA,NA,NA,NA,NA,NA,NA,NA,NA,NA,NA,NA,NA,NA,NA,NA,NA
2021-02-04 00:00:00,NA,148.55,5.25,16.17,21.42,NA,6.34,1.76,NA,NA,NA,NA,NA,NA,NA,NA,NA,NA,NA,NA,NA,NA,NA,NA
2021-02-05 00:00:00,NA,39.26,5.14,16.38,21.52,NA,6.60,NA,NA,NA,NA,NA,NA,NA,NA,NA,NA,NA,NA,NA,NA,NA,NA,NA
2021-02-06 00:00:00,NA,33.01,5.19,16.40,21.58,NA,9.02,NA,NA,NA,NA,NA,NA,NA,NA,NA,NA,NA,NA,NA,NA,NA,NA,NA
2021-02-07 00:00:00,NA,NA,5.59,16.75,22.34,NA,7.04,NA,NA,NA,NA,NA,NA,NA,NA,NA,NA,NA,NA,NA,NA,NA,NA,NA
2021-02-08 00:00:00,NA,16.17,5.99,16.91,22.97,NA,8.30,1.39,NA,NA,NA,NA,NA,NA,NA,NA,NA,NA,NA,NA,NA,NA,NA,NA
2021-02-09 00:00:00,NA,39.40,6.24,17.26,23.54,NA,7.13,1.25,NA,NA,NA,NA,NA,NA,NA,NA,NA,NA,NA,NA,NA,NA,NA,NA
2021-02-10 00:00:00,NA,111.70,7.63,23.14,30.76,NA,7.67,1.06,NA,NA,NA,NA,NA,NA,NA,NA,NA,NA,NA,NA,NA,NA,NA,NA
2021-02-11 00:00:00,NA,170.86,10.02,33.30,43.31,NA,10.73,NA,NA,NA,NA,NA,NA,NA,NA,NA,NA,NA,NA,NA,NA,NA,NA,NA
2021-02-12 00:00:00,NA,169.83,9.80,33.28,43.05,NA,10.58,NA,NA,NA,NA,NA,NA,NA,NA,NA,NA,NA,NA,NA,NA,NA,NA,NA
2021-02-13 00:00:00,NA,166.84,10.20,33.28,43.47,NA,11.32,NA,NA,NA,NA,NA,NA,NA,NA,NA,NA,NA,NA,NA,NA,NA,NA,NA
2021-02-14 00:00:00,NA,160.05,10.02,33.37,43.37,NA,11.02,NA,NA,NA,NA,NA,NA,NA,NA,NA,NA,NA,NA,NA,NA,NA,NA,NA
2021-02-15 00:00:00,NA,185.22,10.37,33.34,43.71,NA,9.67,NA,NA,NA,NA,NA,NA,NA,NA,NA,NA,NA,NA,NA,NA,NA,NA,NA
2021-02-16 00:00:00,NA,48.96,8.79,26.37,16.63,NA,6.64,0.00,NA,NA,NA,NA,NA,NA,NA,NA,NA,NA,NA,NA,NA,NA,NA,NA
2021-02-17 00:00:00,NA,62.73,10.08,27.53,37.60,NA,8.96,1.13,NA,NA,NA,NA,NA,NA,NA,NA,NA,NA,NA,NA,NA,NA,NA,NA
2021-02-18 00:00:00,NA,62.21,10.34,27.66,38.01,NA,7.63,1.26,NA,NA,NA,NA,NA,NA,NA,NA,NA,NA,NA,NA,NA,NA,NA,NA
2021-02-19 00:00:00,NA,55.97,10.68,27.66,38.33,NA,7.88,NA,NA,NA,NA,NA,NA,NA,NA,NA,NA,NA,NA,NA,NA,NA,NA,NA
2021-02-20 00:00:00,NA,19.15,10.98,27.97,38.95,NA,8.13,NA,NA,NA,NA,NA,NA,NA,NA,NA,NA,NA,NA,NA,NA,NA,NA,NA
2021-02-21 00:00:00,NA,NA,10.70,28.06,38.76,NA,8.81,NA,NA,NA,NA,NA,NA,NA,NA,NA,NA,NA,NA,NA,NA,NA,NA,NA
2021-02-22 00:00:00,NA,21.67,10.70,27.97,38.65,NA,8.11,NA,NA,NA,NA,NA,NA,NA,NA,NA,NA,NA,NA,NA,NA,NA,NA,NA
2021-02-23 00:00:00,NA,53.30,9.57,26.77,36.25,NA,8.51,1.63,NA,NA,NA,NA,NA,NA,NA,NA,NA,NA,NA,NA,NA,NA,NA,NA
2021-02-24 00:00:00,NA,90.87,10.39,27.77,38.16,NA,8.34,NA,NA,NA,NA,NA,NA,NA,NA,NA,NA,NA,NA,NA,NA,NA,NA,NA
2021-02-25 00:00:00,NA,64.14,10.25,27.55,37.79,NA,7.31,NA,NA,NA,NA,NA,NA,NA,NA,NA,NA,NA,NA,NA,NA,NA,NA,NA
2021-02-26 00:00:00,NA,127.24,10.31,27.60,37.90,NA,6.48,2.84,NA,NA,NA,NA,NA,NA,NA,NA,NA,NA,NA,NA,NA,NA,NA,NA
2021-02-27 00:00:00,NA,87.09,10.39,27.49,37.88,NA,7.59,NA,NA,NA,NA,NA,NA,NA,NA,NA,NA,NA,NA,NA,NA,NA,NA,NA
2021-02-28 00:00:00,NA,NA,NA,NA,NA,NA,NA,NA,NA,NA,NA,NA,NA,NA,NA,NA,NA,NA,NA,NA,NA,NA,NA,NA
2021-03-01 00:00:00,NA,NA,8.88,26.03,34.91,NA,8.47,NA,NA,NA,NA,NA,NA,NA,NA,NA,NA,NA,NA,NA,NA,NA,NA,NA
2021-03-02 00:00:00,NA,NA,9.05,26.17,35.22,NA,7.64,NA,NA,NA,NA,NA,NA,NA,NA,NA,NA,NA,NA,NA,NA,NA,NA,NA
2021-03-03 00:00:00,NA,NA,9.15,26.18,35.33,NA,8.81,NA,NA,NA,NA,NA,NA,NA,NA,NA,NA,NA,NA,NA,NA,NA,NA,NA
2021-03-04 00:00:00,NA,NA,9.63,26.76,36.38,NA,7.48,NA,NA,NA,NA,NA,NA,NA,NA,NA,NA,NA,NA,NA,NA,NA,NA,NA
2021-03-05 00:00:00,NA,70.05,10.18,27.20,37.37,NA,8.94,0.54,NA,NA,NA,NA,NA,NA,NA,NA,NA,NA,NA,NA,NA,NA,NA,NA
2021-03-06 00:00:00,NA,70.05,14.69,30.25,44.75,NA,9.02,0.50,NA,NA,NA,NA,NA,NA,NA,NA,NA,NA,NA,NA,NA,NA,NA,NA
2021-03-07 00:00:00,NA,NA,19.96,37.51,56.72,NA,8.36,3.74,NA,NA,NA,NA,NA,NA,NA,NA,NA,NA,NA,NA,NA,NA,NA,NA
2021-03-08 00:00:00,NA,NA,17.34,33.31,50.50,NA,8.09,4.60,NA,NA,NA,NA,NA,NA,NA,NA,NA,NA,NA,NA,NA,NA,NA,NA
2021-03-09 00:00:00,NA,NA,NA,NA,NA,NA,NA,NA,NA,NA,NA,NA,NA,NA,NA,NA,NA,NA,NA,NA,NA,NA,NA,NA
2021-03-10 00:00:00,NA,NA,NA,NA,NA,NA,NA,NA,NA,NA,NA,NA,NA,NA,NA,NA,NA,NA,NA,NA,NA,NA,NA,NA
2021-03-11 00:00:00,NA,NA,NA,NA,NA,NA,NA,NA,NA,NA,NA,NA,NA,NA,NA,NA,NA,NA,NA,NA,NA,NA,NA,NA
2021-03-12 00:00:00,NA,NA,NA,NA,NA,NA,NA,NA,NA,NA,NA,NA,NA,NA,NA,NA,NA,NA,NA,NA,NA,NA,NA,NA
2021-03-13 00:00:00,NA,NA,NA,NA,NA,NA,NA,NA,NA,NA,NA,NA,NA,NA,NA,NA,NA,NA,NA,NA,NA,NA,NA,NA
2021-03-14 00:00:00,NA,NA,NA,NA,NA,NA,NA,NA,NA,NA,NA,NA,NA,NA,NA,NA,NA,NA,NA,NA,NA,NA,NA,NA
2021-03-15 00:00:00,NA,NA,NA,NA,NA,NA,NA,NA,NA,NA,NA,NA,NA,NA,NA,NA,NA,NA,NA,NA,NA,NA,NA,NA
2021-03-16 00:00:00,NA,NA,NA,NA,NA,NA,NA,NA,NA,NA,NA,NA,NA,NA,NA,NA,NA,NA,NA,NA,NA,NA,NA,NA
2021-03-17 00:00:00,NA,NA,NA,NA,NA,NA,NA,NA,NA,NA,NA,NA,NA,NA,NA,NA,NA,NA,NA,NA,NA,NA,NA,NA
2021-03-18 00:00:00,NA,NA,NA,NA,NA,NA,NA,NA,NA,NA,NA,NA,NA,NA,NA,NA,NA,NA,NA,NA,NA,NA,NA,NA
2021-03-19 00:00:00,NA,NA,NA,NA,NA,NA,NA,NA,NA,NA,NA,NA,NA,NA,NA,NA,NA,NA,NA,NA,NA,NA,NA,NA
2021-03-20 00:00:00,NA,NA,NA,NA,NA,NA,NA,NA,NA,NA,NA,NA,NA,NA,NA,NA,NA,NA,NA,NA,NA,NA,NA,NA
2021-03-21 00:00:00,NA,NA,NA,NA,NA,NA,NA,NA,NA,NA,NA,NA,NA,NA,NA,NA,NA,NA,NA,NA,NA,NA,NA,NA
2021-03-22 00:00:00,NA,96.98,13.71,22.86,36.57,NA,7.38,3.45,NA,NA,NA,NA,NA,NA,NA,NA,NA,NA,NA,NA,NA,NA,NA,NA
2021-03-23 00:00:00,NA,94.16,13.25,22.56,29.45,NA,8.55,1.00,NA,NA,NA,NA,NA,NA,NA,NA,NA,NA,NA,NA,NA,NA,NA,NA
2021-03-24 00:00:00,NA,91.00,13.90,22.74,36.17,NA,10.09,2.28,NA,NA,NA,NA,NA,NA,NA,NA,NA,NA,NA,NA,NA,NA,NA,NA
2021-03-25 00:00:00,NA,91.29,13.44,22.64,35.77,NA,9.08,1.02,NA,NA,NA,NA,NA,NA,NA,NA,NA,NA,NA,NA,NA,NA,NA,NA
2021-03-26 00:00:00,NA,91.48,13.16,22.44,35.21,NA,10.27,0.00,NA,NA,NA,NA,NA,NA,NA,NA,NA,NA,NA,NA,NA,NA,NA,NA
2021-03-27 00:00:00,NA,91.49,13.92,22.90,36.42,NA,8.75,0.00,NA,NA,NA,NA,NA,NA,NA,NA,NA,NA,NA,NA,NA,NA,NA,NA
2021-03-28 00:00:00,NA,91.49,14.00,23.00,36.99,NA,8.83,0.00,NA,NA,NA,NA,NA,NA,NA,NA,NA,NA,NA,NA,NA,NA,NA,NA
2021-03-29 00:00:00,NA,89.20,32.24,34.11,36.10,NA,9.33,0.81,NA,NA,NA,NA,NA,NA,NA,NA,NA,NA,NA,NA,NA,NA,NA,NA
2021-03-30 00:00:00,NA,82.87,13.75,22.81,28.00,NA,8.68,0.76,NA,NA,NA,NA,NA,NA,NA,NA,NA,NA,NA,NA,NA,NA,NA,NA
2021-03-31 00:00:00,NA,82.88,14.14,22.75,35.34,NA,9.10,0.77,NA,NA,NA,NA,NA,NA,NA,NA,NA,NA,NA,NA,NA,NA,NA,NA
2021-04-01 00:00:00,NA,82.91,13.28,22.63,34.01,NA,9.05,0.61,NA,NA,NA,NA,NA,NA,NA,NA,NA,NA,NA,NA,NA,NA,NA,NA
2021-04-02 00:00:00,NA,82.93,14.05,22.97,37.01,NA,7.25,0.02,NA,NA,NA,NA,NA,NA,NA,NA,NA,NA,NA,NA,NA,NA,NA,NA
2021-04-03 00:00:00,NA,NA,NA,NA,NA,NA,NA,NA,NA,NA,NA,NA,NA,NA,NA,NA,NA,NA,NA,NA,NA,NA,NA,NA
2021-04-04 00:00:00,NA,NA,NA,NA,NA,NA,NA,NA,NA,NA,NA,NA,NA,NA,NA,NA,NA,NA,NA,NA,NA,NA,NA,NA
2021-04-05 00:00:00,NA,83.11,14.77,22.82,35.43,NA,10.26,0.92,NA,NA,NA,NA,NA,NA,NA,NA,NA,NA,NA,NA,NA,NA,NA,NA
2021-04-06 00:00:00,NA,84.26,13.26,22.86,35.73,NA,9.48,2.25,NA,NA,NA,NA,NA,NA,NA,NA,NA,NA,NA,NA,NA,NA,NA,NA
2021-04-07 00:00:00,NA,84.17,13.12,22.56,35.67,NA,10.04,1.81,NA,NA,NA,NA,NA,NA,NA,NA,NA,NA,NA,NA,NA,NA,NA,NA
2021-04-08 00:00:00,NA,84.42,13.46,22.86,36.32,NA,9.88,0.00,NA,NA,NA,NA,NA,NA,NA,NA,NA,NA,NA,NA,NA,NA,NA,NA
2021-04-09 00:00:00,NA,83.95,17.68,45.48,44.03,NA,8.34,0.04,NA,NA,NA,NA,NA,NA,NA,NA,NA,NA,NA,NA,NA,NA,NA,NA
2021-04-10 00:00:00,NA,83.40,22.36,33.62,55.91,NA,8.30,0.00,NA,NA,NA,NA,NA,NA,NA,NA,NA,NA,NA,NA,NA,NA,NA,NA
2021-04-11 00:00:00,NA,83.35,24.13,34.34,58.45,NA,8.09,0.00,NA,NA,NA,NA,NA,NA,NA,NA,NA,NA,NA,NA,NA,NA,NA,NA
2021-04-12 00:00:00,NA,82.47,34.51,76.07,48.19,NA,9.52,0.00,NA,NA,NA,NA,NA,NA,NA,NA,NA,NA,NA,NA,NA,NA,NA,NA
2021-04-13 00:00:00,NA,82.09,NA,436.16,0.00,NA,9.65,0.00,NA,NA,NA,NA,NA,NA,NA,NA,NA,NA,NA,NA,NA,NA,NA,NA
2021-04-14 00:00:00,NA,82.12,23.32,36.27,47.66,NA,9.43,0.56,NA,NA,NA,NA,NA,NA,NA,NA,NA,NA,NA,NA,NA,NA,NA,NA
2021-04-15 00:00:00,NA,82.09,23.26,34.58,53.56,NA,9.31,2.01,NA,NA,NA,NA,NA,NA,NA,NA,NA,NA,NA,NA,NA,NA,NA,NA
2021-04-16 00:00:00,NA,82.07,25.10,36.11,59.90,NA,8.37,0.95,NA,NA,NA,NA,NA,NA,NA,NA,NA,NA,NA,NA,NA,NA,NA,NA
2021-04-17 00:00:00,NA,82.10,25.28,36.27,60.84,NA,8.80,0.93,NA,NA,NA,NA,NA,NA,NA,NA,NA,NA,NA,NA,NA,NA,NA,NA
2021-04-18 00:00:00,NA,82.08,25.45,36.04,61.21,NA,8.17,0.70,NA,NA,NA,NA,NA,NA,NA,NA,NA,NA,NA,NA,NA,NA,NA,NA
2021-04-19 00:00:00,NA,82.05,26.36,36.22,45.07,NA,9.94,0.16,NA,NA,NA,NA,NA,NA,NA,NA,NA,NA,NA,NA,NA,NA,NA,NA
2021-04-20 00:00:00,NA,NA,NA,NA,NA,NA,NA,NA,NA,NA,NA,NA,NA,NA,NA,NA,NA,NA,NA,NA,NA,NA,NA,NA
2021-04-21 00:00:00,NA,NA,NA,NA,NA,NA,NA,NA,NA,NA,NA,NA,NA,NA,NA,NA,NA,NA,NA,NA,NA,NA,NA,NA
2021-04-22 00:00:00,NA,NA,NA,NA,NA,NA,NA,NA,NA,NA,NA,NA,NA,NA,NA,NA,NA,NA,NA,NA,NA,NA,NA,NA
2021-04-23 00:00:00,NA,NA,NA,NA,NA,NA,NA,NA,NA,NA,NA,NA,NA,NA,NA,NA,NA,NA,NA,NA,NA,NA,NA,NA
2021-04-24 00:00:00,NA,NA,NA,NA,NA,NA,NA,NA,NA,NA,NA,NA,NA,NA,NA,NA,NA,NA,NA,NA,NA,NA,NA,NA
2021-04-25 00:00:00,NA,NA,NA,NA,NA,NA,NA,NA,NA,NA,NA,NA,NA,NA,NA,NA,NA,NA,NA,NA,NA,NA,NA,NA
2021-04-26 00:00:00,NA,NA,NA,NA,NA,NA,NA,NA,NA,NA,NA,NA,NA,NA,NA,NA,NA,NA,NA,NA,NA,NA,NA,NA
2021-04-27 00:00:00,NA,NA,NA,NA,NA,NA,NA,NA,NA,NA,NA,NA,NA,NA,NA,NA,NA,NA,NA,NA,NA,NA,NA,NA
2021-04-28 00:00:00,NA,NA,NA,NA,NA,NA,NA,NA,NA,NA,NA,NA,NA,NA,NA,NA,NA,NA,NA,NA,NA,NA,NA,NA
2021-04-29 00:00:00,NA,NA,NA,NA,NA,NA,NA,NA,NA,NA,NA,NA,NA,NA,NA,NA,NA,NA,NA,NA,NA,NA,NA,NA
2021-04-30 00:00:00,NA,70.71,9.38,24.15,33.72,NA,NA,2.74,NA,NA,NA,NA,NA,NA,NA,NA,NA,NA,NA,NA,NA,NA,NA,NA
2021-05-01 00:00:00,NA,83.64,8.56,23.38,33.50,NA,14.50,1.78,NA,NA,NA,NA,NA,NA,NA,NA,NA,NA,NA,NA,NA,NA,NA,NA
2021-05-02 00:00:00,NA,55.32,7.14,22.10,33.26,NA,12.27,2.35,NA,NA,NA,NA,NA,NA,NA,NA,NA,NA,NA,NA,NA,NA,NA,NA
2021-05-03 00:00:00,NA,40.75,7.72,22.45,34.17,NA,7.00,2.37,NA,NA,NA,NA,NA,NA,NA,NA,NA,NA,NA,NA,NA,NA,NA,NA
2021-05-04 00:00:00,NA,43.72,7.28,22.44,33.71,NA,7.00,2.28,NA,NA,NA,NA,NA,NA,NA,NA,NA,NA,NA,NA,NA,NA,NA,NA
2021-05-05 00:00:00,NA,54.05,7.32,22.14,33.46,NA,NA,1.95,NA,NA,NA,NA,NA,NA,NA,NA,NA,NA,NA,NA,NA,NA,NA,NA
2021-05-06 00:00:00,NA,47.09,7.51,22.49,34.01,NA,NA,1.55,NA,NA,NA,NA,NA,NA,NA,NA,NA,NA,NA,NA,NA,NA,NA,NA
2021-05-07 00:00:00,NA,45.54,7.52,22.25,33.69,NA,8.02,2.27,NA,NA,NA,NA,NA,NA,NA,NA,NA,NA,NA,NA,NA,NA,NA,NA
2021-05-08 00:00:00,NA,39.50,7.42,22.38,18.70,NA,8.22,1.01,NA,NA,NA,NA,NA,NA,NA,NA,NA,NA,NA,NA,NA,NA,NA,NA
2021-05-09 00:00:00,NA,47.47,7.49,22.47,34.01,NA,8.85,1.80,NA,NA,NA,NA,NA,NA,NA,NA,NA,NA,NA,NA,NA,NA,NA,NA
2021-05-10 00:00:00,NA,36.83,7.46,22.47,33.96,NA,5.72,1.94,NA,NA,NA,NA,NA,NA,NA,NA,NA,NA,NA,NA,NA,NA,NA,NA
2021-05-11 00:00:00,NA,42.35,7.58,22.80,34.37,NA,4.52,1.61,NA,NA,NA,NA,NA,NA,NA,NA,NA,NA,NA,NA,NA,NA,NA,NA
2021-05-12 00:00:00,NA,38.96,7.38,22.36,33.73,NA,4.53,1.57,NA,NA,NA,NA,NA,NA,NA,NA,NA,NA,NA,NA,NA,NA,NA,NA
2021-05-13 00:00:00,NA,33.45,7.60,22.55,34.14,NA,3.88,1.41,NA,NA,NA,NA,NA,NA,NA,NA,NA,NA,NA,NA,NA,NA,NA,NA
2021-05-14 00:00:00,NA,31.18,7.41,22.49,33.90,NA,4.42,1.35,NA,NA,NA,NA,NA,NA,NA,NA,NA,NA,NA,NA,NA,NA,NA,NA
2021-05-15 00:00:00,NA,24.66,7.67,22.57,34.24,NA,2.77,1.70,NA,NA,NA,NA,NA,NA,NA,NA,NA,NA,NA,NA,NA,NA,NA,NA
2021-05-16 00:00:00,NA,27.95,7.52,22.53,34.05,NA,4.68,2.10,NA,NA,NA,NA,NA,NA,NA,NA,NA,NA,NA,NA,NA,NA,NA,NA
2021-05-17 00:00:00,NA,31.12,7.47,22.79,33.90,NA,4.68,1.37,NA,NA,NA,NA,NA,NA,NA,NA,NA,NA,NA,NA,NA,NA,NA,NA
2021-05-18 00:00:00,NA,28.47,7.51,22.36,32.45,NA,5.73,1.66,NA,NA,NA,NA,NA,NA,NA,NA,NA,NA,NA,NA,NA,NA,NA,NA
2021-05-19 00:00:00,NA,42.88,7.29,22.13,33.45,NA,4.85,0.96,NA,NA,NA,NA,NA,NA,NA,NA,NA,NA,NA,NA,NA,NA,NA,NA
2021-05-20 00:00:00,NA,24.89,7.37,22.42,33.79,NA,4.30,0.92,NA,NA,NA,NA,NA,NA,NA,NA,NA,NA,NA,NA,NA,NA,NA,NA
2021-05-21 00:00:00,NA,27.86,7.41,22.68,34.09,NA,4.73,0.92,NA,NA,NA,NA,NA,NA,NA,NA,NA,NA,NA,NA,NA,NA,NA,NA
2021-05-22 00:00:00,NA,27.24,7.37,22.44,20.64,NA,4.33,0.38,NA,NA,NA,NA,NA,NA,NA,NA,NA,NA,NA,NA,NA,NA,NA,NA
2021-05-23 00:00:00,NA,NA,NA,NA,NA,NA,NA,NA,NA,NA,NA,NA,NA,NA,NA,NA,NA,NA,NA,NA,NA,NA,NA,NA
2021-05-24 00:00:00,NA,41.73,7.09,21.87,31.98,NA,3.64,0.98,NA,NA,NA,NA,NA,NA,NA,NA,NA,NA,NA,NA,NA,NA,NA,NA
2021-05-25 00:00:00,NA,38.05,7.59,22.62,34.10,NA,4.23,0.87,NA,NA,NA,NA,NA,NA,NA,NA,NA,NA,NA,NA,NA,NA,NA,NA
2021-05-26 00:00:00,NA,41.56,7.60,22.40,34.00,NA,2.60,0.72,NA,NA,NA,NA,NA,NA,NA,NA,NA,NA,NA,NA,NA,NA,NA,NA
2021-05-27 00:00:00,NA,33.57,7.69,22.86,34.55,NA,4.74,0.88,NA,NA,NA,NA,NA,NA,NA,NA,NA,NA,NA,NA,NA,NA,NA,NA
2021-05-28 00:00:00,NA,46.21,7.47,22.63,34.10,NA,5.99,0.91,NA,NA,NA,NA,NA,NA,NA,NA,NA,NA,NA,NA,NA,NA,NA,NA
2021-05-29 00:00:00,NA,23.37,7.44,22.30,33.72,NA,4.45,1.14,NA,NA,NA,NA,NA,NA,NA,NA,NA,NA,NA,NA,NA,NA,NA,NA
2021-05-30 00:00:00,NA,14.74,7.63,22.88,17.44,NA,3.07,0.57,NA,NA,NA,NA,NA,NA,NA,NA,NA,NA,NA,NA,NA,NA,NA,NA
2021-05-31 00:00:00,NA,25.92,7.78,23.10,34.87,NA,4.49,1.24,NA,NA,NA,NA,NA,NA,NA,NA,NA,NA,NA,NA,NA,NA,NA,NA
2021-06-01 00:00:00,NA,22.02,7.77,22.83,34.60,NA,3.04,0.86,NA,NA,NA,NA,NA,NA,NA,NA,NA,NA,NA,NA,NA,NA,NA,NA
2021-06-02 00:00:00,NA,17.29,7.67,22.93,34.59,NA,3.30,1.10,NA,NA,NA,NA,NA,NA,NA,NA,NA,NA,NA,NA,NA,NA,NA,NA
2021-06-03 00:00:00,NA,13.93,7.42,22.41,33.13,NA,5.66,1.28,NA,NA,NA,NA,NA,NA,NA,NA,NA,NA,NA,NA,NA,NA,NA,NA
2021-06-04 00:00:00,NA,12.11,7.65,23.02,34.31,NA,6.23,1.31,NA,NA,NA,NA,NA,NA,NA,NA,NA,NA,NA,NA,NA,NA,NA,NA
2021-06-05 00:00:00,NA,11.52,7.38,22.41,33.79,NA,NA,0.96,NA,NA,NA,NA,NA,NA,NA,NA,NA,NA,NA,NA,NA,NA,NA,NA
2021-06-06 00:00:00,NA,12.43,7.65,22.83,34.48,NA,NA,0.57,NA,NA,NA,NA,NA,NA,NA,NA,NA,NA,NA,NA,NA,NA,NA,NA
2021-06-07 00:00:00,NA,33.49,7.19,22.24,32.92,NA,6.02,0.69,NA,NA,NA,NA,NA,NA,NA,NA,NA,NA,NA,NA,NA,NA,NA,NA
2021-06-08 00:00:00,NA,66.00,7.66,22.74,34.40,NA,5.98,0.88,NA,NA,NA,NA,NA,NA,NA,NA,NA,NA,NA,NA,NA,NA,NA,NA
2021-06-09 00:00:00,NA,57.81,7.91,23.19,34.72,NA,6.00,0.99,NA,NA,NA,NA,NA,NA,NA,NA,NA,NA,NA,NA,NA,NA,NA,NA
2021-06-10 00:00:00,NA,53.95,7.65,22.97,34.62,NA,6.01,0.92,NA,NA,NA,NA,NA,NA,NA,NA,NA,NA,NA,NA,NA,NA,NA,NA
2021-06-11 00:00:00,NA,158.46,48.42,69.58,32.88,NA,6.00,0.86,NA,NA,NA,NA,NA,NA,NA,NA,NA,NA,NA,NA,NA,NA,NA,NA
2021-06-12 00:00:00,NA,65.45,232.12,280.90,5.22,NA,6.00,0.85,NA,NA,NA,NA,NA,NA,NA,NA,NA,NA,NA,NA,NA,NA,NA,NA
2021-06-13 00:00:00,NA,38.48,NA,NA,0.00,NA,6.01,2.69,NA,NA,NA,NA,NA,NA,NA,NA,NA,NA,NA,NA,NA,NA,NA,NA
2021-06-14 00:00:00,NA,24.40,9.94,17.29,29.57,NA,5.99,1.50,NA,NA,NA,NA,NA,NA,NA,NA,NA,NA,NA,NA,NA,NA,NA,NA
2021-06-15 00:00:00,NA,31.03,9.46,15.14,19.27,NA,6.00,0.16,NA,NA,NA,NA,NA,NA,NA,NA,NA,NA,NA,NA,NA,NA,NA,NA
2021-06-16 00:00:00,NA,37.48,9.53,15.18,19.42,NA,6.03,0.37,NA,NA,NA,NA,NA,NA,NA,NA,NA,NA,NA,NA,NA,NA,NA,NA
2021-06-17 00:00:00,NA,60.03,10.97,9.48,23.97,NA,6.00,1.48,NA,NA,NA,NA,NA,NA,NA,NA,NA,NA,NA,NA,NA,NA,NA,NA
2021-06-18 00:00:00,NA,67.18,11.35,17.46,30.38,NA,6.00,0.97,NA,NA,NA,NA,NA,NA,NA,NA,NA,NA,NA,NA,NA,NA,NA,NA
2021-06-19 00:00:00,NA,63.73,11.21,22.78,33.99,NA,5.99,0.67,NA,NA,NA,NA,NA,NA,NA,NA,NA,NA,NA,NA,NA,NA,NA,NA
2021-06-20 00:00:00,NA,55.43,11.24,22.84,33.94,NA,5.99,0.56,NA,NA,NA,NA,NA,NA,NA,NA,NA,NA,NA,NA,NA,NA,NA,NA
2021-06-21 00:00:00,NA,50.67,10.98,22.45,33.42,NA,5.99,0.46,NA,NA,NA,NA,NA,NA,NA,NA,NA,NA,NA,NA,NA,NA,NA,NA
2021-06-22 00:00:00,NA,91.63,11.11,22.70,33.80,NA,6.60,0.93,NA,NA,NA,NA,NA,NA,NA,NA,NA,NA,NA,NA,NA,NA,NA,NA
2021-06-23 00:00:00,NA,95.19,11.06,22.62,33.68,NA,10.07,1.42,NA,NA,NA,NA,NA,NA,NA,NA,NA,NA,NA,NA,NA,NA,NA,NA
2021-06-24 00:00:00,NA,77.29,11.13,22.67,33.41,NA,8.95,1.13,NA,NA,NA,NA,NA,NA,NA,NA,NA,NA,NA,NA,NA,NA,NA,NA
2021-06-25 00:00:00,NA,107.19,23.58,39.63,38.35,NA,10.17,1.16,NA,NA,NA,NA,NA,NA,NA,NA,NA,NA,NA,NA,NA,NA,NA,NA
2021-06-26 00:00:00,NA,59.87,10.96,22.59,33.54,NA,10.81,1.71,NA,NA,NA,NA,NA,NA,NA,NA,NA,NA,NA,NA,NA,NA,NA,NA
2021-06-27 00:00:00,NA,37.86,11.20,22.88,34.06,NA,8.46,1.54,NA,NA,NA,NA,NA,NA,NA,NA,NA,NA,NA,NA,NA,NA,NA,NA
2021-06-28 00:00:00,NA,57.45,10.82,22.09,31.16,NA,8.09,1.44,NA,NA,NA,NA,NA,NA,NA,NA,NA,NA,NA,NA,NA,NA,NA,NA
2021-06-29 00:00:00,NA,76.07,12.03,23.92,35.91,NA,6.69,1.15,NA,NA,NA,NA,NA,NA,NA,NA,NA,NA,NA,NA,NA,NA,NA,NA
2021-06-30 00:00:00,NA,53.61,11.70,23.43,35.10,NA,6.18,1.28,NA,NA,NA,NA,NA,NA,NA,NA,NA,NA,NA,NA,NA,NA,NA,NA
2021-07-01 00:00:00,NA,52.00,10.88,22.41,33.29,NA,5.80,1.45,NA,NA,NA,NA,NA,NA,NA,NA,NA,NA,NA,NA,NA,NA,NA,NA
2021-07-02 00:00:00,NA,44.91,10.97,22.58,33.54,NA,6.88,1.15,NA,NA,NA,NA,NA,NA,NA,NA,NA,NA,NA,NA,NA,NA,NA,NA
2021-07-03 00:00:00,NA,54.97,11.27,22.92,31.67,NA,6.24,1.19,NA,NA,NA,NA,NA,NA,NA,NA,NA,NA,NA,NA,NA,NA,NA,NA
2021-07-04 00:00:00,NA,26.61,10.86,21.97,26.96,NA,7.10,1.31,NA,NA,NA,NA,NA,NA,NA,NA,NA,NA,NA,NA,NA,NA,NA,NA
2021-07-05 00:00:00,NA,26.73,11.09,22.37,33.45,NA,6.72,1.10,NA,NA,NA,NA,NA,NA,NA,NA,NA,NA,NA,NA,NA,NA,NA,NA
2021-07-06 00:00:00,NA,51.43,11.18,22.60,33.78,NA,7.90,1.46,NA,NA,NA,NA,NA,NA,NA,NA,NA,NA,NA,NA,NA,NA,NA,NA
2021-07-07 00:00:00,NA,64.79,11.63,23.54,29.16,NA,5.28,0.99,NA,NA,NA,NA,NA,NA,NA,NA,NA,NA,NA,NA,NA,NA,NA,NA
2021-07-08 00:00:00,NA,67.53,11.12,22.61,33.73,NA,8.16,1.43,NA,NA,NA,NA,NA,NA,NA,NA,NA,NA,NA,NA,NA,NA,NA,NA
2021-07-09 00:00:00,NA,84.45,11.26,22.97,34.23,NA,7.40,1.32,NA,NA,NA,NA,NA,NA,NA,NA,NA,NA,NA,NA,NA,NA,NA,NA
2021-07-10 00:00:00,NA,64.61,11.18,23.01,34.19,NA,6.91,1.68,NA,NA,NA,NA,NA,NA,NA,NA,NA,NA,NA,NA,NA,NA,NA,NA
2021-07-11 00:00:00,NA,60.00,11.23,22.92,34.15,NA,7.04,1.49,NA,NA,NA,NA,NA,NA,NA,NA,NA,NA,NA,NA,NA,NA,NA,NA
2021-07-12 00:00:00,NA,76.94,10.87,22.48,33.35,NA,7.66,1.59,NA,NA,NA,NA,NA,NA,NA,NA,NA,NA,NA,NA,NA,NA,NA,NA
2021-07-13 00:00:00,NA,63.82,13.76,22.60,15.03,NA,6.02,0.82,NA,NA,NA,NA,NA,NA,NA,NA,NA,NA,NA,NA,NA,NA,NA,NA
2021-07-14 00:00:00,NA,38.96,16.92,21.70,21.73,NA,6.17,1.24,NA,NA,NA,NA,NA,NA,NA,NA,NA,NA,NA,NA,NA,NA,NA,NA
2021-07-15 00:00:00,NA,42.15,63.50,77.68,28.80,NA,6.66,1.10,NA,NA,NA,NA,NA,NA,NA,NA,NA,NA,NA,NA,NA,NA,NA,NA
2021-07-16 00:00:00,NA,43.53,233.94,307.92,0.00,NA,5.18,1.40,NA,NA,NA,NA,NA,NA,NA,NA,NA,NA,NA,NA,NA,NA,NA,NA
2021-07-17 00:00:00,NA,38.92,324.35,444.49,0.00,NA,7.61,1.36,NA,NA,NA,NA,NA,NA,NA,NA,NA,NA,NA,NA,NA,NA,NA,NA
2021-07-18 00:00:00,NA,28.59,NA,NA,0.00,NA,6.74,1.65,NA,NA,NA,NA,NA,NA,NA,NA,NA,NA,NA,NA,NA,NA,NA,NA
2021-07-19 00:00:00,NA,42.85,345.80,454.58,0.00,NA,7.27,0.82,NA,NA,NA,NA,NA,NA,NA,NA,NA,NA,NA,NA,NA,NA,NA,NA
2021-07-20 00:00:00,NA,60.75,8.00,5.00,0.00,NA,4.65,0.89,NA,NA,NA,NA,NA,NA,NA,NA,NA,NA,NA,NA,NA,NA,NA,NA
2021-07-21 00:00:00,NA,61.55,NA,NA,0.00,NA,6.01,1.31,NA,NA,NA,NA,NA,NA,NA,NA,NA,NA,NA,NA,NA,NA,NA,NA
2021-07-22 00:00:00,NA,32.81,23.99,10.05,2.88,NA,6.07,0.89,NA,NA,NA,NA,NA,NA,NA,NA,NA,NA,NA,NA,NA,NA,NA,NA
2021-07-23 00:00:00,NA,57.00,8.51,6.92,1.43,NA,5.05,1.61,NA,NA,NA,NA,NA,NA,NA,NA,NA,NA,NA,NA,NA,NA,NA,NA
2021-07-24 00:00:00,NA,63.96,8.63,7.43,2.03,NA,6.50,3.63,NA,NA,NA,NA,NA,NA,NA,NA,NA,NA,NA,NA,NA,NA,NA,NA
2021-07-25 00:00:00,NA,8.39,7.44,7.79,3.25,NA,7.56,3.34,NA,NA,NA,NA,NA,NA,NA,NA,NA,NA,NA,NA,NA,NA,NA,NA
2021-07-26 00:00:00,NA,55.72,3.29,7.82,3.31,NA,8.10,1.37,NA,NA,NA,NA,NA,NA,NA,NA,NA,NA,NA,NA,NA,NA,NA,NA
2021-07-27 00:00:00,NA,68.53,15.17,23.92,17.11,NA,6.28,0.60,NA,NA,NA,NA,NA,NA,NA,NA,NA,NA,NA,NA,NA,NA,NA,NA
2021-07-28 00:00:00,NA,69.45,2.30,7.00,0.62,NA,7.47,1.81,NA,NA,NA,NA,NA,NA,NA,NA,NA,NA,NA,NA,NA,NA,NA,NA
2021-07-29 00:00:00,NA,64.74,5.11,9.90,8.94,NA,7.08,1.71,NA,NA,NA,NA,NA,NA,NA,NA,NA,NA,NA,NA,NA,NA,NA,NA
2021-07-30 00:00:00,NA,41.83,11.09,17.00,28.09,NA,7.39,0.92,NA,NA,NA,NA,NA,NA,NA,NA,NA,NA,NA,NA,NA,NA,NA,NA
2021-07-31 00:00:00,NA,39.26,11.00,17.00,18.86,NA,7.33,1.16,NA,NA,NA,NA,NA,NA,NA,NA,NA,NA,NA,NA,NA,NA,NA,NA
2021-08-01 00:00:00,NA,NA,NA,NA,NA,NA,NA,NA,NA,NA,NA,NA,NA,NA,NA,NA,NA,NA,NA,NA,NA,NA,NA,NA
2021-08-02 00:00:00,NA,NA,11.00,17.00,28.00,NA,6.88,1.57,NA,NA,NA,NA,NA,NA,NA,NA,NA,NA,NA,NA,NA,NA,NA,NA
2021-08-03 00:00:00,NA,20.02,10.46,16.46,27.46,NA,7.96,1.18,NA,NA,NA,NA,NA,NA,NA,NA,NA,NA,NA,NA,NA,NA,NA,NA
2021-08-04 00:00:00,NA,NA,10.00,16.00,9.10,NA,5.38,0.56,NA,NA,NA,NA,NA,NA,NA,NA,NA,NA,NA,NA,NA,NA,NA,NA
2021-08-05 00:00:00,NA,44.27,11.00,16.00,28.00,NA,7.09,2.32,NA,NA,NA,NA,NA,NA,NA,NA,NA,NA,NA,NA,NA,NA,NA,NA
2021-08-06 00:00:00,NA,59.68,10.41,15.41,26.66,NA,6.22,1.40,NA,NA,NA,NA,NA,NA,NA,NA,NA,NA,NA,NA,NA,NA,NA,NA
2021-08-07 00:00:00,NA,70.26,10.00,15.00,15.88,NA,8.72,1.36,NA,NA,NA,NA,NA,NA,NA,NA,NA,NA,NA,NA,NA,NA,NA,NA
2021-08-08 00:00:00,NA,NA,NA,NA,NA,NA,NA,NA,NA,NA,NA,NA,NA,NA,NA,NA,NA,NA,NA,NA,NA,NA,NA,NA
2021-08-09 00:00:00,NA,61.57,10.90,15.90,27.95,NA,8.16,1.31,NA,NA,NA,NA,NA,NA,NA,NA,NA,NA,NA,NA,NA,NA,NA,NA
2021-08-10 00:00:00,NA,67.02,11.08,15.53,27.91,NA,4.59,0.82,NA,NA,NA,NA,NA,NA,NA,NA,NA,NA,NA,NA,NA,NA,NA,NA
2021-08-11 00:00:00,NA,62.93,11.28,15.00,17.39,NA,7.29,0.50,NA,NA,NA,NA,NA,NA,NA,NA,NA,NA,NA,NA,NA,NA,NA,NA
2021-08-12 00:00:00,NA,42.46,12.00,15.00,28.00,NA,6.19,2.32,NA,NA,NA,NA,NA,NA,NA,NA,NA,NA,NA,NA,NA,NA,NA,NA
2021-08-13 00:00:00,NA,54.17,13.16,16.38,28.32,NA,7.41,1.07,NA,NA,NA,NA,NA,NA,NA,NA,NA,NA,NA,NA,NA,NA,NA,NA
2021-08-14 00:00:00,NA,63.26,14.70,18.40,29.10,NA,6.54,1.02,NA,NA,NA,NA,NA,NA,NA,NA,NA,NA,NA,NA,NA,NA,NA,NA
2021-08-15 00:00:00,NA,63.27,14.70,18.40,29.10,NA,6.52,1.04,NA,NA,NA,NA,NA,NA,NA,NA,NA,NA,NA,NA,NA,NA,NA,NA
2021-08-16 00:00:00,NA,60.42,13.62,17.86,28.03,NA,7.75,1.34,NA,NA,NA,NA,NA,NA,NA,NA,NA,NA,NA,NA,NA,NA,NA,NA
2021-08-17 00:00:00,NA,58.26,12.70,17.40,27.10,NA,7.24,1.15,NA,NA,NA,NA,NA,NA,NA,NA,NA,NA,NA,NA,NA,NA,NA,NA
2021-08-18 00:00:00,NA,58.26,12.70,17.40,27.10,NA,8.70,1.43,NA,NA,NA,NA,NA,NA,NA,NA,NA,NA,NA,NA,NA,NA,NA,NA
2021-08-19 00:00:00,NA,60.37,12.30,17.00,26.69,NA,8.13,0.87,NA,NA,NA,NA,NA,NA,NA,NA,NA,NA,NA,NA,NA,NA,NA,NA
2021-08-20 00:00:00,NA,63.25,11.70,16.40,26.10,NA,6.89,1.23,NA,NA,NA,NA,NA,NA,NA,NA,NA,NA,NA,NA,NA,NA,NA,NA
2021-08-21 00:00:00,NA,60.50,11.70,16.40,26.10,NA,5.85,1.60,NA,NA,NA,NA,NA,NA,NA,NA,NA,NA,NA,NA,NA,NA,NA,NA
2021-08-22 00:00:00,NA,58.29,11.70,16.40,26.10,NA,7.13,1.26,NA,NA,NA,NA,NA,NA,NA,NA,NA,NA,NA,NA,NA,NA,NA,NA
2021-08-23 00:00:00,NA,71.37,12.18,15.93,26.58,NA,6.35,0.59,NA,NA,NA,NA,NA,NA,NA,NA,NA,NA,NA,NA,NA,NA,NA,NA
2021-08-24 00:00:00,NA,69.49,11.19,14.92,25.49,NA,6.53,1.14,NA,NA,NA,NA,NA,NA,NA,NA,NA,NA,NA,NA,NA,NA,NA,NA
2021-08-25 00:00:00,NA,21.28,7.00,14.00,21.00,NA,8.46,1.99,NA,NA,NA,NA,NA,NA,NA,NA,NA,NA,NA,NA,NA,NA,NA,NA
2021-08-26 00:00:00,NA,66.76,7.00,14.01,21.00,NA,8.66,2.52,NA,NA,NA,NA,NA,NA,NA,NA,NA,NA,NA,NA,NA,NA,NA,NA
2021-08-27 00:00:00,NA,21.52,7.00,14.00,21.00,NA,8.18,3.01,NA,NA,NA,NA,NA,NA,NA,NA,NA,NA,NA,NA,NA,NA,NA,NA
2021-08-28 00:00:00,NA,23.26,7.00,14.00,21.00,NA,9.62,1.49,NA,NA,NA,NA,NA,NA,NA,NA,NA,NA,NA,NA,NA,NA,NA,NA
2021-08-29 00:00:00,NA,20.66,7.00,14.01,2.16,NA,7.80,2.70,NA,NA,NA,NA,NA,NA,NA,NA,NA,NA,NA,NA,NA,NA,NA,NA
2021-08-30 00:00:00,NA,43.92,16.96,27.74,21.60,NA,9.20,0.99,NA,NA,NA,NA,NA,NA,NA,NA,NA,NA,NA,NA,NA,NA,NA,NA
2021-08-31 00:00:00,NA,50.94,17.52,28.36,39.68,NA,8.37,1.59,NA,NA,NA,NA,NA,NA,NA,NA,NA,NA,NA,NA,NA,NA,NA,NA
2021-09-01 00:00:00,NA,42.42,17.52,28.34,39.22,NA,9.50,1.01,NA,NA,NA,NA,NA,NA,NA,NA,NA,NA,NA,NA,NA,NA,NA,NA
2021-09-02 00:00:00,NA,30.59,17.52,28.35,44.38,NA,9.83,0.83,NA,NA,NA,NA,NA,NA,NA,NA,NA,NA,NA,NA,NA,NA,NA,NA
2021-09-03 00:00:00,NA,NA,NA,NA,NA,NA,NA,NA,NA,NA,NA,NA,NA,NA,NA,NA,NA,NA,NA,NA,NA,NA,NA,NA
2021-09-04 00:00:00,NA,NA,NA,NA,NA,NA,NA,NA,NA,NA,NA,NA,NA,NA,NA,NA,NA,NA,NA,NA,NA,NA,NA,NA
2021-09-05 00:00:00,NA,NA,NA,NA,NA,NA,NA,NA,NA,NA,NA,NA,NA,NA,NA,NA,NA,NA,NA,NA,NA,NA,NA,NA
2021-09-06 00:00:00,NA,NA,NA,NA,NA,NA,NA,NA,NA,NA,NA,NA,NA,NA,NA,NA,NA,NA,NA,NA,NA,NA,NA,NA
2021-09-07 00:00:00,NA,58.62,10.00,19.01,29.00,NA,9.00,3.62,NA,NA,NA,NA,NA,NA,NA,NA,NA,NA,NA,NA,NA,NA,NA,NA
2021-09-08 00:00:00,NA,41.40,10.00,18.98,29.00,NA,8.71,2.60,NA,NA,NA,NA,NA,NA,NA,NA,NA,NA,NA,NA,NA,NA,NA,NA
2021-09-09 00:00:00,NA,49.22,9.99,18.99,28.96,NA,9.08,2.11,NA,NA,NA,NA,NA,NA,NA,NA,NA,NA,NA,NA,NA,NA,NA,NA
2021-09-10 00:00:00,NA,43.08,9.99,19.02,28.98,NA,9.44,1.82,NA,NA,NA,NA,NA,NA,NA,NA,NA,NA,NA,NA,NA,NA,NA,NA
2021-09-11 00:00:00,NA,50.20,10.00,18.98,28.99,NA,10.40,2.40,NA,NA,NA,NA,NA,NA,NA,NA,NA,NA,NA,NA,NA,NA,NA,NA
2021-09-12 00:00:00,NA,46.67,10.03,19.03,28.97,NA,9.64,2.29,NA,NA,NA,NA,NA,NA,NA,NA,NA,NA,NA,NA,NA,NA,NA,NA
2021-09-13 00:00:00,NA,55.03,10.00,18.98,29.02,NA,9.10,2.64,NA,NA,NA,NA,NA,NA,NA,NA,NA,NA,NA,NA,NA,NA,NA,NA
2021-09-14 00:00:00,NA,79.44,9.99,19.00,27.72,NA,8.91,3.17,NA,NA,NA,NA,NA,NA,NA,NA,NA,NA,NA,NA,NA,NA,NA,NA
2021-09-15 00:00:00,NA,49.05,9.99,19.05,28.90,NA,7.22,2.57,NA,NA,NA,NA,NA,NA,NA,NA,NA,NA,NA,NA,NA,NA,NA,NA
2021-09-16 00:00:00,NA,65.86,10.01,19.01,29.07,NA,8.54,2.38,NA,NA,NA,NA,NA,NA,NA,NA,NA,NA,NA,NA,NA,NA,NA,NA
2021-09-17 00:00:00,NA,49.11,10.00,19.04,29.00,NA,8.45,2.60,NA,NA,NA,NA,NA,NA,NA,NA,NA,NA,NA,NA,NA,NA,NA,NA
2021-09-18 00:00:00,NA,75.65,10.01,18.99,26.95,NA,8.80,1.62,NA,NA,NA,NA,NA,NA,NA,NA,NA,NA,NA,NA,NA,NA,NA,NA
2021-09-19 00:00:00,NA,58.05,9.98,19.00,28.99,NA,9.99,2.04,NA,NA,NA,NA,NA,NA,NA,NA,NA,NA,NA,NA,NA,NA,NA,NA
2021-09-20 00:00:00,NA,64.80,10.00,19.02,29.01,NA,9.07,4.97,NA,NA,NA,NA,NA,NA,NA,NA,NA,NA,NA,NA,NA,NA,NA,NA
2021-09-21 00:00:00,NA,42.31,9.98,19.04,29.02,NA,9.09,1.11,NA,NA,NA,NA,NA,NA,NA,NA,NA,NA,NA,NA,NA,NA,NA,NA
2021-09-22 00:00:00,NA,NA,NA,NA,NA,NA,NA,NA,NA,NA,NA,NA,NA,NA,NA,NA,NA,NA,NA,NA,NA,NA,NA,NA
2021-09-23 00:00:00,NA,45.25,10.01,19.07,28.96,NA,8.72,0.95,NA,NA,NA,NA,NA,NA,NA,NA,NA,NA,NA,NA,NA,NA,NA,NA
2021-09-24 00:00:00,NA,27.21,10.04,18.97,28.94,NA,10.08,1.55,NA,NA,NA,NA,NA,NA,NA,NA,NA,NA,NA,NA,NA,NA,NA,NA
2021-09-25 00:00:00,NA,NA,NA,NA,NA,NA,NA,NA,NA,NA,NA,NA,NA,NA,NA,NA,NA,NA,NA,NA,NA,NA,NA,NA
2021-09-26 00:00:00,NA,23.77,10.02,19.00,28.99,NA,7.27,0.89,NA,NA,NA,NA,NA,NA,NA,NA,NA,NA,NA,NA,NA,NA,NA,NA
2021-09-27 00:00:00,NA,24.09,9.99,19.01,28.98,NA,10.73,1.45,NA,NA,NA,NA,NA,NA,NA,NA,NA,NA,NA,NA,NA,NA,NA,NA
2021-09-28 00:00:00,NA,27.90,9.99,19.03,28.99,NA,9.16,2.72,NA,NA,NA,NA,NA,NA,NA,NA,NA,NA,NA,NA,NA,NA,NA,NA
2021-09-29 00:00:00,NA,51.40,10.00,18.99,29.03,NA,8.94,1.84,NA,NA,NA,NA,NA,NA,NA,NA,NA,NA,NA,NA,NA,NA,NA,NA
2021-09-30 00:00:00,NA,57.06,10.01,18.96,28.71,NA,9.34,2.35,NA,NA,NA,NA,NA,NA,NA,NA,NA,NA,NA,NA,NA,NA,NA,NA
2021-10-01 00:00:00,NA,58.06,9.99,19.01,29.02,NA,8.82,2.10,NA,NA,NA,NA,NA,NA,NA,NA,NA,NA,NA,NA,NA,NA,NA,NA
2021-10-02 00:00:00,NA,67.73,10.00,18.93,28.99,NA,9.56,2.78,NA,NA,NA,NA,NA,NA,NA,NA,NA,NA,NA,NA,NA,NA,NA,NA
2021-10-03 00:00:00,NA,60.75,10.01,18.95,28.97,NA,9.98,2.75,NA,NA,NA,NA,NA,NA,NA,NA,NA,NA,NA,NA,NA,NA,NA,NA
2021-10-04 00:00:00,NA,61.74,9.99,19.05,28.94,NA,10.37,3.43,NA,NA,NA,NA,NA,NA,NA,NA,NA,NA,NA,NA,NA,NA,NA,NA
2021-10-05 00:00:00,NA,69.22,9.96,19.02,29.01,NA,8.08,1.75,NA,NA,NA,NA,NA,NA,NA,NA,NA,NA,NA,NA,NA,NA,NA,NA
2021-10-06 00:00:00,NA,40.60,10.00,19.02,29.04,NA,10.36,3.06,NA,NA,NA,NA,NA,NA,NA,NA,NA,NA,NA,NA,NA,NA,NA,NA
2021-10-07 00:00:00,NA,58.35,9.99,18.99,29.03,NA,10.43,2.56,NA,NA,NA,NA,NA,NA,NA,NA,NA,NA,NA,NA,NA,NA,NA,NA
2021-10-08 00:00:00,NA,34.01,10.01,19.02,28.98,NA,7.41,3.57,NA,NA,NA,NA,NA,NA,NA,NA,NA,NA,NA,NA,NA,NA,NA,NA
2021-10-09 00:00:00,NA,21.30,10.00,19.00,29.06,NA,8.68,1.93,NA,NA,NA,NA,NA,NA,NA,NA,NA,NA,NA,NA,NA,NA,NA,NA
2021-10-10 00:00:00,NA,21.02,9.98,19.01,29.01,NA,8.68,1.92,NA,NA,NA,NA,NA,NA,NA,NA,NA,NA,NA,NA,NA,NA,NA,NA
2021-10-11 00:00:00,NA,21.30,10.02,19.00,29.02,NA,8.69,2.33,NA,NA,NA,NA,NA,NA,NA,NA,NA,NA,NA,NA,NA,NA,NA,NA
2021-10-12 00:00:00,NA,20.25,10.00,19.01,29.07,NA,9.61,2.40,NA,NA,NA,NA,NA,NA,NA,NA,NA,NA,NA,NA,NA,NA,NA,NA
2021-10-13 00:00:00,NA,21.13,10.00,19.02,28.97,NA,7.65,2.12,NA,NA,NA,NA,NA,NA,NA,NA,NA,NA,NA,NA,NA,NA,NA,NA
2021-10-14 00:00:00,NA,21.43,9.98,19.01,29.05,NA,9.95,2.00,NA,NA,NA,NA,NA,NA,NA,NA,NA,NA,NA,NA,NA,NA,NA,NA
2021-10-15 00:00:00,NA,21.69,10.02,18.99,29.02,NA,7.87,2.68,NA,NA,NA,NA,NA,NA,NA,NA,NA,NA,NA,NA,NA,NA,NA,NA
2021-10-16 00:00:00,NA,21.92,10.00,18.98,29.02,NA,7.28,2.88,NA,NA,NA,NA,NA,NA,NA,NA,NA,NA,NA,NA,NA,NA,NA,NA
2021-10-17 00:00:00,NA,21.51,9.97,19.00,28.99,NA,7.37,2.78,NA,NA,NA,NA,NA,NA,NA,NA,NA,NA,NA,NA,NA,NA,NA,NA
2021-10-18 00:00:00,NA,21.91,10.00,18.99,29.01,NA,8.08,2.76,NA,NA,NA,NA,NA,NA,NA,NA,NA,NA,NA,NA,NA,NA,NA,NA
2021-10-19 00:00:00,NA,21.02,10.02,18.98,19.11,NA,6.16,1.76,NA,NA,NA,NA,NA,NA,NA,NA,NA,NA,NA,NA,NA,NA,NA,NA
2021-10-20 00:00:00,NA,86.69,10.02,19.00,29.06,NA,10.69,2.47,NA,NA,NA,NA,NA,NA,NA,NA,NA,NA,NA,NA,NA,NA,NA,NA
2021-10-21 00:00:00,NA,76.02,10.00,18.97,29.01,NA,9.08,3.07,NA,NA,NA,NA,NA,NA,NA,NA,NA,NA,NA,NA,NA,NA,NA,NA
2021-10-22 00:00:00,NA,109.76,10.00,19.11,28.99,NA,8.75,4.13,NA,NA,NA,NA,NA,NA,NA,NA,NA,NA,NA,NA,NA,NA,NA,NA
2021-10-23 00:00:00,NA,NA,NA,NA,NA,NA,NA,NA,NA,NA,NA,NA,NA,NA,NA,NA,NA,NA,NA,NA,NA,NA,NA,NA
2021-10-24 00:00:00,NA,NA,NA,NA,NA,NA,NA,NA,NA,NA,NA,NA,NA,NA,NA,NA,NA,NA,NA,NA,NA,NA,NA,NA
2021-10-25 00:00:00,NA,118.36,9.97,18.97,27.88,NA,10.55,4.45,NA,NA,NA,NA,NA,NA,NA,NA,NA,NA,NA,NA,NA,NA,NA,NA
2021-10-26 00:00:00,NA,109.38,9.94,18.98,29.02,NA,11.28,2.10,NA,NA,NA,NA,NA,NA,NA,NA,NA,NA,NA,NA,NA,NA,NA,NA
2021-10-27 00:00:00,NA,113.87,10.02,19.00,28.95,NA,10.93,3.21,NA,NA,NA,NA,NA,NA,NA,NA,NA,NA,NA,NA,NA,NA,NA,NA
2021-10-28 00:00:00,NA,107.28,10.02,18.97,29.02,NA,11.79,1.25,NA,NA,NA,NA,NA,NA,NA,NA,NA,NA,NA,NA,NA,NA,NA,NA
2021-10-29 00:00:00,NA,NA,NA,NA,NA,NA,NA,NA,NA,NA,NA,NA,NA,NA,NA,NA,NA,NA,NA,NA,NA,NA,NA,NA
2021-10-30 00:00:00,NA,81.52,9.98,19.03,29.09,NA,9.35,2.37,NA,NA,NA,NA,NA,NA,NA,NA,NA,NA,NA,NA,NA,NA,NA,NA
2021-10-31 00:00:00,NA,66.95,10.00,19.01,29.12,NA,10.91,5.42,NA,NA,NA,NA,NA,NA,NA,NA,NA,NA,NA,NA,NA,NA,NA,NA
2021-11-01 00:00:00,NA,56.97,10.01,18.99,28.97,NA,10.37,1.97,NA,NA,NA,NA,NA,NA,NA,NA,NA,NA,NA,NA,NA,NA,NA,NA
2021-11-02 00:00:00,NA,61.01,10.00,19.01,29.02,NA,9.62,1.33,NA,NA,NA,NA,NA,NA,NA,NA,NA,NA,NA,NA,NA,NA,NA,NA
2021-11-03 00:00:00,NA,74.27,14.59,19.92,30.79,NA,9.36,2.25,NA,NA,NA,NA,NA,NA,NA,NA,NA,NA,NA,NA,NA,NA,NA,NA
2021-11-04 00:00:00,NA,70.60,14.05,23.05,37.14,NA,16.83,1.48,NA,NA,NA,NA,NA,NA,NA,NA,NA,NA,NA,NA,NA,NA,NA,NA
2021-11-05 00:00:00,NA,77.71,14.52,23.49,37.62,NA,14.11,1.07,NA,NA,NA,NA,NA,NA,NA,NA,NA,NA,NA,NA,NA,NA,NA,NA
2021-11-06 00:00:00,NA,83.23,14.43,23.42,37.88,NA,14.25,2.13,NA,NA,NA,NA,NA,NA,NA,NA,NA,NA,NA,NA,NA,NA,NA,NA
2021-11-07 00:00:00,NA,91.42,13.99,23.03,36.98,NA,14.02,1.75,NA,NA,NA,NA,NA,NA,NA,NA,NA,NA,NA,NA,NA,NA,NA,NA
2021-11-08 00:00:00,NA,93.41,13.99,23.00,37.04,NA,12.92,1.84,NA,NA,NA,NA,NA,NA,NA,NA,NA,NA,NA,NA,NA,NA,NA,NA
2021-11-09 00:00:00,NA,87.01,14.01,23.01,36.98,NA,13.36,1.45,NA,NA,NA,NA,NA,NA,NA,NA,NA,NA,NA,NA,NA,NA,NA,NA
2021-11-10 00:00:00,NA,70.61,14.00,22.97,36.62,NA,11.40,2.37,NA,NA,NA,NA,NA,NA,NA,NA,NA,NA,NA,NA,NA,NA,NA,NA
2021-11-11 00:00:00,NA,34.64,13.99,22.98,36.99,NA,12.31,1.58,NA,NA,NA,NA,NA,NA,NA,NA,NA,NA,NA,NA,NA,NA,NA,NA
2021-11-12 00:00:00,NA,13.46,14.01,22.99,36.98,NA,12.81,1.11,NA,NA,NA,NA,NA,NA,NA,NA,NA,NA,NA,NA,NA,NA,NA,NA
2021-11-13 00:00:00,NA,45.59,13.99,23.01,36.96,NA,12.83,2.13,NA,NA,NA,NA,NA,NA,NA,NA,NA,NA,NA,NA,NA,NA,NA,NA
2021-11-14 00:00:00,NA,26.10,14.00,22.99,37.00,NA,11.98,2.14,NA,NA,NA,NA,NA,NA,NA,NA,NA,NA,NA,NA,NA,NA,NA,NA
2021-11-15 00:00:00,NA,35.24,14.02,23.00,37.03,NA,13.84,1.69,NA,NA,NA,NA,NA,NA,NA,NA,NA,NA,NA,NA,NA,NA,NA,NA
2021-11-16 00:00:00,NA,39.57,14.01,23.01,36.99,NA,12.15,3.22,NA,NA,NA,NA,NA,NA,NA,NA,NA,NA,NA,NA,NA,NA,NA,NA
2021-11-17 00:00:00,NA,34.05,14.02,23.02,36.97,NA,12.78,1.43,NA,NA,NA,NA,NA,NA,NA,NA,NA,NA,NA,NA,NA,NA,NA,NA
2021-11-18 00:00:00,NA,9.62,14.01,23.00,36.94,NA,13.44,1.31,NA,NA,NA,NA,NA,NA,NA,NA,NA,NA,NA,NA,NA,NA,NA,NA
2021-11-19 00:00:00,NA,14.98,14.00,22.99,37.04,NA,14.93,1.52,NA,NA,NA,NA,NA,NA,NA,NA,NA,NA,NA,NA,NA,NA,NA,NA
2021-11-20 00:00:00,NA,36.70,14.00,22.94,37.06,NA,12.60,0.72,NA,NA,NA,NA,NA,NA,NA,NA,NA,NA,NA,NA,NA,NA,NA,NA
2021-11-21 00:00:00,NA,NA,NA,NA,NA,NA,NA,NA,NA,NA,NA,NA,NA,NA,NA,NA,NA,NA,NA,NA,NA,NA,NA,NA
2021-11-22 00:00:00,NA,97.84,14.00,23.03,34.09,NA,15.07,0.66,NA,NA,NA,NA,NA,NA,NA,NA,NA,NA,NA,NA,NA,NA,NA,NA
2021-11-23 00:00:00,NA,105.72,14.00,22.99,36.98,NA,14.74,0.72,NA,NA,NA,NA,NA,NA,NA,NA,NA,NA,NA,NA,NA,NA,NA,NA
2021-11-24 00:00:00,NA,93.46,13.98,22.98,37.01,NA,15.17,0.72,NA,NA,NA,NA,NA,NA,NA,NA,NA,NA,NA,NA,NA,NA,NA,NA
2021-11-25 00:00:00,NA,84.30,14.02,22.94,36.98,NA,13.25,0.82,NA,NA,NA,NA,NA,NA,NA,NA,NA,NA,NA,NA,NA,NA,NA,NA
2021-11-26 00:00:00,NA,105.41,13.99,22.99,37.01,NA,14.09,0.90,NA,NA,NA,NA,NA,NA,NA,NA,NA,NA,NA,NA,NA,NA,NA,NA
2021-11-27 00:00:00,NA,98.09,13.98,23.01,36.97,NA,13.78,0.90,NA,NA,NA,NA,NA,NA,NA,NA,NA,NA,NA,NA,NA,NA,NA,NA
2021-11-28 00:00:00,NA,85.46,14.00,23.00,36.97,NA,14.85,0.90,NA,NA,NA,NA,NA,NA,NA,NA,NA,NA,NA,NA,NA,NA,NA,NA
2021-11-29 00:00:00,NA,59.49,14.02,23.04,36.10,NA,12.35,0.88,NA,NA,NA,NA,NA,NA,NA,NA,NA,NA,NA,NA,NA,NA,NA,NA
2021-11-30 00:00:00,NA,98.97,14.00,23.08,37.05,NA,10.19,0.90,NA,NA,NA,NA,NA,NA,NA,NA,NA,NA,NA,NA,NA,NA,NA,NA
2021-12-01 00:00:00,NA,88.43,14.00,22.96,37.01,NA,13.72,0.90,NA,NA,NA,NA,NA,NA,NA,NA,NA,NA,NA,NA,NA,NA,NA,NA
2021-12-02 00:00:00,NA,106.84,14.01,22.95,37.10,NA,13.46,0.90,NA,NA,NA,NA,NA,NA,NA,NA,NA,NA,NA,NA,NA,NA,NA,NA
2021-12-03 00:00:00,NA,101.00,13.99,23.01,36.99,NA,13.99,0.90,NA,NA,NA,NA,NA,NA,NA,NA,NA,NA,NA,NA,NA,NA,NA,NA
2021-12-04 00:00:00,NA,97.15,13.98,23.01,36.22,NA,14.45,0.89,NA,NA,NA,NA,NA,NA,NA,NA,NA,NA,NA,NA,NA,NA,NA,NA
2021-12-05 00:00:00,NA,66.22,13.98,23.03,37.05,NA,14.05,0.90,NA,NA,NA,NA,NA,NA,NA,NA,NA,NA,NA,NA,NA,NA,NA,NA
2021-12-06 00:00:00,NA,100.10,14.00,22.98,37.00,NA,11.33,0.90,NA,NA,NA,NA,NA,NA,NA,NA,NA,NA,NA,NA,NA,NA,NA,NA
2021-12-07 00:00:00,NA,117.37,14.02,23.03,37.01,NA,14.47,0.90,NA,NA,NA,NA,NA,NA,NA,NA,NA,NA,NA,NA,NA,NA,NA,NA
2021-12-08 00:00:00,NA,98.33,13.97,22.98,37.01,NA,14.32,0.90,NA,NA,NA,NA,NA,NA,NA,NA,NA,NA,NA,NA,NA,NA,NA,NA
2021-12-09 00:00:00,NA,70.05,14.00,22.92,37.07,NA,13.17,0.90,NA,NA,NA,NA,NA,NA,NA,NA,NA,NA,NA,NA,NA,NA,NA,NA
2021-12-10 00:00:00,NA,127.63,13.99,22.96,36.93,NA,11.57,0.90,NA,NA,NA,NA,NA,NA,NA,NA,NA,NA,NA,NA,NA,NA,NA,NA
2021-12-11 00:00:00,NA,80.27,14.00,23.00,37.06,NA,12.89,0.90,NA,NA,NA,NA,NA,NA,NA,NA,NA,NA,NA,NA,NA,NA,NA,NA
2021-12-12 00:00:00,NA,45.52,14.01,23.04,37.03,NA,13.65,0.90,NA,NA,NA,NA,NA,NA,NA,NA,NA,NA,NA,NA,NA,NA,NA,NA
2021-12-13 00:00:00,NA,73.53,14.00,23.06,37.02,NA,12.15,0.90,NA,NA,NA,NA,NA,NA,NA,NA,NA,NA,NA,NA,NA,NA,NA,NA
2021-12-14 00:00:00,NA,66.77,14.00,23.03,37.03,NA,12.34,0.90,NA,NA,NA,NA,NA,NA,NA,NA,NA,NA,NA,NA,NA,NA,NA,NA
2021-12-15 00:00:00,NA,82.05,14.05,23.00,37.03,NA,11.86,0.90,NA,NA,NA,NA,NA,NA,NA,NA,NA,NA,NA,NA,NA,NA,NA,NA
2021-12-16 00:00:00,NA,127.30,14.00,23.01,37.03,NA,11.57,0.90,NA,NA,NA,NA,NA,NA,NA,NA,NA,NA,NA,NA,NA,NA,NA,NA
2021-12-17 00:00:00,NA,104.68,13.99,22.99,36.98,NA,13.09,1.13,NA,NA,NA,NA,NA,NA,NA,NA,NA,NA,NA,NA,NA,NA,NA,NA
2021-12-18 00:00:00,NA,115.78,14.00,22.98,37.00,NA,15.82,1.31,NA,NA,NA,NA,NA,NA,NA,NA,NA,NA,NA,NA,NA,NA,NA,NA
2021-12-19 00:00:00,NA,89.51,13.99,23.00,37.00,NA,11.62,1.31,NA,NA,NA,NA,NA,NA,NA,NA,NA,NA,NA,NA,NA,NA,NA,NA
2021-12-20 00:00:00,NA,110.02,13.98,22.99,36.94,NA,13.95,1.31,NA,NA,NA,NA,NA,NA,NA,NA,NA,NA,NA,NA,NA,NA,NA,NA
2021-12-21 00:00:00,NA,118.03,14.03,23.00,37.01,NA,15.52,1.31,NA,NA,NA,NA,NA,NA,NA,NA,NA,NA,NA,NA,NA,NA,NA,NA
2021-12-22 00:00:00,NA,119.12,14.03,23.04,36.99,NA,12.03,1.31,NA,NA,NA,NA,NA,NA,NA,NA,NA,NA,NA,NA,NA,NA,NA,NA
2021-12-23 00:00:00,NA,117.17,13.99,23.01,37.01,NA,13.85,1.31,NA,NA,NA,NA,NA,NA,NA,NA,NA,NA,NA,NA,NA,NA,NA,NA
2021-12-24 00:00:00,NA,108.12,14.00,22.98,36.97,NA,13.22,1.31,NA,NA,NA,NA,NA,NA,NA,NA,NA,NA,NA,NA,NA,NA,NA,NA
2021-12-25 00:00:00,NA,NA,NA,NA,NA,NA,NA,NA,NA,NA,NA,NA,NA,NA,NA,NA,NA,NA,NA,NA,NA,NA,NA,NA
2021-12-26 00:00:00,NA,NA,NA,NA,NA,NA,NA,NA,NA,NA,NA,NA,NA,NA,NA,NA,NA,NA,NA,NA,NA,NA,NA,NA
2021-12-27 00:00:00,NA,100.87,13.99,23.05,36.97,NA,14.44,1.31,NA,NA,NA,NA,NA,NA,NA,NA,NA,NA,NA,NA,NA,NA,NA,NA
2021-12-28 00:00:00,NA,81.31,14.00,23.00,36.99,NA,15.83,1.31,NA,NA,NA,NA,NA,NA,NA,NA,NA,NA,NA,NA,NA,NA,NA,NA
2021-12-29 00:00:00,NA,76.26,14.02,22.99,36.98,NA,13.73,1.31,NA,NA,NA,NA,NA,NA,NA,NA,NA,NA,NA,NA,NA,NA,NA,NA
2021-12-30 00:00:00,NA,123.56,14.00,22.97,37.06,NA,14.55,1.31,NA,NA,NA,NA,NA,NA,NA,NA,NA,NA,NA,NA,NA,NA,NA,NA
2021-12-31 00:00:00,NA,97.49,14.00,23.01,37.06,NA,10.61,1.31,NA,NA,NA,NA,NA,NA,NA,NA,NA,NA,NA,NA,NA,NA,NA,NA
