Timestamp,PM2.5 (µg/m³),PM10 (µg/m³),NO (µg/m³),NO2 (µg/m³),NOx (ppb),NH3 (µg/m³),SO2 (µg/m³),CO (mg/m³),Ozone (µg/m³),Benzene (µg/m³),Toluene (µg/m³),Xylene (µg/m³),O Xylene (µg/m³),Eth-Benzene (µg/m³),MP-Xylene (µg/m³),AT (°C),RH (%),WS (m/s),WD (deg),RF (mm),TOT-RF (mm),SR (W/mt2),BP (mmHg),VWS (m/s)
2022-01-01 00:00:00,NA,56.11,14.02,22.99,37.00,NA,13.14,1.31,NA,NA,NA,NA,NA,NA,NA,NA,NA,NA,NA,NA,NA,NA,NA,NA
2022-01-02 00:00:00,NA,57.25,13.98,23.02,37.01,NA,12.33,1.31,NA,NA,NA,NA,NA,NA,NA,NA,NA,NA,NA,NA,NA,NA,NA,NA
2022-01-03 00:00:00,NA,76.84,14.00,23.00,36.98,NA,13.25,1.31,NA,NA,NA,NA,NA,NA,NA,NA,NA,NA,NA,NA,NA,NA,NA,NA
2022-01-04 00:00:00,NA,76.18,14.00,23.01,36.97,NA,14.93,1.31,NA,NA,NA,NA,NA,NA,NA,NA,NA,NA,NA,NA,NA,NA,NA,NA
2022-01-05 00:00:00,NA,93.60,14.01,23.01,37.03,NA,12.14,1.31,NA,NA,NA,NA,NA,NA,NA,NA,NA,NA,NA,NA,NA,NA,NA,NA
2022-01-06 00:00:00,NA,83.62,14.01,23.03,36.98,NA,10.72,1.31,NA,NA,NA,NA,NA,NA,NA,NA,NA,NA,NA,NA,NA,NA,NA,NA
2022-01-07 00:00:00,NA,88.88,14.03,22.99,37.05,NA,14.39,1.43,NA,NA,NA,NA,NA,NA,NA,NA,NA,NA,NA,NA,NA,NA,NA,NA
2022-01-08 00:00:00,NA,69.47,14.00,22.96,37.04,NA,13.62,1.66,NA,NA,NA,NA,NA,NA,NA,NA,NA,NA,NA,NA,NA,NA,NA,NA
2022-01-09 00:00:00,NA,63.31,14.00,23.02,36.94,NA,14.47,1.67,NA,NA,NA,NA,NA,NA,NA,NA,NA,NA,NA,NA,NA,NA,NA,NA
2022-01-10 00:00:00,NA,83.52,14.00,23.01,37.00,NA,14.49,1.60,NA,NA,NA,NA,NA,NA,NA,NA,NA,NA,NA,NA,NA,NA,NA,NA
2022-01-11 00:00:00,NA,77.01,16.49,24.27,40.82,NA,11.69,1.48,NA,NA,NA,NA,NA,NA,NA,NA,NA,NA,NA,NA,NA,NA,NA,NA
2022-01-12 00:00:00,NA,77.04,18.55,25.39,44.13,NA,12.45,1.42,NA,NA,NA,NA,NA,NA,NA,NA,NA,NA,NA,NA,NA,NA,NA,NA
2022-01-13 00:00:00,NA,76.10,18.60,25.27,44.08,NA,13.00,1.42,NA,NA,NA,NA,NA,NA,NA,NA,NA,NA,NA,NA,NA,NA,NA,NA
2022-01-14 00:00:00,NA,84.79,18.60,24.42,44.12,NA,13.22,1.83,NA,NA,NA,NA,NA,NA,NA,NA,NA,NA,NA,NA,NA,NA,NA,NA
2022-01-15 00:00:00,NA,63.69,18.62,24.41,44.15,NA,12.92,2.38,NA,NA,NA,NA,NA,NA,NA,NA,NA,NA,NA,NA,NA,NA,NA,NA
2022-01-16 00:00:00,NA,48.60,18.55,24.33,44.09,NA,16.14,2.36,NA,NA,NA,NA,NA,NA,NA,NA,NA,NA,NA,NA,NA,NA,NA,NA
2022-01-17 00:00:00,NA,60.45,18.60,24.46,44.04,NA,17.72,2.12,NA,NA,NA,NA,NA,NA,NA,NA,NA,NA,NA,NA,NA,NA,NA,NA
2022-01-18 00:00:00,NA,63.00,18.57,24.53,44.15,NA,14.40,1.98,NA,NA,NA,NA,NA,NA,NA,NA,NA,NA,NA,NA,NA,NA,NA,NA
2022-01-19 00:00:00,NA,68.27,18.60,24.40,44.07,NA,15.14,1.98,NA,NA,NA,NA,NA,NA,NA,NA,NA,NA,NA,NA,NA,NA,NA,NA
2022-01-20 00:00:00,NA,78.78,18.56,24.45,44.11,NA,13.14,1.97,NA,NA,NA,NA,NA,NA,NA,NA,NA,NA,NA,NA,NA,NA,NA,NA
2022-01-21 00:00:00,NA,90.54,18.58,24.45,44.17,NA,13.85,2.00,NA,NA,NA,NA,NA,NA,NA,NA,NA,NA,NA,NA,NA,NA,NA,NA
2022-01-22 00:00:00,NA,91.34,18.64,24.38,44.13,NA,14.28,1.98,NA,NA,NA,NA,NA,NA,NA,NA,NA,NA,NA,NA,NA,NA,NA,NA
2022-01-23 00:00:00,NA,65.25,18.59,24.36,44.13,NA,15.84,1.97,NA,NA,NA,NA,NA,NA,NA,NA,NA,NA,NA,NA,NA,NA,NA,NA
2022-01-24 00:00:00,NA,81.89,18.62,24.47,44.09,NA,16.08,1.99,NA,NA,NA,NA,NA,NA,NA,NA,NA,NA,NA,NA,NA,NA,NA,NA
2022-01-25 00:00:00,NA,98.21,18.59,24.43,44.18,NA,14.63,1.70,NA,NA,NA,NA,NA,NA,NA,NA,NA,NA,NA,NA,NA,NA,NA,NA
2022-01-26 00:00:00,NA,90.73,18.60,24.39,44.01,NA,13.58,1.48,NA,NA,NA,NA,NA,NA,NA,NA,NA,NA,NA,NA,NA,NA,NA,NA
2022-01-27 00:00:00,NA,79.27,18.58,24.36,44.09,NA,13.27,1.79,NA,NA,NA,NA,NA,NA,NA,NA,NA,NA,NA,NA,NA,NA,NA,NA
2022-01-28 00:00:00,NA,80.67,18.62,24.39,44.07,NA,12.58,2.15,NA,NA,NA,NA,NA,NA,NA,NA,NA,NA,NA,NA,NA,NA,NA,NA
2022-01-29 00:00:00,NA,90.12,18.61,24.40,44.15,NA,13.72,2.26,NA,NA,NA,NA,NA,NA,NA,NA,NA,NA,NA,NA,NA,NA,NA,NA
2022-01-30 00:00:00,NA,82.51,18.61,24.37,44.20,NA,13.93,1.97,NA,NA,NA,NA,NA,NA,NA,NA,NA,NA,NA,NA,NA,NA,NA,NA
2022-01-31 00:00:00,NA,88.60,18.58,24.35,44.24,NA,13.67,2.00,NA,NA,NA,NA,NA,NA,NA,NA,NA,NA,NA,NA,NA,NA,NA,NA
2022-02-01 00:00:00,NA,94.16,18.64,24.37,44.13,NA,14.47,2.13,NA,NA,NA,NA,NA,NA,NA,NA,NA,NA,NA,NA,NA,NA,NA,NA
2022-02-02 00:00:00,NA,94.31,18.57,24.35,44.17,NA,11.11,1.85,NA,NA,NA,NA,NA,NA,NA,NA,NA,NA,NA,NA,NA,NA,NA,NA
2022-02-03 00:00:00,NA,94.19,18.58,24.42,44.05,NA,12.79,1.85,NA,NA,NA,NA,NA,NA,NA,NA,NA,NA,NA,NA,NA,NA,NA,NA
2022-02-04 00:00:00,NA,75.26,18.58,24.38,44.06,NA,14.55,2.41,NA,NA,NA,NA,NA,NA,NA,NA,NA,NA,NA,NA,NA,NA,NA,NA
2022-02-05 00:00:00,NA,93.27,18.58,24.39,44.15,NA,12.42,2.50,NA,NA,NA,NA,NA,NA,NA,NA,NA,NA,NA,NA,NA,NA,NA,NA
2022-02-06 00:00:00,NA,79.82,18.59,24.43,44.10,NA,11.77,1.93,NA,NA,NA,NA,NA,NA,NA,NA,NA,NA,NA,NA,NA,NA,NA,NA
2022-02-07 00:00:00,NA,78.62,18.63,24.46,44.11,NA,12.57,2.32,NA,NA,NA,NA,NA,NA,NA,NA,NA,NA,NA,NA,NA,NA,NA,NA
2022-02-08 00:00:00,NA,86.09,18.59,24.36,44.17,NA,12.51,2.45,NA,NA,NA,NA,NA,NA,NA,NA,NA,NA,NA,NA,NA,NA,NA,NA
2022-02-09 00:00:00,NA,79.82,18.63,24.41,44.12,NA,10.89,2.26,NA,NA,NA,NA,NA,NA,NA,NA,NA,NA,NA,NA,NA,NA,NA,NA
2022-02-10 00:00:00,NA,73.49,18.59,24.40,44.10,NA,13.99,2.49,NA,NA,NA,NA,NA,NA,NA,NA,NA,NA,NA,NA,NA,NA,NA,NA
2022-02-11 00:00:00,NA,71.98,18.64,24.38,44.14,NA,12.37,2.86,NA,NA,NA,NA,NA,NA,NA,NA,NA,NA,NA,NA,NA,NA,NA,NA
2022-02-12 00:00:00,NA,65.65,18.56,24.40,44.16,NA,13.02,2.78,NA,NA,NA,NA,NA,NA,NA,NA,NA,NA,NA,NA,NA,NA,NA,NA
2022-02-13 00:00:00,NA,62.03,18.61,24.46,44.15,NA,15.11,2.79,NA,NA,NA,NA,NA,NA,NA,NA,NA,NA,NA,NA,NA,NA,NA,NA
2022-02-14 00:00:00,NA,73.09,18.59,24.43,44.14,NA,12.32,2.42,NA,NA,NA,NA,NA,NA,NA,NA,NA,NA,NA,NA,NA,NA,NA,NA
2022-02-15 00:00:00,NA,81.26,18.55,24.42,44.17,NA,14.86,2.26,NA,NA,NA,NA,NA,NA,NA,NA,NA,NA,NA,NA,NA,NA,NA,NA
2022-02-16 00:00:00,NA,81.69,18.62,24.40,44.24,NA,10.97,2.20,NA,NA,NA,NA,NA,NA,NA,NA,NA,NA,NA,NA,NA,NA,NA,NA
2022-02-17 00:00:00,NA,83.99,18.56,24.45,44.17,NA,13.37,2.22,NA,NA,NA,NA,NA,NA,NA,NA,NA,NA,NA,NA,NA,NA,NA,NA
2022-02-18 00:00:00,NA,74.76,18.64,24.39,44.14,NA,13.53,2.28,NA,NA,NA,NA,NA,NA,NA,NA,NA,NA,NA,NA,NA,NA,NA,NA
2022-02-19 00:00:00,NA,72.47,18.56,24.40,44.15,NA,14.03,2.29,NA,NA,NA,NA,NA,NA,NA,NA,NA,NA,NA,NA,NA,NA,NA,NA
2022-02-20 00:00:00,NA,69.49,18.61,24.47,44.30,NA,11.64,2.30,NA,NA,NA,NA,NA,NA,NA,NA,NA,NA,NA,NA,NA,NA,NA,NA
2022-02-21 00:00:00,NA,86.20,18.53,24.38,44.15,NA,14.75,2.32,NA,NA,NA,NA,NA,NA,NA,NA,NA,NA,NA,NA,NA,NA,NA,NA
2022-02-22 00:00:00,NA,103.18,18.56,24.39,44.14,NA,14.00,2.28,NA,NA,NA,NA,NA,NA,NA,NA,NA,NA,NA,NA,NA,NA,NA,NA
2022-02-23 00:00:00,NA,70.55,18.60,24.46,44.13,NA,12.54,2.30,NA,NA,NA,NA,NA,NA,NA,NA,NA,NA,NA,NA,NA,NA,NA,NA
2022-02-24 00:00:00,NA,56.13,18.63,24.36,44.11,NA,18.99,2.30,NA,NA,NA,NA,NA,NA,NA,NA,NA,NA,NA,NA,NA,NA,NA,NA
2022-02-25 00:00:00,NA,72.83,18.64,24.47,42.36,NA,19.01,2.09,NA,NA,NA,NA,NA,NA,NA,NA,NA,NA,NA,NA,NA,NA,NA,NA
2022-02-26 00:00:00,NA,75.43,18.57,24.49,44.14,NA,19.00,2.19,NA,NA,NA,NA,NA,NA,NA,NA,NA,NA,NA,NA,NA,NA,NA,NA
2022-02-27 00:00:00,NA,59.50,18.61,24.39,44.15,NA,18.99,2.19,NA,NA,NA,NA,NA,NA,NA,NA,NA,NA,NA,NA,NA,NA,NA,NA
2022-02-28 00:00:00,NA,65.65,18.60,24.40,44.08,NA,18.98,2.19,NA,NA,NA,NA,NA,NA,NA,NA,NA,NA,NA,NA,NA,NA,NA,NA
2022-03-01 00:00:00,NA,60.11,18.56,24.35,44.07,NA,19.02,2.29,NA,NA,NA,NA,NA,NA,NA,NA,NA,NA,NA,NA,NA,NA,NA,NA
2022-03-02 00:00:00,NA,65.20,18.63,24.47,44.10,NA,18.95,2.25,NA,NA,NA,NA,NA,NA,NA,NA,NA,NA,NA,NA,NA,NA,NA,NA
2022-03-03 00:00:00,NA,74.13,18.64,24.42,44.09,NA,18.98,2.18,NA,NA,NA,NA,NA,NA,NA,NA,NA,NA,NA,NA,NA,NA,NA,NA
2022-03-04 00:00:00,NA,67.79,18.59,24.43,44.15,NA,18.96,2.21,NA,NA,NA,NA,NA,NA,NA,NA,NA,NA,NA,NA,NA,NA,NA,NA
2022-03-05 00:00:00,NA,64.77,18.35,24.38,44.32,NA,19.09,2.20,NA,NA,NA,NA,NA,NA,NA,NA,NA,NA,NA,NA,NA,NA,NA,NA
2022-03-06 00:00:00,NA,NA,NA,NA,NA,NA,NA,NA,NA,NA,NA,NA,NA,NA,NA,NA,NA,NA,NA,NA,NA,NA,NA,NA
2022-03-07 00:00:00,NA,62.01,18.58,24.40,44.13,NA,18.95,2.20,NA,NA,NA,NA,NA,NA,NA,NA,NA,NA,NA,NA,NA,NA,NA,NA
2022-03-08 00:00:00,NA,72.82,18.58,24.39,44.08,NA,19.03,2.22,NA,NA,NA,NA,NA,NA,NA,NA,NA,NA,NA,NA,NA,NA,NA,NA
2022-03-09 00:00:00,NA,100.11,18.67,24.54,44.03,NA,18.97,2.32,NA,NA,NA,NA,NA,NA,NA,NA,NA,NA,NA,NA,NA,NA,NA,NA
2022-03-10 00:00:00,NA,89.80,18.64,24.48,42.98,NA,18.99,2.58,NA,NA,NA,NA,NA,NA,NA,NA,NA,NA,NA,NA,NA,NA,NA,NA
2022-03-11 00:00:00,NA,77.57,18.56,24.39,44.22,NA,18.96,2.59,NA,NA,NA,NA,NA,NA,NA,NA,NA,NA,NA,NA,NA,NA,NA,NA
2022-03-12 00:00:00,NA,79.98,18.58,24.38,44.04,NA,18.99,2.58,NA,NA,NA,NA,NA,NA,NA,NA,NA,NA,NA,NA,NA,NA,NA,NA
2022-03-13 00:00:00,NA,80.73,18.51,24.53,44.10,NA,19.01,2.56,NA,NA,NA,NA,NA,NA,NA,NA,NA,NA,NA,NA,NA,NA,NA,NA
2022-03-14 00:00:00,NA,90.68,18.62,24.43,44.15,NA,18.96,2.56,NA,NA,NA,NA,NA,NA,NA,NA,NA,NA,NA,NA,NA,NA,NA,NA
2022-03-15 00:00:00,NA,50.14,18.57,24.44,44.50,NA,18.87,2.29,NA,NA,NA,NA,NA,NA,NA,NA,NA,NA,NA,NA,NA,NA,NA,NA
2022-03-16 00:00:00,NA,130.41,18.64,24.55,44.14,NA,18.98,2.59,NA,NA,NA,NA,NA,NA,NA,NA,NA,NA,NA,NA,NA,NA,NA,NA
2022-03-17 00:00:00,NA,105.68,18.61,24.48,44.03,NA,18.97,2.58,NA,NA,NA,NA,NA,NA,NA,NA,NA,NA,NA,NA,NA,NA,NA,NA
2022-03-18 00:00:00,NA,147.88,18.65,24.42,44.21,NA,18.98,2.56,NA,NA,NA,NA,NA,NA,NA,NA,NA,NA,NA,NA,NA,NA,NA,NA
2022-03-19 00:00:00,NA,79.71,18.63,24.40,44.11,NA,18.98,2.57,NA,NA,NA,NA,NA,NA,NA,NA,NA,NA,NA,NA,NA,NA,NA,NA
2022-03-20 00:00:00,NA,NA,18.60,24.46,44.09,NA,18.96,2.57,NA,NA,NA,NA,NA,NA,NA,NA,NA,NA,NA,NA,NA,NA,NA,NA
2022-03-21 00:00:00,NA,57.55,18.59,24.42,42.04,NA,19.01,2.45,NA,NA,NA,NA,NA,NA,NA,NA,NA,NA,NA,NA,NA,NA,NA,NA
2022-03-22 00:00:00,NA,73.78,14.15,19.99,34.69,NA,21.58,2.16,NA,NA,NA,NA,NA,NA,NA,NA,NA,NA,NA,NA,NA,NA,NA,NA
2022-03-23 00:00:00,NA,85.92,10.66,16.56,27.09,NA,23.66,1.83,NA,NA,NA,NA,NA,NA,NA,NA,NA,NA,NA,NA,NA,NA,NA,NA
2022-03-24 00:00:00,NA,97.20,10.70,16.60,26.99,NA,23.68,1.83,NA,NA,NA,NA,NA,NA,NA,NA,NA,NA,NA,NA,NA,NA,NA,NA
2022-03-25 00:00:00,NA,103.54,10.59,16.55,25.18,NA,23.76,1.70,NA,NA,NA,NA,NA,NA,NA,NA,NA,NA,NA,NA,NA,NA,NA,NA
2022-03-26 00:00:00,NA,79.13,10.61,16.57,27.02,NA,23.75,1.84,NA,NA,NA,NA,NA,NA,NA,NA,NA,NA,NA,NA,NA,NA,NA,NA
2022-03-27 00:00:00,NA,NA,NA,NA,NA,NA,NA,NA,NA,NA,NA,NA,NA,NA,NA,NA,NA,NA,NA,NA,NA,NA,NA,NA
2022-03-28 00:00:00,NA,90.99,10.60,16.92,27.17,NA,23.63,1.82,NA,NA,NA,NA,NA,NA,NA,NA,NA,NA,NA,NA,NA,NA,NA,NA
2022-03-29 00:00:00,NA,66.29,10.51,16.63,27.20,NA,23.50,1.82,NA,NA,NA,NA,NA,NA,NA,NA,NA,NA,NA,NA,NA,NA,NA,NA
2022-03-30 00:00:00,NA,32.71,10.56,16.08,27.22,NA,23.71,1.85,NA,NA,NA,NA,NA,NA,NA,NA,NA,NA,NA,NA,NA,NA,NA,NA
2022-03-31 00:00:00,NA,106.30,10.62,16.55,27.18,NA,23.68,1.83,NA,NA,NA,NA,NA,NA,NA,NA,NA,NA,NA,NA,NA,NA,NA,NA
2022-04-01 00:00:00,NA,85.64,10.58,16.54,27.15,NA,23.72,1.83,NA,NA,NA,NA,NA,NA,NA,NA,NA,NA,NA,NA,NA,NA,NA,NA
2022-04-02 00:00:00,NA,83.70,10.58,16.64,27.23,NA,23.71,1.83,NA,NA,NA,NA,NA,NA,NA,NA,NA,NA,NA,NA,NA,NA,NA,NA
2022-04-03 00:00:00,NA,82.21,10.57,16.56,27.09,NA,23.72,1.83,NA,NA,NA,NA,NA,NA,NA,NA,NA,NA,NA,NA,NA,NA,NA,NA
2022-04-04 00:00:00,NA,87.46,10.60,16.60,27.19,NA,23.73,1.83,NA,NA,NA,NA,NA,NA,NA,NA,NA,NA,NA,NA,NA,NA,NA,NA
2022-04-05 00:00:00,NA,67.84,10.55,16.46,27.12,NA,23.71,1.82,NA,NA,NA,NA,NA,NA,NA,NA,NA,NA,NA,NA,NA,NA,NA,NA
2022-04-06 00:00:00,NA,95.85,10.53,16.54,27.24,NA,23.71,1.83,NA,NA,NA,NA,NA,NA,NA,NA,NA,NA,NA,NA,NA,NA,NA,NA
2022-04-07 00:00:00,NA,85.94,10.57,16.48,27.04,NA,23.71,1.83,NA,NA,NA,NA,NA,NA,NA,NA,NA,NA,NA,NA,NA,NA,NA,NA
2022-04-08 00:00:00,NA,78.32,10.60,16.48,27.23,NA,23.71,1.84,NA,NA,NA,NA,NA,NA,NA,NA,NA,NA,NA,NA,NA,NA,NA,NA
2022-04-09 00:00:00,NA,70.69,10.58,16.52,26.99,NA,23.69,1.83,NA,NA,NA,NA,NA,NA,NA,NA,NA,NA,NA,NA,NA,NA,NA,NA
2022-04-10 00:00:00,NA,53.95,10.55,16.56,27.30,NA,23.84,1.83,NA,NA,NA,NA,NA,NA,NA,NA,NA,NA,NA,NA,NA,NA,NA,NA
2022-04-11 00:00:00,NA,112.90,10.64,16.51,27.19,NA,23.69,1.82,NA,NA,NA,NA,NA,NA,NA,NA,NA,NA,NA,NA,NA,NA,NA,NA
2022-04-12 00:00:00,NA,118.30,10.58,16.52,27.15,NA,23.71,1.83,NA,NA,NA,NA,NA,NA,NA,NA,NA,NA,NA,NA,NA,NA,NA,NA
2022-04-13 00:00:00,NA,61.32,10.59,16.50,27.07,NA,23.70,1.82,NA,NA,NA,NA,NA,NA,NA,NA,NA,NA,NA,NA,NA,NA,NA,NA
2022-04-14 00:00:00,NA,41.33,10.58,16.58,26.88,NA,23.68,1.83,NA,NA,NA,NA,NA,NA,NA,NA,NA,NA,NA,NA,NA,NA,NA,NA
2022-04-15 00:00:00,NA,NA,NA,NA,NA,NA,NA,NA,NA,NA,NA,NA,NA,NA,NA,NA,NA,NA,NA,NA,NA,NA,NA,NA
2022-04-16 00:00:00,NA,69.69,10.62,16.48,27.04,NA,23.75,1.83,NA,NA,NA,NA,NA,NA,NA,NA,NA,NA,NA,NA,NA,NA,NA,NA
2022-04-17 00:00:00,NA,59.15,10.58,16.49,27.12,NA,23.67,1.83,NA,NA,NA,NA,NA,NA,NA,NA,NA,NA,NA,NA,NA,NA,NA,NA
2022-04-18 00:00:00,NA,48.61,10.63,16.67,27.36,NA,23.75,1.83,NA,NA,NA,NA,NA,NA,NA,NA,NA,NA,NA,NA,NA,NA,NA,NA
2022-04-19 00:00:00,NA,88.61,10.60,16.54,26.97,NA,23.69,1.83,NA,NA,NA,NA,NA,NA,NA,NA,NA,NA,NA,NA,NA,NA,NA,NA
2022-04-20 00:00:00,NA,78.82,10.58,16.53,26.94,NA,23.65,1.83,NA,NA,NA,NA,NA,NA,NA,NA,NA,NA,NA,NA,NA,NA,NA,NA
2022-04-21 00:00:00,NA,104.12,10.65,16.58,27.18,NA,23.76,1.82,NA,NA,NA,NA,NA,NA,NA,NA,NA,NA,NA,NA,NA,NA,NA,NA
2022-04-22 00:00:00,NA,100.22,10.66,16.58,27.11,NA,23.66,1.82,NA,NA,NA,NA,NA,NA,NA,NA,NA,NA,NA,NA,NA,NA,NA,NA
2022-04-23 00:00:00,NA,81.36,10.64,16.59,27.21,NA,23.75,1.83,NA,NA,NA,NA,NA,NA,NA,NA,NA,NA,NA,NA,NA,NA,NA,NA
2022-04-24 00:00:00,NA,73.38,10.63,16.58,27.15,NA,23.76,1.83,NA,NA,NA,NA,NA,NA,NA,NA,NA,NA,NA,NA,NA,NA,NA,NA
2022-04-25 00:00:00,NA,81.23,10.50,16.56,27.08,NA,23.60,1.83,NA,NA,NA,NA,NA,NA,NA,NA,NA,NA,NA,NA,NA,NA,NA,NA
2022-04-26 00:00:00,NA,82.42,10.57,16.62,27.13,NA,23.66,1.83,NA,NA,NA,NA,NA,NA,NA,NA,NA,NA,NA,NA,NA,NA,NA,NA
2022-04-27 00:00:00,NA,95.95,10.59,16.56,27.06,NA,23.69,1.83,NA,NA,NA,NA,NA,NA,NA,NA,NA,NA,NA,NA,NA,NA,NA,NA
2022-04-28 00:00:00,NA,89.23,10.58,16.65,32.50,NA,23.64,1.83,NA,NA,NA,NA,NA,NA,NA,NA,NA,NA,NA,NA,NA,NA,NA,NA
2022-04-29 00:00:00,NA,91.48,10.57,16.56,37.12,NA,23.66,1.84,NA,NA,NA,NA,NA,NA,NA,NA,NA,NA,NA,NA,NA,NA,NA,NA
2022-04-30 00:00:00,NA,66.30,10.55,16.50,37.09,NA,23.68,1.84,NA,NA,NA,NA,NA,NA,NA,NA,NA,NA,NA,NA,NA,NA,NA,NA
2022-05-01 00:00:00,NA,NA,NA,NA,NA,NA,NA,NA,NA,NA,NA,NA,NA,NA,NA,NA,NA,NA,NA,NA,NA,NA,NA,NA
2022-05-02 00:00:00,NA,67.93,10.56,16.53,37.22,NA,23.63,1.83,NA,NA,NA,NA,NA,NA,NA,NA,NA,NA,NA,NA,NA,NA,NA,NA
2022-05-03 00:00:00,NA,62.48,10.59,16.65,37.07,NA,23.75,1.83,NA,NA,NA,NA,NA,NA,NA,NA,NA,NA,NA,NA,NA,NA,NA,NA
2022-05-04 00:00:00,NA,53.25,10.60,16.52,37.16,NA,23.68,1.84,NA,NA,NA,NA,NA,NA,NA,NA,NA,NA,NA,NA,NA,NA,NA,NA
2022-05-05 00:00:00,NA,64.54,10.53,16.48,37.02,NA,23.73,1.82,NA,NA,NA,NA,NA,NA,NA,NA,NA,NA,NA,NA,NA,NA,NA,NA
2022-05-06 00:00:00,NA,67.33,10.56,16.41,37.08,NA,23.67,1.83,NA,NA,NA,NA,NA,NA,NA,NA,NA,NA,NA,NA,NA,NA,NA,NA
2022-05-07 00:00:00,NA,72.79,11.40,18.66,35.89,NA,20.74,2.12,NA,NA,NA,NA,NA,NA,NA,NA,NA,NA,NA,NA,NA,NA,NA,NA
2022-05-08 00:00:00,NA,79.18,12.70,21.61,33.76,NA,16.55,2.57,NA,NA,NA,NA,NA,NA,NA,NA,NA,NA,NA,NA,NA,NA,NA,NA
2022-05-09 00:00:00,NA,82.67,12.65,21.57,33.84,NA,16.52,2.57,NA,NA,NA,NA,NA,NA,NA,NA,NA,NA,NA,NA,NA,NA,NA,NA
2022-05-10 00:00:00,NA,62.53,12.70,21.66,33.94,NA,16.53,2.02,NA,NA,NA,NA,NA,NA,NA,NA,NA,NA,NA,NA,NA,NA,NA,NA
2022-05-11 00:00:00,NA,67.75,12.66,21.60,33.78,NA,16.55,1.53,NA,NA,NA,NA,NA,NA,NA,NA,NA,NA,NA,NA,NA,NA,NA,NA
2022-05-12 00:00:00,NA,56.70,12.70,21.54,33.80,NA,16.57,1.53,NA,NA,NA,NA,NA,NA,NA,NA,NA,NA,NA,NA,NA,NA,NA,NA
2022-05-13 00:00:00,NA,62.99,12.70,21.54,33.19,NA,16.54,1.50,NA,NA,NA,NA,NA,NA,NA,NA,NA,NA,NA,NA,NA,NA,NA,NA
2022-05-14 00:00:00,NA,84.09,12.71,21.50,33.76,NA,16.59,1.53,NA,NA,NA,NA,NA,NA,NA,NA,NA,NA,NA,NA,NA,NA,NA,NA
2022-05-15 00:00:00,NA,73.19,12.67,21.60,33.64,NA,16.52,1.53,NA,NA,NA,NA,NA,NA,NA,NA,NA,NA,NA,NA,NA,NA,NA,NA
2022-05-16 00:00:00,NA,73.29,12.67,21.55,33.95,NA,16.52,1.53,NA,NA,NA,NA,NA,NA,NA,NA,NA,NA,NA,NA,NA,NA,NA,NA
2022-05-17 00:00:00,NA,42.05,12.68,21.56,33.88,NA,16.54,1.53,NA,NA,NA,NA,NA,NA,NA,NA,NA,NA,NA,NA,NA,NA,NA,NA
2022-05-18 00:00:00,NA,38.17,12.66,21.61,33.54,NA,16.52,1.51,NA,NA,NA,NA,NA,NA,NA,NA,NA,NA,NA,NA,NA,NA,NA,NA
2022-05-19 00:00:00,NA,44.76,12.74,21.56,33.98,NA,16.60,1.54,NA,NA,NA,NA,NA,NA,NA,NA,NA,NA,NA,NA,NA,NA,NA,NA
2022-05-20 00:00:00,NA,66.22,12.65,21.64,33.87,NA,16.52,1.52,NA,NA,NA,NA,NA,NA,NA,NA,NA,NA,NA,NA,NA,NA,NA,NA
2022-05-21 00:00:00,NA,90.29,12.59,21.47,34.01,NA,16.58,1.53,NA,NA,NA,NA,NA,NA,NA,NA,NA,NA,NA,NA,NA,NA,NA,NA
2022-05-22 00:00:00,NA,103.56,12.69,21.51,33.89,NA,16.61,1.54,NA,NA,NA,NA,NA,NA,NA,NA,NA,NA,NA,NA,NA,NA,NA,NA
2022-05-23 00:00:00,NA,71.73,12.62,21.50,33.81,NA,16.58,1.53,NA,NA,NA,NA,NA,NA,NA,NA,NA,NA,NA,NA,NA,NA,NA,NA
2022-05-24 00:00:00,NA,73.14,12.70,21.56,33.87,NA,16.59,1.54,NA,NA,NA,NA,NA,NA,NA,NA,NA,NA,NA,NA,NA,NA,NA,NA
2022-05-25 00:00:00,NA,74.27,12.69,21.54,33.74,NA,16.55,1.53,NA,NA,NA,NA,NA,NA,NA,NA,NA,NA,NA,NA,NA,NA,NA,NA
2022-05-26 00:00:00,NA,101.73,12.69,21.55,33.91,NA,16.56,1.53,NA,NA,NA,NA,NA,NA,NA,NA,NA,NA,NA,NA,NA,NA,NA,NA
2022-05-27 00:00:00,NA,72.33,12.73,21.56,22.21,NA,16.60,1.01,NA,NA,NA,NA,NA,NA,NA,NA,NA,NA,NA,NA,NA,NA,NA,NA
2022-05-28 00:00:00,NA,NA,NA,NA,NA,NA,NA,NA,NA,NA,NA,NA,NA,NA,NA,NA,NA,NA,NA,NA,NA,NA,NA,NA
2022-05-29 00:00:00,NA,NA,NA,NA,NA,NA,NA,NA,NA,NA,NA,NA,NA,NA,NA,NA,NA,NA,NA,NA,NA,NA,NA,NA
2022-05-30 00:00:00,NA,89.12,12.63,21.55,33.73,NA,16.56,1.53,NA,NA,NA,NA,NA,NA,NA,NA,NA,NA,NA,NA,NA,NA,NA,NA
2022-05-31 00:00:00,NA,51.63,12.69,21.60,33.85,NA,16.58,1.53,NA,NA,NA,NA,NA,NA,NA,NA,NA,NA,NA,NA,NA,NA,NA,NA
2022-06-01 00:00:00,NA,64.33,12.64,21.54,33.69,NA,16.53,1.53,NA,NA,NA,NA,NA,NA,NA,NA,NA,NA,NA,NA,NA,NA,NA,NA
2022-06-02 00:00:00,NA,71.24,13.96,22.83,36.50,NA,18.63,1.80,NA,NA,NA,NA,NA,NA,NA,NA,NA,NA,NA,NA,NA,NA,NA,NA
2022-06-03 00:00:00,NA,75.16,17.12,24.46,41.33,NA,25.60,2.56,NA,NA,NA,NA,NA,NA,NA,NA,NA,NA,NA,NA,NA,NA,NA,NA
2022-06-04 00:00:00,NA,54.22,13.03,17.56,30.89,NA,22.06,2.17,NA,NA,NA,NA,NA,NA,NA,NA,NA,NA,NA,NA,NA,NA,NA,NA
2022-06-05 00:00:00,NA,70.19,13.58,18.43,32.00,NA,20.90,2.49,NA,NA,NA,NA,NA,NA,NA,NA,NA,NA,NA,NA,NA,NA,NA,NA
2022-06-06 00:00:00,NA,46.65,13.89,19.64,32.84,NA,21.81,2.61,NA,NA,NA,NA,NA,NA,NA,NA,NA,NA,NA,NA,NA,NA,NA,NA
2022-06-07 00:00:00,NA,57.66,12.37,17.34,29.76,NA,23.86,2.37,NA,NA,NA,NA,NA,NA,NA,NA,NA,NA,NA,NA,NA,NA,NA,NA
2022-06-08 00:00:00,NA,57.06,10.03,16.29,26.96,NA,29.64,1.06,NA,NA,NA,NA,NA,NA,NA,NA,NA,NA,NA,NA,NA,NA,NA,NA
2022-06-09 00:00:00,NA,59.55,10.71,17.63,28.08,NA,28.53,1.35,NA,NA,NA,NA,NA,NA,NA,NA,NA,NA,NA,NA,NA,NA,NA,NA
2022-06-10 00:00:00,NA,61.50,11.87,24.95,29.61,NA,25.51,2.36,NA,NA,NA,NA,NA,NA,NA,NA,NA,NA,NA,NA,NA,NA,NA,NA
2022-06-11 00:00:00,NA,63.69,12.30,29.77,29.62,NA,27.70,2.00,NA,NA,NA,NA,NA,NA,NA,NA,NA,NA,NA,NA,NA,NA,NA,NA
2022-06-12 00:00:00,NA,52.69,12.29,29.65,29.62,NA,27.69,2.00,NA,NA,NA,NA,NA,NA,NA,NA,NA,NA,NA,NA,NA,NA,NA,NA
2022-06-13 00:00:00,NA,51.17,13.49,27.83,32.91,NA,25.36,2.15,NA,NA,NA,NA,NA,NA,NA,NA,NA,NA,NA,NA,NA,NA,NA,NA
2022-06-14 00:00:00,NA,49.59,12.21,20.12,30.41,NA,20.82,2.17,NA,NA,NA,NA,NA,NA,NA,NA,NA,NA,NA,NA,NA,NA,NA,NA
2022-06-15 00:00:00,NA,59.99,9.46,15.59,24.86,NA,15.92,1.64,NA,NA,NA,NA,NA,NA,NA,NA,NA,NA,NA,NA,NA,NA,NA,NA
2022-06-16 00:00:00,NA,88.04,9.14,11.66,20.80,NA,17.38,1.35,NA,NA,NA,NA,NA,NA,NA,NA,NA,NA,NA,NA,NA,NA,NA,NA
2022-06-17 00:00:00,NA,19.80,7.26,9.67,17.32,NA,15.78,1.49,NA,NA,NA,NA,NA,NA,NA,NA,NA,NA,NA,NA,NA,NA,NA,NA
2022-06-18 00:00:00,NA,20.63,7.42,9.09,17.51,NA,14.15,1.43,NA,NA,NA,NA,NA,NA,NA,NA,NA,NA,NA,NA,NA,NA,NA,NA
2022-06-19 00:00:00,NA,17.56,6.39,9.11,16.50,NA,13.85,1.37,NA,NA,NA,NA,NA,NA,NA,NA,NA,NA,NA,NA,NA,NA,NA,NA
2022-06-20 00:00:00,NA,54.05,9.68,11.01,21.69,NA,17.04,1.54,NA,NA,NA,NA,NA,NA,NA,NA,NA,NA,NA,NA,NA,NA,NA,NA
2022-06-21 00:00:00,NA,53.87,8.42,9.23,14.48,NA,16.15,1.66,NA,NA,NA,NA,NA,NA,NA,NA,NA,NA,NA,NA,NA,NA,NA,NA
2022-06-22 00:00:00,NA,61.29,4.55,5.94,11.49,NA,14.54,1.47,NA,NA,NA,NA,NA,NA,NA,NA,NA,NA,NA,NA,NA,NA,NA,NA
2022-06-23 00:00:00,NA,59.89,6.91,13.60,21.50,NA,16.91,1.44,NA,NA,NA,NA,NA,NA,NA,NA,NA,NA,NA,NA,NA,NA,NA,NA
2022-06-24 00:00:00,NA,71.78,9.00,22.85,32.83,NA,19.65,1.10,NA,NA,NA,NA,NA,NA,NA,NA,NA,NA,NA,NA,NA,NA,NA,NA
2022-06-25 00:00:00,NA,76.13,8.68,21.77,31.45,NA,18.68,1.39,NA,NA,NA,NA,NA,NA,NA,NA,NA,NA,NA,NA,NA,NA,NA,NA
2022-06-26 00:00:00,NA,82.73,9.83,23.35,34.19,NA,18.70,1.63,NA,NA,NA,NA,NA,NA,NA,NA,NA,NA,NA,NA,NA,NA,NA,NA
2022-06-27 00:00:00,NA,83.14,9.49,23.30,33.79,NA,18.09,1.83,NA,NA,NA,NA,NA,NA,NA,NA,NA,NA,NA,NA,NA,NA,NA,NA
2022-06-28 00:00:00,NA,79.30,8.43,22.69,32.11,NA,18.52,1.94,NA,NA,NA,NA,NA,NA,NA,NA,NA,NA,NA,NA,NA,NA,NA,NA
2022-06-29 00:00:00,NA,71.41,8.63,22.50,32.16,NA,18.52,2.40,NA,NA,NA,NA,NA,NA,NA,NA,NA,NA,NA,NA,NA,NA,NA,NA
2022-06-30 00:00:00,NA,73.91,9.28,21.25,31.54,NA,18.90,2.34,NA,NA,NA,NA,NA,NA,NA,NA,NA,NA,NA,NA,NA,NA,NA,NA
2022-07-01 00:00:00,NA,75.14,8.40,20.38,29.79,NA,18.18,2.23,NA,NA,NA,NA,NA,NA,NA,NA,NA,NA,NA,NA,NA,NA,NA,NA
2022-07-02 00:00:00,NA,81.85,10.51,24.27,35.76,NA,17.24,2.92,NA,NA,NA,NA,NA,NA,NA,NA,NA,NA,NA,NA,NA,NA,NA,NA
2022-07-03 00:00:00,NA,79.58,9.27,23.42,33.65,NA,17.22,1.76,NA,NA,NA,NA,NA,NA,NA,NA,NA,NA,NA,NA,NA,NA,NA,NA
2022-07-04 00:00:00,NA,83.12,10.54,25.55,37.09,NA,16.94,2.93,NA,NA,NA,NA,NA,NA,NA,NA,NA,NA,NA,NA,NA,NA,NA,NA
2022-07-05 00:00:00,NA,79.31,9.94,22.29,33.23,NA,17.53,2.23,NA,NA,NA,NA,NA,NA,NA,NA,NA,NA,NA,NA,NA,NA,NA,NA
2022-07-06 00:00:00,NA,93.35,11.11,24.28,36.00,NA,17.96,2.36,NA,NA,NA,NA,NA,NA,NA,NA,NA,NA,NA,NA,NA,NA,NA,NA
2022-07-07 00:00:00,NA,91.57,10.53,22.69,34.19,NA,17.86,2.35,NA,NA,NA,NA,NA,NA,NA,NA,NA,NA,NA,NA,NA,NA,NA,NA
2022-07-08 00:00:00,NA,93.75,10.49,24.37,35.86,NA,17.44,1.87,NA,NA,NA,NA,NA,NA,NA,NA,NA,NA,NA,NA,NA,NA,NA,NA
2022-07-09 00:00:00,NA,93.81,14.56,26.93,42.49,NA,17.46,1.85,NA,NA,NA,NA,NA,NA,NA,NA,NA,NA,NA,NA,NA,NA,NA,NA
2022-07-10 00:00:00,NA,92.18,11.69,23.83,36.51,NA,17.46,1.48,NA,NA,NA,NA,NA,NA,NA,NA,NA,NA,NA,NA,NA,NA,NA,NA
2022-07-11 00:00:00,NA,101.09,15.86,26.61,43.47,NA,17.55,1.71,NA,NA,NA,NA,NA,NA,NA,NA,NA,NA,NA,NA,NA,NA,NA,NA
2022-07-12 00:00:00,NA,108.65,13.13,24.78,38.93,NA,17.95,1.82,NA,NA,NA,NA,NA,NA,NA,NA,NA,NA,NA,NA,NA,NA,NA,NA
2022-07-13 00:00:00,NA,103.13,13.97,24.93,39.91,NA,17.92,2.15,NA,NA,NA,NA,NA,NA,NA,NA,NA,NA,NA,NA,NA,NA,NA,NA
2022-07-14 00:00:00,NA,103.25,14.99,26.29,42.28,NA,17.89,1.94,NA,NA,NA,NA,NA,NA,NA,NA,NA,NA,NA,NA,NA,NA,NA,NA
2022-07-15 00:00:00,NA,114.51,15.64,27.37,44.02,NA,17.49,1.90,NA,NA,NA,NA,NA,NA,NA,NA,NA,NA,NA,NA,NA,NA,NA,NA
2022-07-16 00:00:00,NA,102.07,14.58,25.30,40.91,NA,17.47,2.15,NA,NA,NA,NA,NA,NA,NA,NA,NA,NA,NA,NA,NA,NA,NA,NA
2022-07-17 00:00:00,NA,95.81,13.34,23.85,38.20,NA,16.96,1.90,NA,NA,NA,NA,NA,NA,NA,NA,NA,NA,NA,NA,NA,NA,NA,NA
2022-07-18 00:00:00,NA,79.40,13.20,23.88,38.06,NA,16.98,2.06,NA,NA,NA,NA,NA,NA,NA,NA,NA,NA,NA,NA,NA,NA,NA,NA
2022-07-19 00:00:00,NA,65.94,11.96,23.99,36.93,NA,16.99,1.79,NA,NA,NA,NA,NA,NA,NA,NA,NA,NA,NA,NA,NA,NA,NA,NA
2022-07-20 00:00:00,NA,63.80,11.78,24.44,37.22,NA,16.94,1.87,NA,NA,NA,NA,NA,NA,NA,NA,NA,NA,NA,NA,NA,NA,NA,NA
2022-07-21 00:00:00,NA,53.50,11.04,24.15,36.23,NA,17.00,1.99,NA,NA,NA,NA,NA,NA,NA,NA,NA,NA,NA,NA,NA,NA,NA,NA
2022-07-22 00:00:00,NA,63.23,11.48,24.49,36.99,NA,16.98,1.86,NA,NA,NA,NA,NA,NA,NA,NA,NA,NA,NA,NA,NA,NA,NA,NA
2022-07-23 00:00:00,NA,59.19,12.30,24.41,37.65,NA,16.97,1.98,NA,NA,NA,NA,NA,NA,NA,NA,NA,NA,NA,NA,NA,NA,NA,NA
2022-07-24 00:00:00,NA,59.11,12.10,24.32,37.39,NA,17.00,1.92,NA,NA,NA,NA,NA,NA,NA,NA,NA,NA,NA,NA,NA,NA,NA,NA
2022-07-25 00:00:00,NA,71.25,10.42,23.40,34.79,NA,16.94,2.21,NA,NA,NA,NA,NA,NA,NA,NA,NA,NA,NA,NA,NA,NA,NA,NA
2022-07-26 00:00:00,NA,53.61,8.16,22.51,31.67,NA,16.96,1.82,NA,NA,NA,NA,NA,NA,NA,NA,NA,NA,NA,NA,NA,NA,NA,NA
2022-07-27 00:00:00,NA,52.46,12.46,26.07,39.48,NA,16.95,2.04,NA,NA,NA,NA,NA,NA,NA,NA,NA,NA,NA,NA,NA,NA,NA,NA
2022-07-28 00:00:00,NA,58.05,12.78,27.67,41.45,NA,16.95,1.82,NA,NA,NA,NA,NA,NA,NA,NA,NA,NA,NA,NA,NA,NA,NA,NA
2022-07-29 00:00:00,NA,70.94,15.21,32.42,48.63,NA,17.45,2.29,NA,NA,NA,NA,NA,NA,NA,NA,NA,NA,NA,NA,NA,NA,NA,NA
2022-07-30 00:00:00,NA,56.17,12.87,25.60,39.47,NA,17.71,1.64,NA,NA,NA,NA,NA,NA,NA,NA,NA,NA,NA,NA,NA,NA,NA,NA
2022-07-31 00:00:00,NA,41.21,9.99,23.00,3.37,NA,17.67,0.12,NA,NA,NA,NA,NA,NA,NA,NA,NA,NA,NA,NA,NA,NA,NA,NA
2022-08-01 00:00:00,NA,38.96,18.58,31.31,13.86,NA,17.73,0.25,NA,NA,NA,NA,NA,NA,NA,NA,NA,NA,NA,NA,NA,NA,NA,NA
2022-08-02 00:00:00,NA,38.96,11.23,25.08,37.32,NA,17.73,1.99,NA,NA,NA,NA,NA,NA,NA,NA,NA,NA,NA,NA,NA,NA,NA,NA
2022-08-03 00:00:00,NA,39.25,12.19,26.19,39.37,NA,17.79,2.11,NA,NA,NA,NA,NA,NA,NA,NA,NA,NA,NA,NA,NA,NA,NA,NA
2022-08-04 00:00:00,NA,40.76,13.41,25.76,40.22,NA,17.74,2.46,NA,NA,NA,NA,NA,NA,NA,NA,NA,NA,NA,NA,NA,NA,NA,NA
2022-08-05 00:00:00,NA,41.89,15.28,27.16,43.44,NA,17.72,2.53,NA,NA,NA,NA,NA,NA,NA,NA,NA,NA,NA,NA,NA,NA,NA,NA
2022-08-06 00:00:00,NA,41.89,13.40,26.60,41.07,NA,17.70,2.90,NA,NA,NA,NA,NA,NA,NA,NA,NA,NA,NA,NA,NA,NA,NA,NA
2022-08-07 00:00:00,NA,41.89,13.96,26.44,41.40,NA,17.74,1.82,NA,NA,NA,NA,NA,NA,NA,NA,NA,NA,NA,NA,NA,NA,NA,NA
2022-08-08 00:00:00,NA,41.89,15.34,27.64,43.97,NA,17.79,1.84,NA,NA,NA,NA,NA,NA,NA,NA,NA,NA,NA,NA,NA,NA,NA,NA
2022-08-09 00:00:00,NA,41.89,14.28,27.16,42.44,NA,17.80,2.82,NA,NA,NA,NA,NA,NA,NA,NA,NA,NA,NA,NA,NA,NA,NA,NA
2022-08-10 00:00:00,NA,41.89,13.14,27.00,41.14,NA,17.75,2.47,NA,NA,NA,NA,NA,NA,NA,NA,NA,NA,NA,NA,NA,NA,NA,NA
2022-08-11 00:00:00,NA,41.19,11.44,25.66,38.05,NA,17.35,2.17,NA,NA,NA,NA,NA,NA,NA,NA,NA,NA,NA,NA,NA,NA,NA,NA
2022-08-12 00:00:00,NA,35.93,9.57,23.65,34.22,NA,16.40,2.48,NA,NA,NA,NA,NA,NA,NA,NA,NA,NA,NA,NA,NA,NA,NA,NA
2022-08-13 00:00:00,NA,33.92,11.04,24.82,36.86,NA,16.43,2.27,NA,NA,NA,NA,NA,NA,NA,NA,NA,NA,NA,NA,NA,NA,NA,NA
2022-08-14 00:00:00,NA,41.04,11.35,25.11,37.46,NA,16.47,2.57,NA,NA,NA,NA,NA,NA,NA,NA,NA,NA,NA,NA,NA,NA,NA,NA
2022-08-15 00:00:00,NA,40.45,10.58,23.97,35.56,NA,16.40,2.63,NA,NA,NA,NA,NA,NA,NA,NA,NA,NA,NA,NA,NA,NA,NA,NA
2022-08-16 00:00:00,NA,48.96,9.34,24.49,34.84,NA,16.42,2.80,NA,NA,NA,NA,NA,NA,NA,NA,NA,NA,NA,NA,NA,NA,NA,NA
2022-08-17 00:00:00,NA,53.84,9.21,22.75,32.89,NA,16.46,2.83,NA,NA,NA,NA,NA,NA,NA,NA,NA,NA,NA,NA,NA,NA,NA,NA
2022-08-18 00:00:00,NA,57.52,6.22,21.48,29.14,NA,16.48,2.04,NA,NA,NA,NA,NA,NA,NA,NA,NA,NA,NA,NA,NA,NA,NA,NA
2022-08-19 00:00:00,NA,66.12,6.58,20.01,26.36,NA,16.42,8.33,NA,NA,NA,NA,NA,NA,NA,NA,NA,NA,NA,NA,NA,NA,NA,NA
2022-08-20 00:00:00,NA,74.84,10.86,25.23,36.79,NA,16.41,3.98,NA,NA,NA,NA,NA,NA,NA,NA,NA,NA,NA,NA,NA,NA,NA,NA
2022-08-21 00:00:00,NA,59.07,10.37,23.16,34.40,NA,16.44,1.62,NA,NA,NA,NA,NA,NA,NA,NA,NA,NA,NA,NA,NA,NA,NA,NA
2022-08-22 00:00:00,NA,62.53,11.94,25.19,38.06,NA,16.42,2.36,NA,NA,NA,NA,NA,NA,NA,NA,NA,NA,NA,NA,NA,NA,NA,NA
2022-08-23 00:00:00,NA,60.54,9.30,22.03,32.32,NA,16.44,2.04,NA,NA,NA,NA,NA,NA,NA,NA,NA,NA,NA,NA,NA,NA,NA,NA
2022-08-24 00:00:00,NA,58.70,9.16,23.01,33.16,NA,14.12,2.01,NA,NA,NA,NA,NA,NA,NA,NA,NA,NA,NA,NA,NA,NA,NA,NA
2022-08-25 00:00:00,NA,50.52,9.09,22.33,32.42,NA,10.49,2.55,NA,NA,NA,NA,NA,NA,NA,NA,NA,NA,NA,NA,NA,NA,NA,NA
2022-08-26 00:00:00,NA,NA,NA,NA,NA,NA,NA,NA,NA,NA,NA,NA,NA,NA,NA,NA,NA,NA,NA,NA,NA,NA,NA,NA
2022-08-27 00:00:00,NA,NA,NA,NA,NA,NA,NA,NA,NA,NA,NA,NA,NA,NA,NA,NA,NA,NA,NA,NA,NA,NA,NA,NA
2022-08-28 00:00:00,NA,NA,NA,NA,NA,NA,NA,NA,NA,NA,NA,NA,NA,NA,NA,NA,NA,NA,NA,NA,NA,NA,NA,NA
2022-08-29 00:00:00,NA,56.34,11.88,25.93,38.81,NA,10.41,2.01,NA,NA,NA,NA,NA,NA,NA,NA,NA,NA,NA,NA,NA,NA,NA,NA
2022-08-30 00:00:00,NA,56.56,16.73,33.65,50.68,NA,10.35,1.99,NA,NA,NA,NA,NA,NA,NA,NA,NA,NA,NA,NA,NA,NA,NA,NA
2022-08-31 00:00:00,NA,NA,NA,NA,NA,NA,NA,NA,NA,NA,NA,NA,NA,NA,NA,NA,NA,NA,NA,NA,NA,NA,NA,NA
2022-09-01 00:00:00,NA,NA,NA,NA,NA,NA,NA,NA,NA,NA,NA,NA,NA,NA,NA,NA,NA,NA,NA,NA,NA,NA,NA,NA
2022-09-02 00:00:00,NA,74.75,23.18,37.70,61.72,NA,9.86,3.76,NA,NA,NA,NA,NA,NA,NA,NA,NA,NA,NA,NA,NA,NA,NA,NA
2022-09-03 00:00:00,NA,70.87,10.06,27.15,38.12,NA,9.82,2.52,NA,NA,NA,NA,NA,NA,NA,NA,NA,NA,NA,NA,NA,NA,NA,NA
2022-09-04 00:00:00,NA,55.47,10.64,25.59,37.20,NA,9.78,2.26,NA,NA,NA,NA,NA,NA,NA,NA,NA,NA,NA,NA,NA,NA,NA,NA
2022-09-05 00:00:00,NA,54.91,12.78,32.57,42.48,NA,9.84,1.67,NA,NA,NA,NA,NA,NA,NA,NA,NA,NA,NA,NA,NA,NA,NA,NA
2022-09-06 00:00:00,NA,53.93,12.89,27.97,41.86,NA,9.78,1.93,NA,NA,NA,NA,NA,NA,NA,NA,NA,NA,NA,NA,NA,NA,NA,NA
2022-09-07 00:00:00,NA,54.35,14.82,27.20,43.09,NA,9.79,2.12,NA,NA,NA,NA,NA,NA,NA,NA,NA,NA,NA,NA,NA,NA,NA,NA
2022-09-08 00:00:00,NA,55.47,15.73,26.93,43.66,NA,9.83,2.15,NA,NA,NA,NA,NA,NA,NA,NA,NA,NA,NA,NA,NA,NA,NA,NA
2022-09-09 00:00:00,NA,70.30,15.41,26.78,43.19,NA,9.86,1.92,NA,NA,NA,NA,NA,NA,NA,NA,NA,NA,NA,NA,NA,NA,NA,NA
2022-09-10 00:00:00,NA,74.06,13.97,25.40,40.33,NA,9.78,1.76,NA,NA,NA,NA,NA,NA,NA,NA,NA,NA,NA,NA,NA,NA,NA,NA
2022-09-11 00:00:00,NA,NA,NA,NA,NA,NA,NA,NA,NA,NA,NA,NA,NA,NA,NA,NA,NA,NA,NA,NA,NA,NA,NA,NA
2022-09-12 00:00:00,NA,114.68,16.00,30.04,47.71,NA,9.83,1.99,NA,NA,NA,NA,NA,NA,NA,NA,NA,NA,NA,NA,NA,NA,NA,NA
2022-09-13 00:00:00,NA,82.62,14.87,26.96,42.82,NA,9.78,1.36,NA,NA,NA,NA,NA,NA,NA,NA,NA,NA,NA,NA,NA,NA,NA,NA
2022-09-14 00:00:00,NA,65.96,15.14,25.79,41.96,NA,9.81,1.40,NA,NA,NA,NA,NA,NA,NA,NA,NA,NA,NA,NA,NA,NA,NA,NA
2022-09-15 00:00:00,NA,76.43,14.40,25.29,40.62,NA,9.80,1.38,NA,NA,NA,NA,NA,NA,NA,NA,NA,NA,NA,NA,NA,NA,NA,NA
2022-09-16 00:00:00,NA,NA,NA,NA,NA,NA,NA,NA,NA,NA,NA,NA,NA,NA,NA,NA,NA,NA,NA,NA,NA,NA,NA,NA
2022-09-17 00:00:00,NA,NA,NA,NA,NA,NA,NA,NA,NA,NA,NA,NA,NA,NA,NA,NA,NA,NA,NA,NA,NA,NA,NA,NA
2022-09-18 00:00:00,NA,NA,NA,NA,NA,NA,NA,NA,NA,NA,NA,NA,NA,NA,NA,NA,NA,NA,NA,NA,NA,NA,NA,NA
2022-09-19 00:00:00,NA,68.62,12.02,25.43,38.45,NA,9.81,1.27,NA,NA,NA,NA,NA,NA,NA,NA,NA,NA,NA,NA,NA,NA,NA,NA
2022-09-20 00:00:00,NA,60.95,10.52,24.08,35.60,NA,9.84,1.15,NA,NA,NA,NA,NA,NA,NA,NA,NA,NA,NA,NA,NA,NA,NA,NA
2022-09-21 00:00:00,NA,239.83,11.80,21.73,31.02,NA,12.23,1.28,NA,NA,NA,NA,NA,NA,NA,NA,NA,NA,NA,NA,NA,NA,NA,NA
2022-09-22 00:00:00,NA,77.74,13.46,22.61,37.51,NA,18.64,1.40,NA,NA,NA,NA,NA,NA,NA,NA,NA,NA,NA,NA,NA,NA,NA,NA
2022-09-23 00:00:00,NA,96.76,13.51,22.49,37.45,NA,18.63,1.35,NA,NA,NA,NA,NA,NA,NA,NA,NA,NA,NA,NA,NA,NA,NA,NA
2022-09-24 00:00:00,NA,62.82,13.54,22.49,37.54,NA,18.64,1.37,NA,NA,NA,NA,NA,NA,NA,NA,NA,NA,NA,NA,NA,NA,NA,NA
2022-09-25 00:00:00,NA,NA,NA,NA,NA,NA,NA,NA,NA,NA,NA,NA,NA,NA,NA,NA,NA,NA,NA,NA,NA,NA,NA,NA
2022-09-26 00:00:00,NA,NA,NA,NA,NA,NA,NA,NA,NA,NA,NA,NA,NA,NA,NA,NA,NA,NA,NA,NA,NA,NA,NA,NA
2022-09-27 00:00:00,NA,50.38,13.54,22.41,37.48,NA,18.63,0.93,NA,NA,NA,NA,NA,NA,NA,NA,NA,NA,NA,NA,NA,NA,NA,NA
2022-09-28 00:00:00,NA,63.17,13.54,22.53,37.52,NA,18.67,1.38,NA,NA,NA,NA,NA,NA,NA,NA,NA,NA,NA,NA,NA,NA,NA,NA
2022-09-29 00:00:00,NA,60.64,13.46,22.53,37.78,NA,18.63,1.57,NA,NA,NA,NA,NA,NA,NA,NA,NA,NA,NA,NA,NA,NA,NA,NA
2022-09-30 00:00:00,NA,140.08,13.49,22.50,37.54,NA,18.61,1.46,NA,NA,NA,NA,NA,NA,NA,NA,NA,NA,NA,NA,NA,NA,NA,NA
2022-10-01 00:00:00,NA,128.86,13.49,22.52,37.62,NA,18.65,0.97,NA,NA,NA,NA,NA,NA,NA,NA,NA,NA,NA,NA,NA,NA,NA,NA
2022-10-02 00:00:00,NA,57.14,13.51,22.51,37.53,NA,18.63,1.49,NA,NA,NA,NA,NA,NA,NA,NA,NA,NA,NA,NA,NA,NA,NA,NA
2022-10-03 00:00:00,NA,204.02,13.49,22.54,37.34,NA,18.64,1.46,NA,NA,NA,NA,NA,NA,NA,NA,NA,NA,NA,NA,NA,NA,NA,NA
2022-10-04 00:00:00,NA,123.02,13.51,22.42,37.47,NA,18.64,1.50,NA,NA,NA,NA,NA,NA,NA,NA,NA,NA,NA,NA,NA,NA,NA,NA
2022-10-05 00:00:00,NA,137.87,13.50,22.46,37.53,NA,18.63,1.24,NA,NA,NA,NA,NA,NA,NA,NA,NA,NA,NA,NA,NA,NA,NA,NA
2022-10-06 00:00:00,NA,97.07,13.51,22.57,37.61,NA,18.63,1.67,NA,NA,NA,NA,NA,NA,NA,NA,NA,NA,NA,NA,NA,NA,NA,NA
2022-10-07 00:00:00,NA,74.07,13.50,22.51,37.34,NA,18.66,1.39,NA,NA,NA,NA,NA,NA,NA,NA,NA,NA,NA,NA,NA,NA,NA,NA
2022-10-08 00:00:00,NA,155.08,13.49,22.39,37.70,NA,18.63,1.39,NA,NA,NA,NA,NA,NA,NA,NA,NA,NA,NA,NA,NA,NA,NA,NA
2022-10-09 00:00:00,NA,NA,NA,NA,NA,NA,NA,NA,NA,NA,NA,NA,NA,NA,NA,NA,NA,NA,NA,NA,NA,NA,NA,NA
2022-10-10 00:00:00,NA,55.89,13.56,22.51,37.64,NA,18.68,2.33,NA,NA,NA,NA,NA,NA,NA,NA,NA,NA,NA,NA,NA,NA,NA,NA
2022-10-11 00:00:00,NA,51.53,13.54,22.56,37.54,NA,18.63,1.41,NA,NA,NA,NA,NA,NA,NA,NA,NA,NA,NA,NA,NA,NA,NA,NA
2022-10-12 00:00:00,NA,98.99,13.49,22.51,37.52,NA,18.65,1.50,NA,NA,NA,NA,NA,NA,NA,NA,NA,NA,NA,NA,NA,NA,NA,NA
2022-10-13 00:00:00,NA,30.67,13.51,22.45,37.58,NA,18.61,1.51,NA,NA,NA,NA,NA,NA,NA,NA,NA,NA,NA,NA,NA,NA,NA,NA
2022-10-14 00:00:00,NA,44.22,13.53,22.50,37.08,NA,18.65,1.51,NA,NA,NA,NA,NA,NA,NA,NA,NA,NA,NA,NA,NA,NA,NA,NA
2022-10-15 00:00:00,NA,38.43,13.53,22.53,31.19,NA,18.62,0.63,NA,NA,NA,NA,NA,NA,NA,NA,NA,NA,NA,NA,NA,NA,NA,NA
2022-10-16 00:00:00,NA,NA,13.59,22.35,37.56,NA,18.64,1.17,NA,NA,NA,NA,NA,NA,NA,NA,NA,NA,NA,NA,NA,NA,NA,NA
2022-10-17 00:00:00,NA,58.22,12.99,21.41,34.73,NA,19.09,2.17,NA,NA,NA,NA,NA,NA,NA,NA,NA,NA,NA,NA,NA,NA,NA,NA
2022-10-18 00:00:00,NA,28.32,12.48,20.43,19.53,NA,19.60,0.70,NA,NA,NA,NA,NA,NA,NA,NA,NA,NA,NA,NA,NA,NA,NA,NA
2022-10-19 00:00:00,NA,53.13,11.70,21.16,31.88,NA,19.62,2.16,NA,NA,NA,NA,NA,NA,NA,NA,NA,NA,NA,NA,NA,NA,NA,NA
2022-10-20 00:00:00,NA,37.73,10.55,21.35,31.82,NA,20.12,2.41,NA,NA,NA,NA,NA,NA,NA,NA,NA,NA,NA,NA,NA,NA,NA,NA
2022-10-21 00:00:00,NA,128.41,10.59,21.32,31.87,NA,21.61,1.92,NA,NA,NA,NA,NA,NA,NA,NA,NA,NA,NA,NA,NA,NA,NA,NA
2022-10-22 00:00:00,NA,114.70,10.56,21.30,31.72,NA,21.21,1.67,NA,NA,NA,NA,NA,NA,NA,NA,NA,NA,NA,NA,NA,NA,NA,NA
2022-10-23 00:00:00,NA,96.07,10.57,21.29,31.78,NA,20.64,2.33,NA,NA,NA,NA,NA,NA,NA,NA,NA,NA,NA,NA,NA,NA,NA,NA
2022-10-24 00:00:00,NA,95.21,11.83,22.49,34.09,NA,22.70,1.36,NA,NA,NA,NA,NA,NA,NA,NA,NA,NA,NA,NA,NA,NA,NA,NA
2022-10-25 00:00:00,NA,96.62,10.05,21.91,32.02,NA,22.58,1.79,NA,NA,NA,NA,NA,NA,NA,NA,NA,NA,NA,NA,NA,NA,NA,NA
2022-10-26 00:00:00,NA,125.06,11.11,26.20,36.38,NA,29.25,2.03,NA,NA,NA,NA,NA,NA,NA,NA,NA,NA,NA,NA,NA,NA,NA,NA
2022-10-27 00:00:00,NA,94.54,12.50,27.25,38.75,NA,19.93,2.42,NA,NA,NA,NA,NA,NA,NA,NA,NA,NA,NA,NA,NA,NA,NA,NA
2022-10-28 00:00:00,NA,54.23,9.81,23.53,30.00,NA,15.10,1.25,NA,NA,NA,NA,NA,NA,NA,NA,NA,NA,NA,NA,NA,NA,NA,NA
2022-10-29 00:00:00,NA,59.52,9.58,22.14,31.25,NA,15.39,1.34,NA,NA,NA,NA,NA,NA,NA,NA,NA,NA,NA,NA,NA,NA,NA,NA
2022-10-30 00:00:00,NA,73.92,10.57,23.64,33.58,NA,17.36,1.46,NA,NA,NA,NA,NA,NA,NA,NA,NA,NA,NA,NA,NA,NA,NA,NA
2022-10-31 00:00:00,NA,87.62,10.58,23.57,33.59,NA,17.32,1.46,NA,NA,NA,NA,NA,NA,NA,NA,NA,NA,NA,NA,NA,NA,NA,NA
2022-11-01 00:00:00,NA,72.00,10.58,23.58,33.50,NA,17.33,1.47,NA,NA,NA,NA,NA,NA,NA,NA,NA,NA,NA,NA,NA,NA,NA,NA
2022-11-02 00:00:00,NA,52.32,10.57,23.59,33.55,NA,17.36,1.46,NA,NA,NA,NA,NA,NA,NA,NA,NA,NA,NA,NA,NA,NA,NA,NA
2022-11-03 00:00:00,NA,62.86,10.48,23.64,33.59,NA,17.37,1.40,NA,NA,NA,NA,NA,NA,NA,NA,NA,NA,NA,NA,NA,NA,NA,NA
2022-11-04 00:00:00,NA,63.59,10.58,23.65,33.47,NA,17.37,1.58,NA,NA,NA,NA,NA,NA,NA,NA,NA,NA,NA,NA,NA,NA,NA,NA
2022-11-05 00:00:00,NA,58.00,10.73,23.66,33.88,NA,17.32,1.47,NA,NA,NA,NA,NA,NA,NA,NA,NA,NA,NA,NA,NA,NA,NA,NA
2022-11-06 00:00:00,NA,55.77,10.60,23.67,31.37,NA,17.42,1.43,NA,NA,NA,NA,NA,NA,NA,NA,NA,NA,NA,NA,NA,NA,NA,NA
2022-11-07 00:00:00,NA,NA,NA,NA,NA,NA,NA,NA,NA,NA,NA,NA,NA,NA,NA,NA,NA,NA,NA,NA,NA,NA,NA,NA
2022-11-08 00:00:00,NA,91.78,10.55,23.64,33.54,NA,17.36,2.92,NA,NA,NA,NA,NA,NA,NA,NA,NA,NA,NA,NA,NA,NA,NA,NA
2022-11-09 00:00:00,NA,107.20,10.51,23.62,33.58,NA,17.37,1.80,NA,NA,NA,NA,NA,NA,NA,NA,NA,NA,NA,NA,NA,NA,NA,NA
2022-11-10 00:00:00,NA,96.36,10.55,23.28,33.59,NA,17.33,1.93,NA,NA,NA,NA,NA,NA,NA,NA,NA,NA,NA,NA,NA,NA,NA,NA
2022-11-11 00:00:00,NA,97.16,10.53,23.50,33.56,NA,17.38,0.64,NA,NA,NA,NA,NA,NA,NA,NA,NA,NA,NA,NA,NA,NA,NA,NA
2022-11-12 00:00:00,NA,NA,NA,NA,NA,NA,NA,NA,NA,NA,NA,NA,NA,NA,NA,NA,NA,NA,NA,NA,NA,NA,NA,NA
2022-11-13 00:00:00,NA,NA,NA,NA,NA,NA,NA,NA,NA,NA,NA,NA,NA,NA,NA,NA,NA,NA,NA,NA,NA,NA,NA,NA
2022-11-14 00:00:00,NA,128.20,10.58,23.53,33.58,NA,17.36,2.03,NA,NA,NA,NA,NA,NA,NA,NA,NA,NA,NA,NA,NA,NA,NA,NA
2022-11-15 00:00:00,NA,139.79,10.63,23.58,33.51,NA,17.35,0.64,NA,NA,NA,NA,NA,NA,NA,NA,NA,NA,NA,NA,NA,NA,NA,NA
2022-11-16 00:00:00,NA,128.11,10.54,23.54,33.50,NA,18.97,0.33,NA,NA,NA,NA,NA,NA,NA,NA,NA,NA,NA,NA,NA,NA,NA,NA
2022-11-17 00:00:00,NA,117.08,10.61,23.59,33.60,NA,23.35,1.35,NA,NA,NA,NA,NA,NA,NA,NA,NA,NA,NA,NA,NA,NA,NA,NA
2022-11-18 00:00:00,NA,104.63,10.55,23.53,33.65,NA,23.31,0.53,NA,NA,NA,NA,NA,NA,NA,NA,NA,NA,NA,NA,NA,NA,NA,NA
2022-11-19 00:00:00,NA,87.96,10.67,23.54,33.56,NA,23.36,0.53,NA,NA,NA,NA,NA,NA,NA,NA,NA,NA,NA,NA,NA,NA,NA,NA
2022-11-20 00:00:00,NA,86.08,10.60,23.38,33.55,NA,23.36,0.92,NA,NA,NA,NA,NA,NA,NA,NA,NA,NA,NA,NA,NA,NA,NA,NA
2022-11-21 00:00:00,NA,85.73,10.59,23.55,33.62,NA,23.35,0.50,NA,NA,NA,NA,NA,NA,NA,NA,NA,NA,NA,NA,NA,NA,NA,NA
2022-11-22 00:00:00,NA,68.60,10.57,23.60,33.47,NA,23.36,0.50,NA,NA,NA,NA,NA,NA,NA,NA,NA,NA,NA,NA,NA,NA,NA,NA
2022-11-23 00:00:00,NA,53.69,10.56,23.55,33.59,NA,23.38,0.56,NA,NA,NA,NA,NA,NA,NA,NA,NA,NA,NA,NA,NA,NA,NA,NA
2022-11-24 00:00:00,NA,55.17,10.57,23.56,33.67,NA,23.34,0.64,NA,NA,NA,NA,NA,NA,NA,NA,NA,NA,NA,NA,NA,NA,NA,NA
2022-11-25 00:00:00,NA,68.89,10.56,23.71,33.60,NA,23.39,0.47,NA,NA,NA,NA,NA,NA,NA,NA,NA,NA,NA,NA,NA,NA,NA,NA
2022-11-26 00:00:00,NA,NA,NA,NA,NA,NA,NA,NA,NA,NA,NA,NA,NA,NA,NA,NA,NA,NA,NA,NA,NA,NA,NA,NA
2022-11-27 00:00:00,NA,NA,NA,NA,NA,NA,NA,NA,NA,NA,NA,NA,NA,NA,NA,NA,NA,NA,NA,NA,NA,NA,NA,NA
2022-11-28 00:00:00,NA,NA,NA,NA,NA,NA,NA,NA,NA,NA,NA,NA,NA,NA,NA,NA,NA,NA,NA,NA,NA,NA,NA,NA
2022-11-29 00:00:00,NA,NA,NA,NA,NA,NA,NA,NA,NA,NA,NA,NA,NA,NA,NA,NA,NA,NA,NA,NA,NA,NA,NA,NA
2022-11-30 00:00:00,NA,94.45,10.53,23.73,33.38,NA,23.32,1.01,NA,NA,NA,NA,NA,NA,NA,NA,NA,NA,NA,NA,NA,NA,NA,NA
2022-12-01 00:00:00,NA,76.64,10.62,23.55,33.48,NA,23.38,0.45,NA,NA,NA,NA,NA,NA,NA,NA,NA,NA,NA,NA,NA,NA,NA,NA
2022-12-02 00:00:00,NA,70.71,10.54,23.54,33.69,NA,23.37,0.80,NA,NA,NA,NA,NA,NA,NA,NA,NA,NA,NA,NA,NA,NA,NA,NA
2022-12-03 00:00:00,NA,61.30,12.67,26.05,38.79,NA,21.33,0.95,NA,NA,NA,NA,NA,NA,NA,NA,NA,NA,NA,NA,NA,NA,NA,NA
2022-12-04 00:00:00,NA,45.56,14.45,28.53,43.84,NA,19.37,1.12,NA,NA,NA,NA,NA,NA,NA,NA,NA,NA,NA,NA,NA,NA,NA,NA
2022-12-05 00:00:00,NA,83.15,14.46,28.67,43.55,NA,19.37,1.28,NA,NA,NA,NA,NA,NA,NA,NA,NA,NA,NA,NA,NA,NA,NA,NA
2022-12-06 00:00:00,NA,88.87,14.56,28.58,43.25,NA,19.31,1.65,NA,NA,NA,NA,NA,NA,NA,NA,NA,NA,NA,NA,NA,NA,NA,NA
2022-12-07 00:00:00,NA,95.05,14.55,28.64,42.63,NA,19.32,1.24,NA,NA,NA,NA,NA,NA,NA,NA,NA,NA,NA,NA,NA,NA,NA,NA
2022-12-08 00:00:00,NA,77.89,14.56,28.61,43.59,NA,19.34,1.23,NA,NA,NA,NA,NA,NA,NA,NA,NA,NA,NA,NA,NA,NA,NA,NA
2022-12-09 00:00:00,NA,82.84,14.50,28.61,43.51,NA,19.33,1.45,NA,NA,NA,NA,NA,NA,NA,NA,NA,NA,NA,NA,NA,NA,NA,NA
2022-12-10 00:00:00,NA,70.14,14.54,28.52,43.46,NA,19.36,1.54,NA,NA,NA,NA,NA,NA,NA,NA,NA,NA,NA,NA,NA,NA,NA,NA
2022-12-11 00:00:00,NA,NA,NA,NA,NA,NA,NA,NA,NA,NA,NA,NA,NA,NA,NA,NA,NA,NA,NA,NA,NA,NA,NA,NA
2022-12-12 00:00:00,NA,77.28,16.24,31.95,48.66,NA,23.60,1.57,NA,NA,NA,NA,NA,NA,NA,NA,NA,NA,NA,NA,NA,NA,NA,NA
2022-12-13 00:00:00,NA,79.07,16.57,32.52,49.58,NA,24.24,2.14,NA,NA,NA,NA,NA,NA,NA,NA,NA,NA,NA,NA,NA,NA,NA,NA
2022-12-14 00:00:00,NA,80.75,13.40,29.34,42.72,NA,19.50,1.64,NA,NA,NA,NA,NA,NA,NA,NA,NA,NA,NA,NA,NA,NA,NA,NA
2022-12-15 00:00:00,NA,92.58,10.56,26.48,36.49,NA,15.25,2.28,NA,NA,NA,NA,NA,NA,NA,NA,NA,NA,NA,NA,NA,NA,NA,NA
2022-12-16 00:00:00,NA,106.50,10.51,26.62,36.51,NA,15.23,1.75,NA,NA,NA,NA,NA,NA,NA,NA,NA,NA,NA,NA,NA,NA,NA,NA
2022-12-17 00:00:00,NA,110.34,10.53,26.54,36.40,NA,15.24,1.74,NA,NA,NA,NA,NA,NA,NA,NA,NA,NA,NA,NA,NA,NA,NA,NA
2022-12-18 00:00:00,NA,114.93,10.60,26.50,36.54,NA,15.26,1.75,NA,NA,NA,NA,NA,NA,NA,NA,NA,NA,NA,NA,NA,NA,NA,NA
2022-12-19 00:00:00,NA,118.04,10.55,26.58,36.54,NA,15.17,1.92,NA,NA,NA,NA,NA,NA,NA,NA,NA,NA,NA,NA,NA,NA,NA,NA
2022-12-20 00:00:00,NA,107.23,10.55,26.58,36.58,NA,15.23,2.19,NA,NA,NA,NA,NA,NA,NA,NA,NA,NA,NA,NA,NA,NA,NA,NA
2022-12-21 00:00:00,NA,122.13,10.54,26.64,36.46,NA,15.24,2.19,NA,NA,NA,NA,NA,NA,NA,NA,NA,NA,NA,NA,NA,NA,NA,NA
2022-12-22 00:00:00,NA,127.59,10.55,26.66,36.46,NA,15.24,2.18,NA,NA,NA,NA,NA,NA,NA,NA,NA,NA,NA,NA,NA,NA,NA,NA
2022-12-23 00:00:00,NA,104.53,10.55,26.68,36.12,NA,15.23,2.17,NA,NA,NA,NA,NA,NA,NA,NA,NA,NA,NA,NA,NA,NA,NA,NA
2022-12-24 00:00:00,NA,79.32,10.58,26.49,30.84,NA,15.27,1.85,NA,NA,NA,NA,NA,NA,NA,NA,NA,NA,NA,NA,NA,NA,NA,NA
2022-12-25 00:00:00,NA,NA,NA,NA,NA,NA,NA,NA,NA,NA,NA,NA,NA,NA,NA,NA,NA,NA,NA,NA,NA,NA,NA,NA
2022-12-26 00:00:00,NA,NA,NA,NA,NA,NA,NA,NA,NA,NA,NA,NA,NA,NA,NA,NA,NA,NA,NA,NA,NA,NA,NA,NA
2022-12-27 00:00:00,NA,43.54,10.49,26.47,36.42,NA,15.22,2.20,NA,NA,NA,NA,NA,NA,NA,NA,NA,NA,NA,NA,NA,NA,NA,NA
2022-12-28 00:00:00,NA,38.43,10.52,26.62,36.10,NA,15.39,2.18,NA,NA,NA,NA,NA,NA,NA,NA,NA,NA,NA,NA,NA,NA,NA,NA
2022-12-29 00:00:00,NA,59.72,10.64,26.53,36.54,NA,17.25,2.54,NA,NA,NA,NA,NA,NA,NA,NA,NA,NA,NA,NA,NA,NA,NA,NA
2022-12-30 00:00:00,NA,61.27,10.58,26.53,36.54,NA,17.20,2.54,NA,NA,NA,NA,NA,NA,NA,NA,NA,NA,NA,NA,NA,NA,NA,NA
2022-12-31 00:00:00,NA,42.38,10.57,26.51,29.66,NA,13.85,2.07,NA,NA,NA,NA,NA,NA,NA,NA,NA,NA,NA,NA,NA,NA,NA,NA
