Timestamp,PM2.5 (µg/m³),PM10 (µg/m³),NO (µg/m³),NO2 (µg/m³),NOx (ppb),NH3 (µg/m³),SO2 (µg/m³),CO (mg/m³),Ozone (µg/m³),Benzene (µg/m³),Toluene (µg/m³),Xylene (µg/m³),O Xylene (µg/m³),Eth-Benzene (µg/m³),MP-Xylene (µg/m³),AT (°C),RH (%),WS (m/s),WD (deg),RF (mm),TOT-RF (mm),SR (W/mt2),BP (mmHg),VWS (m/s)
2020-01-01 00:00:00,NA,89.13,12.16,43.15,52.34,NA,9.96,1.64,NA,NA,NA,NA,NA,NA,NA,NA,NA,NA,NA,NA,NA,NA,NA,NA
2020-01-02 00:00:00,NA,97.87,11.09,40.81,51.91,NA,10.09,2.04,NA,NA,NA,NA,NA,NA,NA,NA,NA,NA,NA,NA,NA,NA,NA,NA
2020-01-03 00:00:00,NA,94.60,10.86,44.31,55.17,NA,9.63,1.96,NA,NA,NA,NA,NA,NA,NA,NA,NA,NA,NA,NA,NA,NA,NA,NA
2020-01-04 00:00:00,NA,104.51,12.82,50.93,63.75,NA,10.23,2.01,NA,NA,NA,NA,NA,NA,NA,NA,NA,NA,NA,NA,NA,NA,NA,NA
2020-01-05 00:00:00,NA,105.76,11.33,48.86,60.19,NA,9.34,1.68,NA,NA,NA,NA,NA,NA,NA,NA,NA,NA,NA,NA,NA,NA,NA,NA
2020-01-06 00:00:00,NA,79.68,12.21,43.52,55.74,NA,10.09,1.78,NA,NA,NA,NA,NA,NA,NA,NA,NA,NA,NA,NA,NA,NA,NA,NA
2020-01-07 00:00:00,NA,78.19,12.22,45.41,57.63,NA,10.19,1.80,NA,NA,NA,NA,NA,NA,NA,NA,NA,NA,NA,NA,NA,NA,NA,NA
2020-01-08 00:00:00,NA,75.43,6.03,28.85,34.86,NA,9.62,1.51,NA,NA,NA,NA,NA,NA,NA,NA,NA,NA,NA,NA,NA,NA,NA,NA
2020-01-09 00:00:00,NA,114.98,6.13,44.33,50.39,NA,10.41,2.05,NA,NA,NA,NA,NA,NA,NA,NA,NA,NA,NA,NA,NA,NA,NA,NA
2020-01-10 00:00:00,NA,94.26,10.37,52.87,60.71,NA,9.71,1.68,NA,NA,NA,NA,NA,NA,NA,NA,NA,NA,NA,NA,NA,NA,NA,NA
2020-01-11 00:00:00,NA,67.06,NA,NA,NA,NA,9.79,1.24,NA,NA,NA,NA,NA,NA,NA,NA,NA,NA,NA,NA,NA,NA,NA,NA
2020-01-12 00:00:00,NA,NA,NA,NA,NA,NA,NA,NA,NA,NA,NA,NA,NA,NA,NA,NA,NA,NA,NA,NA,NA,NA,NA,NA
2020-01-13 00:00:00,NA,119.99,NA,NA,NA,NA,10.68,2.10,NA,NA,NA,NA,NA,NA,NA,NA,NA,NA,NA,NA,NA,NA,NA,NA
2020-01-14 00:00:00,NA,112.99,15.57,70.30,85.85,NA,9.65,2.00,NA,NA,NA,NA,NA,NA,NA,NA,NA,NA,NA,NA,NA,NA,NA,NA
2020-01-15 00:00:00,NA,91.11,8.78,44.82,53.60,NA,9.84,1.71,NA,NA,NA,NA,NA,NA,NA,NA,NA,NA,NA,NA,NA,NA,NA,NA
2020-01-16 00:00:00,NA,96.41,10.37,54.25,64.62,NA,10.10,1.87,NA,NA,NA,NA,NA,NA,NA,NA,NA,NA,NA,NA,NA,NA,NA,NA
2020-01-17 00:00:00,NA,95.85,16.03,63.68,79.71,NA,10.39,1.96,NA,NA,NA,NA,NA,NA,NA,NA,NA,NA,NA,NA,NA,NA,NA,NA
2020-01-18 00:00:00,NA,77.97,11.46,43.08,54.54,NA,9.39,1.69,NA,NA,NA,NA,NA,NA,NA,NA,NA,NA,NA,NA,NA,NA,NA,NA
2020-01-19 00:00:00,NA,74.20,12.60,48.63,61.23,NA,9.92,1.88,NA,NA,NA,NA,NA,NA,NA,NA,NA,NA,NA,NA,NA,NA,NA,NA
2020-01-20 00:00:00,NA,87.50,13.21,57.00,70.21,NA,10.04,1.86,NA,NA,NA,NA,NA,NA,NA,NA,NA,NA,NA,NA,NA,NA,NA,NA
2020-01-21 00:00:00,NA,83.86,10.16,49.08,59.24,NA,9.51,1.66,NA,NA,NA,NA,NA,NA,NA,NA,NA,NA,NA,NA,NA,NA,NA,NA
2020-01-22 00:00:00,NA,77.72,12.20,49.88,62.08,NA,9.76,1.77,NA,NA,NA,NA,NA,NA,NA,NA,NA,NA,NA,NA,NA,NA,NA,NA
2020-01-23 00:00:00,NA,74.01,10.09,38.99,48.74,NA,9.94,1.87,NA,NA,NA,NA,NA,NA,NA,NA,NA,NA,NA,NA,NA,NA,NA,NA
2020-01-24 00:00:00,NA,85.91,17.14,66.82,83.96,NA,10.15,1.89,NA,NA,NA,NA,NA,NA,NA,NA,NA,NA,NA,NA,NA,NA,NA,NA
2020-01-25 00:00:00,NA,92.41,19.92,78.27,98.19,NA,9.90,1.96,NA,NA,NA,NA,NA,NA,NA,NA,NA,NA,NA,NA,NA,NA,NA,NA
2020-01-26 00:00:00,NA,97.95,15.90,73.54,89.44,NA,9.83,1.88,NA,NA,NA,NA,NA,NA,NA,NA,NA,NA,NA,NA,NA,NA,NA,NA
2020-01-27 00:00:00,NA,108.57,14.95,70.53,85.48,NA,10.87,2.04,NA,NA,NA,NA,NA,NA,NA,NA,NA,NA,NA,NA,NA,NA,NA,NA
2020-01-28 00:00:00,NA,107.40,7.89,47.59,55.48,NA,9.68,1.84,NA,NA,NA,NA,NA,NA,NA,NA,NA,NA,NA,NA,NA,NA,NA,NA
2020-01-29 00:00:00,NA,115.29,10.29,53.35,63.64,NA,9.58,1.70,NA,NA,NA,NA,NA,NA,NA,NA,NA,NA,NA,NA,NA,NA,NA,NA
2020-01-30 00:00:00,NA,101.98,10.43,55.50,65.92,NA,10.04,1.93,NA,NA,NA,NA,NA,NA,NA,NA,NA,NA,NA,NA,NA,NA,NA,NA
2020-01-31 00:00:00,NA,105.48,9.15,53.66,62.82,NA,10.21,1.90,NA,NA,NA,NA,NA,NA,NA,NA,NA,NA,NA,NA,NA,NA,NA,NA
2020-02-01 00:00:00,NA,104.10,11.12,54.34,65.46,NA,10.10,1.84,NA,NA,NA,NA,NA,NA,NA,NA,NA,NA,NA,NA,NA,NA,NA,NA
2020-02-02 00:00:00,NA,76.16,7.57,34.60,42.18,NA,8.93,1.45,NA,NA,NA,NA,NA,NA,NA,NA,NA,NA,NA,NA,NA,NA,NA,NA
2020-02-03 00:00:00,NA,100.02,13.95,62.84,76.79,NA,10.03,2.00,NA,NA,NA,NA,NA,NA,NA,NA,NA,NA,NA,NA,NA,NA,NA,NA
2020-02-04 00:00:00,NA,85.89,11.95,51.60,63.55,NA,10.32,1.97,NA,NA,NA,NA,NA,NA,NA,NA,NA,NA,NA,NA,NA,NA,NA,NA
2020-02-05 00:00:00,NA,96.80,11.04,49.64,60.68,NA,9.85,1.88,NA,NA,NA,NA,NA,NA,NA,NA,NA,NA,NA,NA,NA,NA,NA,NA
2020-02-06 00:00:00,NA,103.98,9.88,51.49,61.37,NA,9.84,1.86,NA,NA,NA,NA,NA,NA,NA,NA,NA,NA,NA,NA,NA,NA,NA,NA
2020-02-07 00:00:00,NA,145.68,8.92,46.97,55.88,NA,9.67,1.94,NA,NA,NA,NA,NA,NA,NA,NA,NA,NA,NA,NA,NA,NA,NA,NA
2020-02-08 00:00:00,NA,168.06,9.29,48.87,58.16,NA,9.67,1.86,NA,NA,NA,NA,NA,NA,NA,NA,NA,NA,NA,NA,NA,NA,NA,NA
2020-02-09 00:00:00,NA,137.52,8.90,43.69,52.59,NA,9.46,1.75,NA,NA,NA,NA,NA,NA,NA,NA,NA,NA,NA,NA,NA,NA,NA,NA
2020-02-10 00:00:00,NA,120.67,8.43,41.91,50.35,NA,9.51,1.75,NA,NA,NA,NA,NA,NA,NA,NA,NA,NA,NA,NA,NA,NA,NA,NA
2020-02-11 00:00:00,NA,158.47,8.45,45.23,53.67,NA,9.36,1.89,NA,NA,NA,NA,NA,NA,NA,NA,NA,NA,NA,NA,NA,NA,NA,NA
2020-02-12 00:00:00,NA,87.78,10.04,46.66,56.70,NA,9.51,1.88,NA,NA,NA,NA,NA,NA,NA,NA,NA,NA,NA,NA,NA,NA,NA,NA
2020-02-13 00:00:00,NA,147.89,14.22,63.52,77.75,NA,10.27,2.03,NA,NA,NA,NA,NA,NA,NA,NA,NA,NA,NA,NA,NA,NA,NA,NA
2020-02-14 00:00:00,NA,143.21,6.37,42.64,49.00,NA,9.04,1.76,NA,NA,NA,NA,NA,NA,NA,NA,NA,NA,NA,NA,NA,NA,NA,NA
2020-02-15 00:00:00,NA,209.25,16.42,80.73,95.38,NA,10.45,2.36,NA,NA,NA,NA,NA,NA,NA,NA,NA,NA,NA,NA,NA,NA,NA,NA
2020-02-16 00:00:00,NA,129.16,2.84,26.04,28.88,NA,9.96,1.26,NA,NA,NA,NA,NA,NA,NA,NA,NA,NA,NA,NA,NA,NA,NA,NA
2020-02-17 00:00:00,NA,144.17,7.47,50.43,57.90,NA,9.86,1.44,NA,NA,NA,NA,NA,NA,NA,NA,NA,NA,NA,NA,NA,NA,NA,NA
2020-02-18 00:00:00,NA,252.14,14.78,69.53,84.20,NA,10.35,1.79,NA,NA,NA,NA,NA,NA,NA,NA,NA,NA,NA,NA,NA,NA,NA,NA
2020-02-19 00:00:00,NA,123.81,9.41,53.99,63.41,NA,10.10,1.67,NA,NA,NA,NA,NA,NA,NA,NA,NA,NA,NA,NA,NA,NA,NA,NA
2020-02-20 00:00:00,NA,NA,NA,NA,NA,NA,NA,NA,NA,NA,NA,NA,NA,NA,NA,NA,NA,NA,NA,NA,NA,NA,NA,NA
2020-02-21 00:00:00,NA,120.64,11.71,56.91,68.63,NA,10.16,1.77,NA,NA,NA,NA,NA,NA,NA,NA,NA,NA,NA,NA,NA,NA,NA,NA
2020-02-22 00:00:00,NA,118.27,9.19,44.98,54.17,NA,9.80,1.56,NA,NA,NA,NA,NA,NA,NA,NA,NA,NA,NA,NA,NA,NA,NA,NA
2020-02-23 00:00:00,NA,114.29,10.37,50.69,61.06,NA,9.61,1.63,NA,NA,NA,NA,NA,NA,NA,NA,NA,NA,NA,NA,NA,NA,NA,NA
2020-02-24 00:00:00,NA,123.84,12.44,59.05,71.50,NA,9.83,1.69,NA,NA,NA,NA,NA,NA,NA,NA,NA,NA,NA,NA,NA,NA,NA,NA
2020-02-25 00:00:00,NA,115.58,6.99,47.12,54.11,NA,9.20,1.69,NA,NA,NA,NA,NA,NA,NA,NA,NA,NA,NA,NA,NA,NA,NA,NA
2020-02-26 00:00:00,NA,122.71,12.71,63.23,75.93,NA,10.04,1.72,NA,NA,NA,NA,NA,NA,NA,NA,NA,NA,NA,NA,NA,NA,NA,NA
2020-02-27 00:00:00,NA,122.93,11.05,53.67,64.72,NA,10.07,1.69,NA,NA,NA,NA,NA,NA,NA,NA,NA,NA,NA,NA,NA,NA,NA,NA
2020-02-28 00:00:00,NA,118.66,9.52,48.71,58.23,NA,9.79,1.62,NA,NA,NA,NA,NA,NA,NA,NA,NA,NA,NA,NA,NA,NA,NA,NA
2020-02-29 00:00:00,NA,121.65,10.65,52.58,63.22,NA,9.34,1.64,NA,NA,NA,NA,NA,NA,NA,NA,NA,NA,NA,NA,NA,NA,NA,NA
2020-03-01 00:00:00,NA,98.80,7.28,33.36,40.64,NA,9.60,1.53,NA,NA,NA,NA,NA,NA,NA,NA,NA,NA,NA,NA,NA,NA,NA,NA
2020-03-02 00:00:00,NA,162.16,13.66,67.46,81.11,NA,10.26,2.17,NA,NA,NA,NA,NA,NA,NA,NA,NA,NA,NA,NA,NA,NA,NA,NA
2020-03-03 00:00:00,NA,147.53,4.87,31.03,35.89,NA,9.90,1.78,NA,NA,NA,NA,NA,NA,NA,NA,NA,NA,NA,NA,NA,NA,NA,NA
2020-03-04 00:00:00,NA,126.72,4.80,35.92,40.71,NA,9.01,1.55,NA,NA,NA,NA,NA,NA,NA,NA,NA,NA,NA,NA,NA,NA,NA,NA
2020-03-05 00:00:00,NA,144.48,5.08,40.43,45.50,NA,9.99,1.68,NA,NA,NA,NA,NA,NA,NA,NA,NA,NA,NA,NA,NA,NA,NA,NA
2020-03-06 00:00:00,NA,123.73,7.31,43.65,50.96,NA,9.86,1.54,NA,NA,NA,NA,NA,NA,NA,NA,NA,NA,NA,NA,NA,NA,NA,NA
2020-03-07 00:00:00,NA,127.87,10.39,51.74,62.13,NA,10.38,1.62,NA,NA,NA,NA,NA,NA,NA,NA,NA,NA,NA,NA,NA,NA,NA,NA
2020-03-08 00:00:00,NA,118.51,8.46,44.39,52.85,NA,9.45,1.49,NA,NA,NA,NA,NA,NA,NA,NA,NA,NA,NA,NA,NA,NA,NA,NA
2020-03-09 00:00:00,NA,122.25,6.68,40.42,47.09,NA,10.05,1.64,NA,NA,NA,NA,NA,NA,NA,NA,NA,NA,NA,NA,NA,NA,NA,NA
2020-03-10 00:00:00,NA,138.89,6.62,41.48,48.10,NA,9.86,1.64,NA,NA,NA,NA,NA,NA,NA,NA,NA,NA,NA,NA,NA,NA,NA,NA
2020-03-11 00:00:00,NA,88.27,6.94,44.63,51.56,NA,9.95,1.61,NA,NA,NA,NA,NA,NA,NA,NA,NA,NA,NA,NA,NA,NA,NA,NA
2020-03-12 00:00:00,NA,80.10,8.06,48.96,57.01,NA,9.75,1.50,NA,NA,NA,NA,NA,NA,NA,NA,NA,NA,NA,NA,NA,NA,NA,NA
2020-03-13 00:00:00,NA,73.10,8.24,46.23,53.47,NA,9.86,1.52,NA,NA,NA,NA,NA,NA,NA,NA,NA,NA,NA,NA,NA,NA,NA,NA
2020-03-14 00:00:00,NA,77.85,15.81,83.20,97.05,NA,9.94,1.84,NA,NA,NA,NA,NA,NA,NA,NA,NA,NA,NA,NA,NA,NA,NA,NA
2020-03-15 00:00:00,NA,59.09,9.07,54.97,64.04,NA,9.74,1.48,NA,NA,NA,NA,NA,NA,NA,NA,NA,NA,NA,NA,NA,NA,NA,NA
2020-03-16 00:00:00,NA,126.63,11.16,54.00,65.15,NA,9.99,1.49,NA,NA,NA,NA,NA,NA,NA,NA,NA,NA,NA,NA,NA,NA,NA,NA
2020-03-17 00:00:00,NA,169.04,8.67,42.85,51.52,NA,9.83,1.55,NA,NA,NA,NA,NA,NA,NA,NA,NA,NA,NA,NA,NA,NA,NA,NA
2020-03-18 00:00:00,NA,124.10,8.13,45.69,53.82,NA,9.75,1.67,NA,NA,NA,NA,NA,NA,NA,NA,NA,NA,NA,NA,NA,NA,NA,NA
2020-03-19 00:00:00,NA,167.46,8.52,65.69,74.21,NA,10.51,1.82,NA,NA,NA,NA,NA,NA,NA,NA,NA,NA,NA,NA,NA,NA,NA,NA
2020-03-20 00:00:00,NA,187.11,5.78,43.12,48.90,NA,10.07,1.56,NA,NA,NA,NA,NA,NA,NA,NA,NA,NA,NA,NA,NA,NA,NA,NA
2020-03-21 00:00:00,NA,167.29,5.69,48.84,54.53,NA,10.04,1.73,NA,NA,NA,NA,NA,NA,NA,NA,NA,NA,NA,NA,NA,NA,NA,NA
2020-03-22 00:00:00,NA,110.83,0.84,14.05,14.87,NA,9.81,1.34,NA,NA,NA,NA,NA,NA,NA,NA,NA,NA,NA,NA,NA,NA,NA,NA
2020-03-23 00:00:00,NA,138.86,1.65,19.65,21.30,NA,9.28,1.52,NA,NA,NA,NA,NA,NA,NA,NA,NA,NA,NA,NA,NA,NA,NA,NA
2020-03-24 00:00:00,NA,NA,NA,NA,NA,NA,NA,NA,NA,NA,NA,NA,NA,NA,NA,NA,NA,NA,NA,NA,NA,NA,NA,NA
2020-03-25 00:00:00,NA,NA,NA,NA,NA,NA,NA,NA,NA,NA,NA,NA,NA,NA,NA,NA,NA,NA,NA,NA,NA,NA,NA,NA
2020-03-26 00:00:00,NA,NA,NA,NA,NA,NA,NA,NA,NA,NA,NA,NA,NA,NA,NA,NA,NA,NA,NA,NA,NA,NA,NA,NA
2020-03-27 00:00:00,NA,NA,NA,NA,NA,NA,NA,NA,NA,NA,NA,NA,NA,NA,NA,NA,NA,NA,NA,NA,NA,NA,NA,NA
2020-03-28 00:00:00,NA,NA,NA,NA,NA,NA,NA,NA,NA,NA,NA,NA,NA,NA,NA,NA,NA,NA,NA,NA,NA,NA,NA,NA
2020-03-29 00:00:00,NA,NA,NA,NA,NA,NA,NA,NA,NA,NA,NA,NA,NA,NA,NA,NA,NA,NA,NA,NA,NA,NA,NA,NA
2020-03-30 00:00:00,NA,NA,NA,NA,NA,NA,NA,NA,NA,NA,NA,NA,NA,NA,NA,NA,NA,NA,NA,NA,NA,NA,NA,NA
2020-03-31 00:00:00,NA,NA,NA,NA,NA,NA,NA,NA,NA,NA,NA,NA,NA,NA,NA,NA,NA,NA,NA,NA,NA,NA,NA,NA
2020-04-01 00:00:00,NA,NA,NA,NA,NA,NA,NA,NA,NA,NA,NA,NA,NA,NA,NA,NA,NA,NA,NA,NA,NA,NA,NA,NA
2020-04-02 00:00:00,NA,NA,NA,NA,NA,NA,NA,NA,NA,NA,NA,NA,NA,NA,NA,NA,NA,NA,NA,NA,NA,NA,NA,NA
2020-04-03 00:00:00,NA,NA,NA,NA,NA,NA,NA,NA,NA,NA,NA,NA,NA,NA,NA,NA,NA,NA,NA,NA,NA,NA,NA,NA
2020-04-04 00:00:00,NA,NA,NA,NA,NA,NA,NA,NA,NA,NA,NA,NA,NA,NA,NA,NA,NA,NA,NA,NA,NA,NA,NA,NA
2020-04-05 00:00:00,NA,NA,NA,NA,NA,NA,NA,NA,NA,NA,NA,NA,NA,NA,NA,NA,NA,NA,NA,NA,NA,NA,NA,NA
2020-04-06 00:00:00,NA,NA,NA,NA,NA,NA,NA,NA,NA,NA,NA,NA,NA,NA,NA,NA,NA,NA,NA,NA,NA,NA,NA,NA
2020-04-07 00:00:00,NA,NA,NA,NA,NA,NA,NA,NA,NA,NA,NA,NA,NA,NA,NA,NA,NA,NA,NA,NA,NA,NA,NA,NA
2020-04-08 00:00:00,NA,NA,NA,NA,NA,NA,NA,NA,NA,NA,NA,NA,NA,NA,NA,NA,NA,NA,NA,NA,NA,NA,NA,NA
2020-04-09 00:00:00,NA,NA,NA,NA,NA,NA,NA,NA,NA,NA,NA,NA,NA,NA,NA,NA,NA,NA,NA,NA,NA,NA,NA,NA
2020-04-10 00:00:00,NA,NA,NA,NA,NA,NA,NA,NA,NA,NA,NA,NA,NA,NA,NA,NA,NA,NA,NA,NA,NA,NA,NA,NA
2020-04-11 00:00:00,NA,NA,NA,NA,NA,NA,NA,NA,NA,NA,NA,NA,NA,NA,NA,NA,NA,NA,NA,NA,NA,NA,NA,NA
2020-04-12 00:00:00,NA,NA,NA,NA,NA,NA,NA,NA,NA,NA,NA,NA,NA,NA,NA,NA,NA,NA,NA,NA,NA,NA,NA,NA
2020-04-13 00:00:00,NA,NA,NA,NA,NA,NA,NA,NA,NA,NA,NA,NA,NA,NA,NA,NA,NA,NA,NA,NA,NA,NA,NA,NA
2020-04-14 00:00:00,NA,NA,NA,NA,NA,NA,NA,NA,NA,NA,NA,NA,NA,NA,NA,NA,NA,NA,NA,NA,NA,NA,NA,NA
2020-04-15 00:00:00,NA,NA,NA,NA,NA,NA,NA,NA,NA,NA,NA,NA,NA,NA,NA,NA,NA,NA,NA,NA,NA,NA,NA,NA
2020-04-16 00:00:00,NA,NA,NA,NA,NA,NA,NA,NA,NA,NA,NA,NA,NA,NA,NA,NA,NA,NA,NA,NA,NA,NA,NA,NA
2020-04-17 00:00:00,NA,NA,NA,NA,NA,NA,NA,NA,NA,NA,NA,NA,NA,NA,NA,NA,NA,NA,NA,NA,NA,NA,NA,NA
2020-04-18 00:00:00,NA,NA,NA,NA,NA,NA,NA,NA,NA,NA,NA,NA,NA,NA,NA,NA,NA,NA,NA,NA,NA,NA,NA,NA
2020-04-19 00:00:00,NA,NA,NA,NA,NA,NA,NA,NA,NA,NA,NA,NA,NA,NA,NA,NA,NA,NA,NA,NA,NA,NA,NA,NA
2020-04-20 00:00:00,NA,NA,NA,NA,NA,NA,NA,NA,NA,NA,NA,NA,NA,NA,NA,NA,NA,NA,NA,NA,NA,NA,NA,NA
2020-04-21 00:00:00,NA,36.20,9.00,20.58,15.87,NA,10.06,1.86,NA,NA,NA,NA,NA,NA,NA,NA,NA,NA,NA,NA,NA,NA,NA,NA
2020-04-22 00:00:00,NA,86.80,3.00,10.53,13.53,NA,7.59,0.95,NA,NA,NA,NA,NA,NA,NA,NA,NA,NA,NA,NA,NA,NA,NA,NA
2020-04-23 00:00:00,NA,81.75,3.86,12.51,16.38,NA,7.70,0.93,NA,NA,NA,NA,NA,NA,NA,NA,NA,NA,NA,NA,NA,NA,NA,NA
2020-04-24 00:00:00,NA,134.72,4.50,14.14,18.64,NA,8.28,0.97,NA,NA,NA,NA,NA,NA,NA,NA,NA,NA,NA,NA,NA,NA,NA,NA
2020-04-25 00:00:00,NA,88.37,4.53,13.88,18.41,NA,7.78,0.97,NA,NA,NA,NA,NA,NA,NA,NA,NA,NA,NA,NA,NA,NA,NA,NA
2020-04-26 00:00:00,NA,57.55,4.50,13.44,17.94,NA,8.35,0.95,NA,NA,NA,NA,NA,NA,NA,NA,NA,NA,NA,NA,NA,NA,NA,NA
2020-04-27 00:00:00,NA,69.76,4.49,13.41,17.90,NA,8.01,1.00,NA,NA,NA,NA,NA,NA,NA,NA,NA,NA,NA,NA,NA,NA,NA,NA
2020-04-28 00:00:00,NA,78.41,4.48,13.40,17.88,NA,7.80,1.00,NA,NA,NA,NA,NA,NA,NA,NA,NA,NA,NA,NA,NA,NA,NA,NA
2020-04-29 00:00:00,NA,96.31,4.47,13.54,18.01,NA,8.26,1.00,NA,NA,NA,NA,NA,NA,NA,NA,NA,NA,NA,NA,NA,NA,NA,NA
2020-04-30 00:00:00,NA,82.47,4.41,14.12,18.53,NA,8.21,1.04,NA,NA,NA,NA,NA,NA,NA,NA,NA,NA,NA,NA,NA,NA,NA,NA
2020-05-01 00:00:00,NA,87.06,4.44,13.83,18.27,NA,7.89,0.98,NA,NA,NA,NA,NA,NA,NA,NA,NA,NA,NA,NA,NA,NA,NA,NA
2020-05-02 00:00:00,NA,73.68,4.48,13.47,17.95,NA,8.64,0.98,NA,NA,NA,NA,NA,NA,NA,NA,NA,NA,NA,NA,NA,NA,NA,NA
2020-05-03 00:00:00,NA,87.90,4.48,13.55,18.03,NA,8.16,1.02,NA,NA,NA,NA,NA,NA,NA,NA,NA,NA,NA,NA,NA,NA,NA,NA
2020-05-04 00:00:00,NA,75.97,4.48,13.61,18.09,NA,8.23,1.03,NA,NA,NA,NA,NA,NA,NA,NA,NA,NA,NA,NA,NA,NA,NA,NA
2020-05-05 00:00:00,NA,106.23,4.46,13.64,18.10,NA,8.07,1.04,NA,NA,NA,NA,NA,NA,NA,NA,NA,NA,NA,NA,NA,NA,NA,NA
2020-05-06 00:00:00,NA,100.62,3.87,11.86,15.73,NA,7.39,0.88,NA,NA,NA,NA,NA,NA,NA,NA,NA,NA,NA,NA,NA,NA,NA,NA
2020-05-07 00:00:00,NA,99.79,2.23,6.90,9.14,NA,4.81,0.66,NA,NA,NA,NA,NA,NA,NA,NA,NA,NA,NA,NA,NA,NA,NA,NA
2020-05-08 00:00:00,NA,75.06,2.83,9.93,12.76,NA,5.21,0.56,NA,NA,NA,NA,NA,NA,NA,NA,NA,NA,NA,NA,NA,NA,NA,NA
2020-05-09 00:00:00,NA,85.54,2.25,6.96,9.21,NA,5.47,0.63,NA,NA,NA,NA,NA,NA,NA,NA,NA,NA,NA,NA,NA,NA,NA,NA
2020-05-10 00:00:00,NA,84.68,2.26,7.03,9.29,NA,4.78,0.58,NA,NA,NA,NA,NA,NA,NA,NA,NA,NA,NA,NA,NA,NA,NA,NA
2020-05-11 00:00:00,NA,79.73,2.23,6.93,9.16,NA,5.76,0.63,NA,NA,NA,NA,NA,NA,NA,NA,NA,NA,NA,NA,NA,NA,NA,NA
2020-05-12 00:00:00,NA,81.41,2.67,8.31,10.97,NA,5.00,0.57,NA,NA,NA,NA,NA,NA,NA,NA,NA,NA,NA,NA,NA,NA,NA,NA
2020-05-13 00:00:00,NA,66.03,3.16,10.12,13.28,NA,5.60,0.67,NA,NA,NA,NA,NA,NA,NA,NA,NA,NA,NA,NA,NA,NA,NA,NA
2020-05-14 00:00:00,NA,91.27,3.12,10.08,13.21,NA,4.66,0.65,NA,NA,NA,NA,NA,NA,NA,NA,NA,NA,NA,NA,NA,NA,NA,NA
2020-05-15 00:00:00,NA,66.73,3.12,10.00,13.12,NA,4.99,0.71,NA,NA,NA,NA,NA,NA,NA,NA,NA,NA,NA,NA,NA,NA,NA,NA
2020-05-16 00:00:00,NA,NA,NA,NA,NA,NA,NA,NA,NA,NA,NA,NA,NA,NA,NA,NA,NA,NA,NA,NA,NA,NA,NA,NA
2020-05-17 00:00:00,NA,178.94,3.04,11.15,14.19,NA,5.46,0.71,NA,NA,NA,NA,NA,NA,NA,NA,NA,NA,NA,NA,NA,NA,NA,NA
2020-05-18 00:00:00,NA,109.22,3.16,10.55,13.71,NA,5.16,0.60,NA,NA,NA,NA,NA,NA,NA,NA,NA,NA,NA,NA,NA,NA,NA,NA
2020-05-19 00:00:00,NA,175.54,10.89,25.11,35.99,NA,4.23,0.68,NA,NA,NA,NA,NA,NA,NA,NA,NA,NA,NA,NA,NA,NA,NA,NA
2020-05-20 00:00:00,NA,82.65,11.13,25.61,36.74,NA,4.99,0.69,NA,NA,NA,NA,NA,NA,NA,NA,NA,NA,NA,NA,NA,NA,NA,NA
2020-05-21 00:00:00,NA,73.33,11.02,26.67,37.69,NA,4.70,0.73,NA,NA,NA,NA,NA,NA,NA,NA,NA,NA,NA,NA,NA,NA,NA,NA
2020-05-22 00:00:00,NA,81.20,11.06,26.73,37.79,NA,5.03,0.64,NA,NA,NA,NA,NA,NA,NA,NA,NA,NA,NA,NA,NA,NA,NA,NA
2020-05-23 00:00:00,NA,86.06,11.07,26.82,37.89,NA,5.49,0.65,NA,NA,NA,NA,NA,NA,NA,NA,NA,NA,NA,NA,NA,NA,NA,NA
2020-05-24 00:00:00,NA,144.35,11.07,26.90,37.97,NA,5.35,0.68,NA,NA,NA,NA,NA,NA,NA,NA,NA,NA,NA,NA,NA,NA,NA,NA
2020-05-25 00:00:00,NA,79.97,11.07,26.76,37.83,NA,5.55,0.70,NA,NA,NA,NA,NA,NA,NA,NA,NA,NA,NA,NA,NA,NA,NA,NA
2020-05-26 00:00:00,NA,160.17,11.12,26.77,37.89,NA,5.23,0.71,NA,NA,NA,NA,NA,NA,NA,NA,NA,NA,NA,NA,NA,NA,NA,NA
2020-05-27 00:00:00,NA,101.78,11.13,26.67,37.80,NA,5.37,0.72,NA,NA,NA,NA,NA,NA,NA,NA,NA,NA,NA,NA,NA,NA,NA,NA
2020-05-28 00:00:00,NA,86.46,11.04,26.56,37.60,NA,5.37,0.67,NA,NA,NA,NA,NA,NA,NA,NA,NA,NA,NA,NA,NA,NA,NA,NA
2020-05-29 00:00:00,NA,105.07,14.78,26.77,37.92,NA,5.14,0.70,NA,NA,NA,NA,NA,NA,NA,NA,NA,NA,NA,NA,NA,NA,NA,NA
2020-05-30 00:00:00,NA,39.58,11.07,26.53,37.60,NA,5.30,0.66,NA,NA,NA,NA,NA,NA,NA,NA,NA,NA,NA,NA,NA,NA,NA,NA
2020-05-31 00:00:00,NA,NA,NA,NA,NA,NA,NA,NA,NA,NA,NA,NA,NA,NA,NA,NA,NA,NA,NA,NA,NA,NA,NA,NA
2020-06-01 00:00:00,NA,NA,NA,NA,NA,NA,NA,NA,NA,NA,NA,NA,NA,NA,NA,NA,NA,NA,NA,NA,NA,NA,NA,NA
2020-06-02 00:00:00,NA,15.00,11.18,28.40,39.58,NA,6.87,0.63,NA,NA,NA,NA,NA,NA,NA,NA,NA,NA,NA,NA,NA,NA,NA,NA
2020-06-03 00:00:00,NA,NA,NA,NA,NA,NA,NA,NA,NA,NA,NA,NA,NA,NA,NA,NA,NA,NA,NA,NA,NA,NA,NA,NA
2020-06-04 00:00:00,NA,74.58,32.77,26.45,38.73,NA,7.95,0.82,NA,NA,NA,NA,NA,NA,NA,NA,NA,NA,NA,NA,NA,NA,NA,NA
2020-06-05 00:00:00,NA,61.46,8.46,17.49,25.94,NA,8.35,0.66,NA,NA,NA,NA,NA,NA,NA,NA,NA,NA,NA,NA,NA,NA,NA,NA
2020-06-06 00:00:00,NA,92.90,8.44,17.44,25.88,NA,8.63,0.67,NA,NA,NA,NA,NA,NA,NA,NA,NA,NA,NA,NA,NA,NA,NA,NA
2020-06-07 00:00:00,NA,78.56,8.45,17.46,25.91,NA,7.26,0.51,NA,NA,NA,NA,NA,NA,NA,NA,NA,NA,NA,NA,NA,NA,NA,NA
2020-06-08 00:00:00,NA,32.91,8.36,17.46,25.78,NA,7.65,0.90,NA,NA,NA,NA,NA,NA,NA,NA,NA,NA,NA,NA,NA,NA,NA,NA
2020-06-09 00:00:00,NA,81.30,8.77,17.49,25.91,NA,8.39,0.77,NA,NA,NA,NA,NA,NA,NA,NA,NA,NA,NA,NA,NA,NA,NA,NA
2020-06-10 00:00:00,NA,79.50,8.45,17.43,25.88,NA,7.76,0.63,NA,NA,NA,NA,NA,NA,NA,NA,NA,NA,NA,NA,NA,NA,NA,NA
2020-06-11 00:00:00,NA,67.80,8.44,18.02,26.07,NA,7.94,0.62,NA,NA,NA,NA,NA,NA,NA,NA,NA,NA,NA,NA,NA,NA,NA,NA
2020-06-12 00:00:00,NA,33.40,8.44,17.41,25.85,NA,7.45,0.67,NA,NA,NA,NA,NA,NA,NA,NA,NA,NA,NA,NA,NA,NA,NA,NA
2020-06-13 00:00:00,NA,79.45,8.44,17.39,25.84,NA,8.56,0.76,NA,NA,NA,NA,NA,NA,NA,NA,NA,NA,NA,NA,NA,NA,NA,NA
2020-06-14 00:00:00,NA,47.50,8.45,17.33,25.78,NA,8.14,0.67,NA,NA,NA,NA,NA,NA,NA,NA,NA,NA,NA,NA,NA,NA,NA,NA
2020-06-15 00:00:00,NA,77.63,8.45,17.31,25.76,NA,7.75,0.67,NA,NA,NA,NA,NA,NA,NA,NA,NA,NA,NA,NA,NA,NA,NA,NA
2020-06-16 00:00:00,NA,90.31,8.45,17.31,25.76,NA,8.49,0.76,NA,NA,NA,NA,NA,NA,NA,NA,NA,NA,NA,NA,NA,NA,NA,NA
2020-06-17 00:00:00,NA,88.98,8.45,17.31,25.76,NA,8.93,0.84,NA,NA,NA,NA,NA,NA,NA,NA,NA,NA,NA,NA,NA,NA,NA,NA
2020-06-18 00:00:00,NA,79.02,8.45,17.31,25.76,NA,8.07,0.72,NA,NA,NA,NA,NA,NA,NA,NA,NA,NA,NA,NA,NA,NA,NA,NA
2020-06-19 00:00:00,NA,84.67,8.45,17.31,25.76,NA,7.96,0.68,NA,NA,NA,NA,NA,NA,NA,NA,NA,NA,NA,NA,NA,NA,NA,NA
2020-06-20 00:00:00,NA,67.29,8.45,17.31,25.76,NA,8.18,0.69,NA,NA,NA,NA,NA,NA,NA,NA,NA,NA,NA,NA,NA,NA,NA,NA
2020-06-21 00:00:00,NA,67.93,8.45,17.31,25.76,NA,7.83,0.63,NA,NA,NA,NA,NA,NA,NA,NA,NA,NA,NA,NA,NA,NA,NA,NA
2020-06-22 00:00:00,NA,58.79,8.45,17.31,25.76,NA,8.30,0.67,NA,NA,NA,NA,NA,NA,NA,NA,NA,NA,NA,NA,NA,NA,NA,NA
2020-06-23 00:00:00,NA,70.37,8.45,17.31,25.76,NA,7.79,0.70,NA,NA,NA,NA,NA,NA,NA,NA,NA,NA,NA,NA,NA,NA,NA,NA
2020-06-24 00:00:00,NA,111.53,8.46,17.30,25.76,NA,7.84,0.69,NA,NA,NA,NA,NA,NA,NA,NA,NA,NA,NA,NA,NA,NA,NA,NA
2020-06-25 00:00:00,NA,72.96,8.45,17.30,25.75,NA,8.00,0.71,NA,NA,NA,NA,NA,NA,NA,NA,NA,NA,NA,NA,NA,NA,NA,NA
2020-06-26 00:00:00,NA,34.58,8.45,17.28,25.73,NA,8.30,0.63,NA,NA,NA,NA,NA,NA,NA,NA,NA,NA,NA,NA,NA,NA,NA,NA
2020-06-27 00:00:00,NA,NA,NA,NA,NA,NA,NA,NA,NA,NA,NA,NA,NA,NA,NA,NA,NA,NA,NA,NA,NA,NA,NA,NA
2020-06-28 00:00:00,NA,NA,NA,NA,NA,NA,NA,NA,NA,NA,NA,NA,NA,NA,NA,NA,NA,NA,NA,NA,NA,NA,NA,NA
2020-06-29 00:00:00,NA,NA,NA,NA,NA,NA,NA,NA,NA,NA,NA,NA,NA,NA,NA,NA,NA,NA,NA,NA,NA,NA,NA,NA
2020-06-30 00:00:00,NA,NA,NA,NA,NA,NA,NA,NA,NA,NA,NA,NA,NA,NA,NA,NA,NA,NA,NA,NA,NA,NA,NA,NA
2020-07-01 00:00:00,NA,NA,NA,NA,NA,NA,NA,NA,NA,NA,NA,NA,NA,NA,NA,NA,NA,NA,NA,NA,NA,NA,NA,NA
2020-07-02 00:00:00,NA,NA,NA,NA,NA,NA,NA,NA,NA,NA,NA,NA,NA,NA,NA,NA,NA,NA,NA,NA,NA,NA,NA,NA
2020-07-03 00:00:00,NA,87.03,8.99,17.86,26.76,NA,7.81,1.27,NA,NA,NA,NA,NA,NA,NA,NA,NA,NA,NA,NA,NA,NA,NA,NA
2020-07-04 00:00:00,NA,42.11,8.45,17.30,25.74,NA,7.56,0.80,NA,NA,NA,NA,NA,NA,NA,NA,NA,NA,NA,NA,NA,NA,NA,NA
2020-07-05 00:00:00,NA,60.50,8.45,17.31,25.77,NA,8.01,0.64,NA,NA,NA,NA,NA,NA,NA,NA,NA,NA,NA,NA,NA,NA,NA,NA
2020-07-06 00:00:00,NA,50.95,8.50,17.43,25.91,NA,8.02,0.87,NA,NA,NA,NA,NA,NA,NA,NA,NA,NA,NA,NA,NA,NA,NA,NA
2020-07-07 00:00:00,NA,54.07,9.03,17.75,26.76,NA,7.58,0.84,NA,NA,NA,NA,NA,NA,NA,NA,NA,NA,NA,NA,NA,NA,NA,NA
2020-07-08 00:00:00,NA,44.21,13.08,20.30,33.37,NA,7.30,0.77,NA,NA,NA,NA,NA,NA,NA,NA,NA,NA,NA,NA,NA,NA,NA,NA
2020-07-09 00:00:00,NA,36.63,14.02,21.72,35.58,NA,7.53,0.73,NA,NA,NA,NA,NA,NA,NA,NA,NA,NA,NA,NA,NA,NA,NA,NA
2020-07-10 00:00:00,NA,46.81,19.61,24.35,43.96,NA,7.21,0.87,NA,NA,NA,NA,NA,NA,NA,NA,NA,NA,NA,NA,NA,NA,NA,NA
2020-07-11 00:00:00,NA,43.43,19.69,23.46,43.15,NA,7.29,0.86,NA,NA,NA,NA,NA,NA,NA,NA,NA,NA,NA,NA,NA,NA,NA,NA
2020-07-12 00:00:00,NA,38.84,22.03,24.75,46.78,NA,7.10,0.72,NA,NA,NA,NA,NA,NA,NA,NA,NA,NA,NA,NA,NA,NA,NA,NA
2020-07-13 00:00:00,NA,53.03,13.78,20.31,34.09,NA,7.41,0.78,NA,NA,NA,NA,NA,NA,NA,NA,NA,NA,NA,NA,NA,NA,NA,NA
2020-07-14 00:00:00,NA,48.44,8.42,17.39,25.80,NA,7.57,0.69,NA,NA,NA,NA,NA,NA,NA,NA,NA,NA,NA,NA,NA,NA,NA,NA
2020-07-15 00:00:00,NA,65.40,8.44,17.36,25.80,NA,7.96,0.59,NA,NA,NA,NA,NA,NA,NA,NA,NA,NA,NA,NA,NA,NA,NA,NA
2020-07-16 00:00:00,NA,51.45,8.45,17.36,25.81,NA,9.50,0.48,NA,NA,NA,NA,NA,NA,NA,NA,NA,NA,NA,NA,NA,NA,NA,NA
2020-07-17 00:00:00,NA,NA,NA,NA,NA,NA,NA,NA,NA,NA,NA,NA,NA,NA,NA,NA,NA,NA,NA,NA,NA,NA,NA,NA
2020-07-18 00:00:00,NA,NA,NA,NA,NA,NA,NA,NA,NA,NA,NA,NA,NA,NA,NA,NA,NA,NA,NA,NA,NA,NA,NA,NA
2020-07-19 00:00:00,NA,NA,NA,NA,NA,NA,NA,NA,NA,NA,NA,NA,NA,NA,NA,NA,NA,NA,NA,NA,NA,NA,NA,NA
2020-07-20 00:00:00,NA,NA,NA,NA,NA,NA,NA,NA,NA,NA,NA,NA,NA,NA,NA,NA,NA,NA,NA,NA,NA,NA,NA,NA
2020-07-21 00:00:00,NA,39.12,8.44,17.37,25.81,NA,9.27,0.74,NA,NA,NA,NA,NA,NA,NA,NA,NA,NA,NA,NA,NA,NA,NA,NA
2020-07-22 00:00:00,NA,77.83,8.43,17.36,25.78,NA,8.38,0.84,NA,NA,NA,NA,NA,NA,NA,NA,NA,NA,NA,NA,NA,NA,NA,NA
2020-07-23 00:00:00,NA,78.51,8.99,24.77,33.76,NA,8.09,0.61,NA,NA,NA,NA,NA,NA,NA,NA,NA,NA,NA,NA,NA,NA,NA,NA
2020-07-24 00:00:00,NA,49.16,9.51,32.45,41.96,NA,8.30,0.65,NA,NA,NA,NA,NA,NA,NA,NA,NA,NA,NA,NA,NA,NA,NA,NA
2020-07-25 00:00:00,NA,53.76,9.49,32.42,41.91,NA,7.94,0.61,NA,NA,NA,NA,NA,NA,NA,NA,NA,NA,NA,NA,NA,NA,NA,NA
2020-07-26 00:00:00,NA,46.22,9.50,32.48,41.98,NA,8.30,0.57,NA,NA,NA,NA,NA,NA,NA,NA,NA,NA,NA,NA,NA,NA,NA,NA
2020-07-27 00:00:00,NA,78.64,9.51,32.42,41.92,NA,8.97,0.65,NA,NA,NA,NA,NA,NA,NA,NA,NA,NA,NA,NA,NA,NA,NA,NA
2020-07-28 00:00:00,NA,38.07,9.50,32.46,41.95,NA,8.23,0.58,NA,NA,NA,NA,NA,NA,NA,NA,NA,NA,NA,NA,NA,NA,NA,NA
2020-07-29 00:00:00,NA,74.17,9.49,32.44,41.93,NA,7.94,0.63,NA,NA,NA,NA,NA,NA,NA,NA,NA,NA,NA,NA,NA,NA,NA,NA
2020-07-30 00:00:00,NA,40.23,9.51,32.43,41.93,NA,8.12,0.70,NA,NA,NA,NA,NA,NA,NA,NA,NA,NA,NA,NA,NA,NA,NA,NA
2020-07-31 00:00:00,NA,41.56,9.49,32.43,41.92,NA,8.24,0.62,NA,NA,NA,NA,NA,NA,NA,NA,NA,NA,NA,NA,NA,NA,NA,NA
2020-08-01 00:00:00,NA,53.23,9.50,32.44,41.94,NA,8.52,0.79,NA,NA,NA,NA,NA,NA,NA,NA,NA,NA,NA,NA,NA,NA,NA,NA
2020-08-02 00:00:00,NA,39.55,9.50,32.46,41.96,NA,8.33,0.59,NA,NA,NA,NA,NA,NA,NA,NA,NA,NA,NA,NA,NA,NA,NA,NA
2020-08-03 00:00:00,NA,40.45,9.51,32.46,41.96,NA,8.58,0.73,NA,NA,NA,NA,NA,NA,NA,NA,NA,NA,NA,NA,NA,NA,NA,NA
2020-08-04 00:00:00,NA,45.43,9.49,32.46,41.95,NA,8.58,0.55,NA,NA,NA,NA,NA,NA,NA,NA,NA,NA,NA,NA,NA,NA,NA,NA
2020-08-05 00:00:00,NA,59.10,7.41,30.35,37.36,NA,8.36,0.74,NA,NA,NA,NA,NA,NA,NA,NA,NA,NA,NA,NA,NA,NA,NA,NA
2020-08-06 00:00:00,NA,53.14,5.33,26.69,31.90,NA,8.46,0.75,NA,NA,NA,NA,NA,NA,NA,NA,NA,NA,NA,NA,NA,NA,NA,NA
2020-08-07 00:00:00,NA,48.22,5.52,27.03,32.24,NA,7.80,0.81,NA,NA,NA,NA,NA,NA,NA,NA,NA,NA,NA,NA,NA,NA,NA,NA
2020-08-08 00:00:00,NA,52.68,5.53,27.24,32.28,NA,8.51,0.58,NA,NA,NA,NA,NA,NA,NA,NA,NA,NA,NA,NA,NA,NA,NA,NA
2020-08-09 00:00:00,NA,NA,NA,NA,NA,NA,NA,NA,NA,NA,NA,NA,NA,NA,NA,NA,NA,NA,NA,NA,NA,NA,NA,NA
2020-08-10 00:00:00,NA,41.71,5.87,27.63,32.96,NA,8.15,0.66,NA,NA,NA,NA,NA,NA,NA,NA,NA,NA,NA,NA,NA,NA,NA,NA
2020-08-11 00:00:00,NA,85.14,66.80,56.46,116.59,NA,8.40,0.73,NA,NA,NA,NA,NA,NA,NA,NA,NA,NA,NA,NA,NA,NA,NA,NA
2020-08-12 00:00:00,NA,63.19,10.58,30.09,40.62,NA,8.44,0.66,NA,NA,NA,NA,NA,NA,NA,NA,NA,NA,NA,NA,NA,NA,NA,NA
2020-08-13 00:00:00,NA,73.48,82.04,65.72,147.76,NA,7.92,0.59,NA,NA,NA,NA,NA,NA,NA,NA,NA,NA,NA,NA,NA,NA,NA,NA
2020-08-14 00:00:00,NA,98.40,41.87,40.15,78.49,NA,8.61,0.73,NA,NA,NA,NA,NA,NA,NA,NA,NA,NA,NA,NA,NA,NA,NA,NA
2020-08-15 00:00:00,NA,92.42,3.00,21.81,18.77,NA,8.19,0.72,NA,NA,NA,NA,NA,NA,NA,NA,NA,NA,NA,NA,NA,NA,NA,NA
2020-08-16 00:00:00,NA,99.53,3.01,22.49,20.71,NA,8.48,0.69,NA,NA,NA,NA,NA,NA,NA,NA,NA,NA,NA,NA,NA,NA,NA,NA
2020-08-17 00:00:00,NA,90.23,3.73,25.67,25.96,NA,8.26,0.79,NA,NA,NA,NA,NA,NA,NA,NA,NA,NA,NA,NA,NA,NA,NA,NA
2020-08-18 00:00:00,NA,58.81,3.05,23.41,23.49,NA,8.26,0.65,NA,NA,NA,NA,NA,NA,NA,NA,NA,NA,NA,NA,NA,NA,NA,NA
2020-08-19 00:00:00,NA,77.71,4.99,26.41,30.98,NA,8.28,0.67,NA,NA,NA,NA,NA,NA,NA,NA,NA,NA,NA,NA,NA,NA,NA,NA
2020-08-20 00:00:00,NA,97.50,5.43,26.64,32.06,NA,8.49,0.73,NA,NA,NA,NA,NA,NA,NA,NA,NA,NA,NA,NA,NA,NA,NA,NA
2020-08-21 00:00:00,NA,112.84,5.40,26.51,31.90,NA,8.32,0.72,NA,NA,NA,NA,NA,NA,NA,NA,NA,NA,NA,NA,NA,NA,NA,NA
2020-08-22 00:00:00,NA,87.72,5.38,26.43,31.81,NA,8.72,0.67,NA,NA,NA,NA,NA,NA,NA,NA,NA,NA,NA,NA,NA,NA,NA,NA
2020-08-23 00:00:00,NA,42.26,5.39,26.53,31.92,NA,8.12,0.69,NA,NA,NA,NA,NA,NA,NA,NA,NA,NA,NA,NA,NA,NA,NA,NA
2020-08-24 00:00:00,NA,100.08,5.01,26.66,31.65,NA,8.55,0.72,NA,NA,NA,NA,NA,NA,NA,NA,NA,NA,NA,NA,NA,NA,NA,NA
2020-08-25 00:00:00,NA,NA,4.42,25.64,29.92,NA,8.06,0.66,NA,NA,NA,NA,NA,NA,NA,NA,NA,NA,NA,NA,NA,NA,NA,NA
2020-08-26 00:00:00,NA,68.73,4.40,25.70,30.04,NA,8.28,0.61,NA,NA,NA,NA,NA,NA,NA,NA,NA,NA,NA,NA,NA,NA,NA,NA
2020-08-27 00:00:00,NA,80.41,4.20,25.54,29.70,NA,8.11,0.65,NA,NA,NA,NA,NA,NA,NA,NA,NA,NA,NA,NA,NA,NA,NA,NA
2020-08-28 00:00:00,NA,78.27,4.61,25.74,30.28,NA,8.38,0.65,NA,NA,NA,NA,NA,NA,NA,NA,NA,NA,NA,NA,NA,NA,NA,NA
2020-08-29 00:00:00,NA,97.18,4.60,25.61,30.17,NA,8.34,NA,NA,NA,NA,NA,NA,NA,NA,NA,NA,NA,NA,NA,NA,NA,NA,NA
2020-08-30 00:00:00,NA,76.85,4.37,25.45,29.81,NA,8.37,NA,NA,NA,NA,NA,NA,NA,NA,NA,NA,NA,NA,NA,NA,NA,NA,NA
2020-08-31 00:00:00,NA,77.95,4.59,25.45,30.01,NA,8.24,NA,NA,NA,NA,NA,NA,NA,NA,NA,NA,NA,NA,NA,NA,NA,NA,NA
2020-09-01 00:00:00,NA,74.68,5.47,26.21,31.68,NA,8.44,0.93,NA,NA,NA,NA,NA,NA,NA,NA,NA,NA,NA,NA,NA,NA,NA,NA
2020-09-02 00:00:00,NA,123.68,5.43,26.28,31.71,NA,8.14,0.56,NA,NA,NA,NA,NA,NA,NA,NA,NA,NA,NA,NA,NA,NA,NA,NA
2020-09-03 00:00:00,NA,56.66,5.39,26.21,31.59,NA,8.13,1.00,NA,NA,NA,NA,NA,NA,NA,NA,NA,NA,NA,NA,NA,NA,NA,NA
2020-09-04 00:00:00,NA,105.10,5.47,26.16,31.63,NA,8.69,1.30,NA,NA,NA,NA,NA,NA,NA,NA,NA,NA,NA,NA,NA,NA,NA,NA
2020-09-05 00:00:00,NA,147.82,5.49,26.20,31.68,NA,9.50,1.22,NA,NA,NA,NA,NA,NA,NA,NA,NA,NA,NA,NA,NA,NA,NA,NA
2020-09-06 00:00:00,NA,120.73,5.49,26.07,31.56,NA,8.49,1.21,NA,NA,NA,NA,NA,NA,NA,NA,NA,NA,NA,NA,NA,NA,NA,NA
2020-09-07 00:00:00,NA,91.31,5.46,25.88,31.34,NA,8.59,1.30,NA,NA,NA,NA,NA,NA,NA,NA,NA,NA,NA,NA,NA,NA,NA,NA
2020-09-08 00:00:00,NA,44.44,5.47,25.81,31.28,NA,8.59,0.35,NA,NA,NA,NA,NA,NA,NA,NA,NA,NA,NA,NA,NA,NA,NA,NA
2020-09-09 00:00:00,NA,110.63,5.45,25.90,31.35,NA,8.54,1.32,NA,NA,NA,NA,NA,NA,NA,NA,NA,NA,NA,NA,NA,NA,NA,NA
2020-09-10 00:00:00,NA,32.73,5.45,26.04,31.49,NA,7.82,1.08,NA,NA,NA,NA,NA,NA,NA,NA,NA,NA,NA,NA,NA,NA,NA,NA
2020-09-11 00:00:00,NA,836.28,5.50,25.50,30.96,NA,2.00,1.10,NA,NA,NA,NA,NA,NA,NA,NA,NA,NA,NA,NA,NA,NA,NA,NA
2020-09-12 00:00:00,NA,NA,5.49,25.77,31.26,NA,9.80,1.33,NA,NA,NA,NA,NA,NA,NA,NA,NA,NA,NA,NA,NA,NA,NA,NA
2020-09-13 00:00:00,NA,NA,5.50,25.73,31.23,NA,17.48,1.15,NA,NA,NA,NA,NA,NA,NA,NA,NA,NA,NA,NA,NA,NA,NA,NA
2020-09-14 00:00:00,NA,76.78,5.48,25.70,31.19,NA,10.72,1.23,NA,NA,NA,NA,NA,NA,NA,NA,NA,NA,NA,NA,NA,NA,NA,NA
2020-09-15 00:00:00,NA,38.73,5.41,25.69,31.10,NA,30.64,1.24,NA,NA,NA,NA,NA,NA,NA,NA,NA,NA,NA,NA,NA,NA,NA,NA
2020-09-16 00:00:00,NA,50.43,5.44,25.67,31.11,NA,13.01,1.04,NA,NA,NA,NA,NA,NA,NA,NA,NA,NA,NA,NA,NA,NA,NA,NA
2020-09-17 00:00:00,NA,120.11,5.44,25.73,31.17,NA,7.79,1.27,NA,NA,NA,NA,NA,NA,NA,NA,NA,NA,NA,NA,NA,NA,NA,NA
2020-09-18 00:00:00,NA,117.96,5.45,25.84,31.30,NA,8.32,0.94,NA,NA,NA,NA,NA,NA,NA,NA,NA,NA,NA,NA,NA,NA,NA,NA
2020-09-19 00:00:00,NA,113.52,5.47,25.95,31.41,NA,7.00,1.30,NA,NA,NA,NA,NA,NA,NA,NA,NA,NA,NA,NA,NA,NA,NA,NA
2020-09-20 00:00:00,NA,NA,NA,NA,NA,NA,NA,NA,NA,NA,NA,NA,NA,NA,NA,NA,NA,NA,NA,NA,NA,NA,NA,NA
2020-09-21 00:00:00,NA,92.15,0.89,28.16,21.02,NA,9.05,1.10,NA,NA,NA,NA,NA,NA,NA,NA,NA,NA,NA,NA,NA,NA,NA,NA
2020-09-22 00:00:00,NA,89.08,0.90,18.11,16.67,NA,7.82,1.23,NA,NA,NA,NA,NA,NA,NA,NA,NA,NA,NA,NA,NA,NA,NA,NA
2020-09-23 00:00:00,NA,84.53,1.07,18.49,17.07,NA,8.50,1.15,NA,NA,NA,NA,NA,NA,NA,NA,NA,NA,NA,NA,NA,NA,NA,NA
2020-09-24 00:00:00,NA,78.57,1.01,19.29,17.17,NA,7.70,1.32,NA,NA,NA,NA,NA,NA,NA,NA,NA,NA,NA,NA,NA,NA,NA,NA
2020-09-25 00:00:00,NA,116.29,0.68,21.03,10.20,NA,8.10,0.20,NA,NA,NA,NA,NA,NA,NA,NA,NA,NA,NA,NA,NA,NA,NA,NA
2020-09-26 00:00:00,NA,103.23,0.76,21.75,18.17,NA,6.56,1.22,NA,NA,NA,NA,NA,NA,NA,NA,NA,NA,NA,NA,NA,NA,NA,NA
2020-09-27 00:00:00,NA,87.36,0.45,23.48,18.47,NA,8.31,1.26,NA,NA,NA,NA,NA,NA,NA,NA,NA,NA,NA,NA,NA,NA,NA,NA
2020-09-28 00:00:00,NA,86.07,0.47,24.07,18.39,NA,8.47,1.30,NA,NA,NA,NA,NA,NA,NA,NA,NA,NA,NA,NA,NA,NA,NA,NA
2020-09-29 00:00:00,NA,58.03,0.44,24.51,18.29,NA,7.98,1.63,NA,NA,NA,NA,NA,NA,NA,NA,NA,NA,NA,NA,NA,NA,NA,NA
2020-09-30 00:00:00,NA,75.16,0.39,24.34,18.71,NA,9.72,1.23,NA,NA,NA,NA,NA,NA,NA,NA,NA,NA,NA,NA,NA,NA,NA,NA
2020-10-01 00:00:00,NA,71.23,0.35,24.80,18.34,NA,7.57,1.23,NA,NA,NA,NA,NA,NA,NA,NA,NA,NA,NA,NA,NA,NA,NA,NA
2020-10-02 00:00:00,NA,66.57,0.33,25.24,18.44,NA,NA,1.11,NA,NA,NA,NA,NA,NA,NA,NA,NA,NA,NA,NA,NA,NA,NA,NA
2020-10-03 00:00:00,NA,90.00,0.36,25.89,19.00,NA,NA,1.40,NA,NA,NA,NA,NA,NA,NA,NA,NA,NA,NA,NA,NA,NA,NA,NA
2020-10-04 00:00:00,NA,89.04,0.38,26.57,19.24,NA,NA,1.20,NA,NA,NA,NA,NA,NA,NA,NA,NA,NA,NA,NA,NA,NA,NA,NA
2020-10-05 00:00:00,NA,94.66,0.35,27.13,19.68,NA,NA,1.27,NA,NA,NA,NA,NA,NA,NA,NA,NA,NA,NA,NA,NA,NA,NA,NA
2020-10-06 00:00:00,NA,85.06,0.42,27.07,19.77,NA,NA,1.38,NA,NA,NA,NA,NA,NA,NA,NA,NA,NA,NA,NA,NA,NA,NA,NA
2020-10-07 00:00:00,NA,74.66,0.30,26.68,19.13,NA,NA,0.49,NA,NA,NA,NA,NA,NA,NA,NA,NA,NA,NA,NA,NA,NA,NA,NA
2020-10-08 00:00:00,NA,77.29,0.26,27.23,19.44,NA,NA,1.21,NA,NA,NA,NA,NA,NA,NA,NA,NA,NA,NA,NA,NA,NA,NA,NA
2020-10-09 00:00:00,NA,76.45,0.35,27.64,20.03,NA,NA,1.30,NA,NA,NA,NA,NA,NA,NA,NA,NA,NA,NA,NA,NA,NA,NA,NA
2020-10-10 00:00:00,NA,66.69,0.23,29.32,20.43,NA,NA,1.23,NA,NA,NA,NA,NA,NA,NA,NA,NA,NA,NA,NA,NA,NA,NA,NA
2020-10-11 00:00:00,NA,NA,NA,NA,NA,NA,NA,NA,NA,NA,NA,NA,NA,NA,NA,NA,NA,NA,NA,NA,NA,NA,NA,NA
2020-10-12 00:00:00,NA,NA,NA,NA,NA,NA,NA,NA,NA,NA,NA,NA,NA,NA,NA,NA,NA,NA,NA,NA,NA,NA,NA,NA
2020-10-13 00:00:00,NA,NA,NA,NA,NA,NA,NA,NA,NA,NA,NA,NA,NA,NA,NA,NA,NA,NA,NA,NA,NA,NA,NA,NA
2020-10-14 00:00:00,NA,NA,NA,NA,NA,NA,NA,NA,NA,NA,NA,NA,NA,NA,NA,NA,NA,NA,NA,NA,NA,NA,NA,NA
2020-10-15 00:00:00,NA,NA,NA,NA,NA,NA,NA,NA,NA,NA,NA,NA,NA,NA,NA,NA,NA,NA,NA,NA,NA,NA,NA,NA
2020-10-16 00:00:00,NA,119.98,1.19,17.46,17.49,NA,NA,1.33,NA,NA,NA,NA,NA,NA,NA,NA,NA,NA,NA,NA,NA,NA,NA,NA
2020-10-17 00:00:00,NA,88.53,0.38,16.40,15.71,NA,NA,1.26,NA,NA,NA,NA,NA,NA,NA,NA,NA,NA,NA,NA,NA,NA,NA,NA
2020-10-18 00:00:00,NA,58.88,0.42,16.70,16.05,NA,NA,1.15,NA,NA,NA,NA,NA,NA,NA,NA,NA,NA,NA,NA,NA,NA,NA,NA
2020-10-19 00:00:00,NA,58.47,0.36,16.90,16.01,NA,NA,1.70,NA,NA,NA,NA,NA,NA,NA,NA,NA,NA,NA,NA,NA,NA,NA,NA
2020-10-20 00:00:00,NA,75.16,0.25,17.19,16.15,NA,NA,1.15,NA,NA,NA,NA,NA,NA,NA,NA,NA,NA,NA,NA,NA,NA,NA,NA
2020-10-21 00:00:00,NA,71.31,0.16,17.99,16.61,NA,NA,1.18,NA,NA,NA,NA,NA,NA,NA,NA,NA,NA,NA,NA,NA,NA,NA,NA
2020-10-22 00:00:00,NA,88.50,0.23,17.33,16.34,NA,NA,1.33,NA,NA,NA,NA,NA,NA,NA,NA,NA,NA,NA,NA,NA,NA,NA,NA
2020-10-23 00:00:00,NA,55.37,0.14,18.04,16.55,NA,NA,1.20,NA,NA,NA,NA,NA,NA,NA,NA,NA,NA,NA,NA,NA,NA,NA,NA
2020-10-24 00:00:00,NA,NA,NA,NA,NA,NA,NA,NA,NA,NA,NA,NA,NA,NA,NA,NA,NA,NA,NA,NA,NA,NA,NA,NA
2020-10-25 00:00:00,NA,NA,NA,NA,NA,NA,NA,NA,NA,NA,NA,NA,NA,NA,NA,NA,NA,NA,NA,NA,NA,NA,NA,NA
2020-10-26 00:00:00,NA,NA,NA,NA,NA,NA,NA,NA,NA,NA,NA,NA,NA,NA,NA,NA,NA,NA,NA,NA,NA,NA,NA,NA
2020-10-27 00:00:00,NA,145.53,0.27,16.54,15.96,NA,NA,1.25,NA,NA,NA,NA,NA,NA,NA,NA,NA,NA,NA,NA,NA,NA,NA,NA
2020-10-28 00:00:00,NA,137.67,0.35,16.77,16.04,NA,NA,1.18,NA,NA,NA,NA,NA,NA,NA,NA,NA,NA,NA,NA,NA,NA,NA,NA
2020-10-29 00:00:00,NA,111.53,0.23,16.99,16.14,NA,NA,1.17,NA,NA,NA,NA,NA,NA,NA,NA,NA,NA,NA,NA,NA,NA,NA,NA
2020-10-30 00:00:00,NA,104.88,0.60,15.87,15.78,NA,NA,1.28,NA,NA,NA,NA,NA,NA,NA,NA,NA,NA,NA,NA,NA,NA,NA,NA
2020-10-31 00:00:00,NA,103.89,0.30,16.34,15.92,NA,NA,1.07,NA,NA,NA,NA,NA,NA,NA,NA,NA,NA,NA,NA,NA,NA,NA,NA
2020-11-01 00:00:00,NA,NA,NA,NA,NA,NA,NA,NA,NA,NA,NA,NA,NA,NA,NA,NA,NA,NA,NA,NA,NA,NA,NA,NA
2020-11-02 00:00:00,NA,109.00,0.17,16.68,16.03,NA,NA,1.36,NA,NA,NA,NA,NA,NA,NA,NA,NA,NA,NA,NA,NA,NA,NA,NA
2020-11-03 00:00:00,NA,93.42,0.20,16.87,16.14,NA,NA,1.20,NA,NA,NA,NA,NA,NA,NA,NA,NA,NA,NA,NA,NA,NA,NA,NA
2020-11-04 00:00:00,NA,75.54,0.19,16.89,16.19,NA,NA,1.20,NA,NA,NA,NA,NA,NA,NA,NA,NA,NA,NA,NA,NA,NA,NA,NA
2020-11-05 00:00:00,NA,87.80,0.16,17.06,16.29,NA,NA,1.23,NA,NA,NA,NA,NA,NA,NA,NA,NA,NA,NA,NA,NA,NA,NA,NA
2020-11-06 00:00:00,NA,111.60,0.14,17.64,16.57,NA,NA,1.00,NA,NA,NA,NA,NA,NA,NA,NA,NA,NA,NA,NA,NA,NA,NA,NA
2020-11-07 00:00:00,NA,115.28,0.12,19.47,18.08,NA,NA,1.14,NA,NA,NA,NA,NA,NA,NA,NA,NA,NA,NA,NA,NA,NA,NA,NA
2020-11-08 00:00:00,NA,145.34,0.12,19.32,18.05,NA,NA,1.12,NA,NA,NA,NA,NA,NA,NA,NA,NA,NA,NA,NA,NA,NA,NA,NA
2020-11-09 00:00:00,NA,171.99,0.13,19.47,18.21,NA,NA,1.25,NA,NA,NA,NA,NA,NA,NA,NA,NA,NA,NA,NA,NA,NA,NA,NA
2020-11-10 00:00:00,NA,205.80,0.45,16.21,16.05,NA,NA,1.02,NA,NA,NA,NA,NA,NA,NA,NA,NA,NA,NA,NA,NA,NA,NA,NA
2020-11-11 00:00:00,NA,157.48,0.39,16.92,16.61,NA,NA,0.64,NA,NA,NA,NA,NA,NA,NA,NA,NA,NA,NA,NA,NA,NA,NA,NA
2020-11-12 00:00:00,NA,115.71,0.24,17.78,17.18,NA,NA,1.14,NA,NA,NA,NA,NA,NA,NA,NA,NA,NA,NA,NA,NA,NA,NA,NA
2020-11-13 00:00:00,NA,88.61,0.25,17.54,17.09,NA,NA,1.38,NA,NA,NA,NA,NA,NA,NA,NA,NA,NA,NA,NA,NA,NA,NA,NA
2020-11-14 00:00:00,NA,110.86,1.83,19.76,21.32,NA,19.20,1.20,NA,NA,NA,NA,NA,NA,NA,NA,NA,NA,NA,NA,NA,NA,NA,NA
2020-11-15 00:00:00,NA,82.17,3.16,24.69,26.39,NA,23.05,1.13,NA,NA,NA,NA,NA,NA,NA,NA,NA,NA,NA,NA,NA,NA,NA,NA
2020-11-16 00:00:00,NA,39.34,3.07,26.26,27.86,NA,NA,0.88,NA,NA,NA,NA,NA,NA,NA,NA,NA,NA,NA,NA,NA,NA,NA,NA
2020-11-17 00:00:00,NA,62.63,3.07,26.68,28.04,NA,NA,0.90,NA,NA,NA,NA,NA,NA,NA,NA,NA,NA,NA,NA,NA,NA,NA,NA
2020-11-18 00:00:00,NA,91.34,3.05,28.09,28.69,NA,NA,0.89,NA,NA,NA,NA,NA,NA,NA,NA,NA,NA,NA,NA,NA,NA,NA,NA
2020-11-19 00:00:00,NA,108.38,3.07,26.82,28.16,NA,NA,0.87,NA,NA,NA,NA,NA,NA,NA,NA,NA,NA,NA,NA,NA,NA,NA,NA
2020-11-20 00:00:00,NA,92.19,3.06,27.05,28.17,NA,NA,0.84,NA,NA,NA,NA,NA,NA,NA,NA,NA,NA,NA,NA,NA,NA,NA,NA
2020-11-21 00:00:00,NA,119.82,3.07,26.80,28.05,NA,NA,0.94,NA,NA,NA,NA,NA,NA,NA,NA,NA,NA,NA,NA,NA,NA,NA,NA
2020-11-22 00:00:00,NA,132.49,3.17,25.79,27.66,NA,NA,0.89,NA,NA,NA,NA,NA,NA,NA,NA,NA,NA,NA,NA,NA,NA,NA,NA
2020-11-23 00:00:00,NA,117.48,3.11,26.31,27.93,NA,NA,0.91,NA,NA,NA,NA,NA,NA,NA,NA,NA,NA,NA,NA,NA,NA,NA,NA
2020-11-24 00:00:00,NA,110.49,3.04,27.83,28.80,NA,NA,0.78,NA,NA,NA,NA,NA,NA,NA,NA,NA,NA,NA,NA,NA,NA,NA,NA
2020-11-25 00:00:00,NA,94.94,3.03,28.25,29.08,NA,NA,0.85,NA,NA,NA,NA,NA,NA,NA,NA,NA,NA,NA,NA,NA,NA,NA,NA
2020-11-26 00:00:00,NA,33.34,3.02,29.16,29.41,NA,NA,0.89,NA,NA,NA,NA,NA,NA,NA,NA,NA,NA,NA,NA,NA,NA,NA,NA
2020-11-27 00:00:00,NA,28.03,3.04,28.81,29.04,NA,NA,1.88,NA,NA,NA,NA,NA,NA,NA,NA,NA,NA,NA,NA,NA,NA,NA,NA
2020-11-28 00:00:00,NA,92.15,3.22,33.04,32.28,NA,7.76,0.42,NA,NA,NA,NA,NA,NA,NA,NA,NA,NA,NA,NA,NA,NA,NA,NA
2020-11-29 00:00:00,NA,89.01,3.17,32.47,31.08,NA,8.10,NA,NA,NA,NA,NA,NA,NA,NA,NA,NA,NA,NA,NA,NA,NA,NA,NA
2020-11-30 00:00:00,NA,82.02,3.69,26.56,27.95,NA,7.88,NA,NA,NA,NA,NA,NA,NA,NA,NA,NA,NA,NA,NA,NA,NA,NA,NA
2020-12-01 00:00:00,NA,85.23,3.17,31.71,30.74,NA,8.24,NA,NA,NA,NA,NA,NA,NA,NA,NA,NA,NA,NA,NA,NA,NA,NA,NA
2020-12-02 00:00:00,NA,66.27,3.02,33.06,31.33,NA,7.75,NA,NA,NA,NA,NA,NA,NA,NA,NA,NA,NA,NA,NA,NA,NA,NA,NA
2020-12-03 00:00:00,NA,35.82,3.03,35.11,32.43,NA,7.70,0.19,NA,NA,NA,NA,NA,NA,NA,NA,NA,NA,NA,NA,NA,NA,NA,NA
2020-12-04 00:00:00,NA,36.76,3.00,39.43,35.15,NA,8.06,0.60,NA,NA,NA,NA,NA,NA,NA,NA,NA,NA,NA,NA,NA,NA,NA,NA
2020-12-05 00:00:00,NA,23.64,3.00,39.93,35.23,NA,7.77,0.53,NA,NA,NA,NA,NA,NA,NA,NA,NA,NA,NA,NA,NA,NA,NA,NA
2020-12-06 00:00:00,NA,33.70,3.00,39.34,34.88,NA,7.99,NA,NA,NA,NA,NA,NA,NA,NA,NA,NA,NA,NA,NA,NA,NA,NA,NA
2020-12-07 00:00:00,NA,28.71,3.00,39.85,35.53,NA,7.70,NA,NA,NA,NA,NA,NA,NA,NA,NA,NA,NA,NA,NA,NA,NA,NA,NA
2020-12-08 00:00:00,NA,37.12,3.00,40.23,35.60,NA,8.32,NA,NA,NA,NA,NA,NA,NA,NA,NA,NA,NA,NA,NA,NA,NA,NA,NA
2020-12-09 00:00:00,NA,27.85,3.00,40.54,35.75,NA,7.41,NA,NA,NA,NA,NA,NA,NA,NA,NA,NA,NA,NA,NA,NA,NA,NA,NA
2020-12-10 00:00:00,NA,27.02,3.00,39.56,35.15,NA,7.78,NA,NA,NA,NA,NA,NA,NA,NA,NA,NA,NA,NA,NA,NA,NA,NA,NA
2020-12-11 00:00:00,NA,39.19,3.00,40.41,35.72,NA,7.67,NA,NA,NA,NA,NA,NA,NA,NA,NA,NA,NA,NA,NA,NA,NA,NA,NA
2020-12-12 00:00:00,NA,33.90,3.00,41.36,36.13,NA,7.29,NA,NA,NA,NA,NA,NA,NA,NA,NA,NA,NA,NA,NA,NA,NA,NA,NA
2020-12-13 00:00:00,NA,37.29,3.00,43.05,37.07,NA,7.45,NA,NA,NA,NA,NA,NA,NA,NA,NA,NA,NA,NA,NA,NA,NA,NA,NA
2020-12-14 00:00:00,NA,34.46,2.67,38.94,29.44,NA,6.00,NA,NA,NA,NA,NA,NA,NA,NA,NA,NA,NA,NA,NA,NA,NA,NA,NA
2020-12-15 00:00:00,NA,163.25,NA,38.49,28.75,NA,9.27,1.10,NA,NA,NA,NA,NA,NA,NA,NA,NA,NA,NA,NA,NA,NA,NA,NA
2020-12-16 00:00:00,NA,113.41,NA,38.94,28.99,NA,9.77,1.01,NA,NA,NA,NA,NA,NA,NA,NA,NA,NA,NA,NA,NA,NA,NA,NA
2020-12-17 00:00:00,NA,108.93,NA,41.40,30.42,NA,9.38,1.01,NA,NA,NA,NA,NA,NA,NA,NA,NA,NA,NA,NA,NA,NA,NA,NA
2020-12-18 00:00:00,NA,119.11,NA,41.05,30.47,NA,7.74,0.86,NA,NA,NA,NA,NA,NA,NA,NA,NA,NA,NA,NA,NA,NA,NA,NA
2020-12-19 00:00:00,NA,82.17,NA,41.05,30.10,NA,8.11,1.08,NA,NA,NA,NA,NA,NA,NA,NA,NA,NA,NA,NA,NA,NA,NA,NA
2020-12-20 00:00:00,NA,NA,NA,40.52,29.71,NA,8.14,NA,NA,NA,NA,NA,NA,NA,NA,NA,NA,NA,NA,NA,NA,NA,NA,NA
2020-12-21 00:00:00,NA,57.62,NA,39.19,29.00,NA,7.72,3.20,NA,NA,NA,NA,NA,NA,NA,NA,NA,NA,NA,NA,NA,NA,NA,NA
2020-12-22 00:00:00,NA,44.57,NA,38.50,28.77,NA,7.42,2.99,NA,NA,NA,NA,NA,NA,NA,NA,NA,NA,NA,NA,NA,NA,NA,NA
2020-12-23 00:00:00,NA,41.58,NA,39.71,29.38,NA,8.12,NA,NA,NA,NA,NA,NA,NA,NA,NA,NA,NA,NA,NA,NA,NA,NA,NA
2020-12-24 00:00:00,NA,37.97,NA,42.60,31.17,NA,8.01,NA,NA,NA,NA,NA,NA,NA,NA,NA,NA,NA,NA,NA,NA,NA,NA,NA
2020-12-25 00:00:00,NA,33.24,NA,43.02,31.12,NA,7.09,1.67,NA,NA,NA,NA,NA,NA,NA,NA,NA,NA,NA,NA,NA,NA,NA,NA
2020-12-26 00:00:00,NA,37.38,NA,41.43,30.32,NA,4.06,0.64,NA,NA,NA,NA,NA,NA,NA,NA,NA,NA,NA,NA,NA,NA,NA,NA
2020-12-27 00:00:00,NA,NA,0.04,29.98,22.66,NA,6.18,NA,NA,NA,NA,NA,NA,NA,NA,NA,NA,NA,NA,NA,NA,NA,NA,NA
2020-12-28 00:00:00,NA,28.44,NA,NA,NA,NA,6.62,NA,NA,NA,NA,NA,NA,NA,NA,NA,NA,NA,NA,NA,NA,NA,NA,NA
2020-12-29 00:00:00,NA,29.06,NA,NA,NA,NA,6.32,NA,NA,NA,NA,NA,NA,NA,NA,NA,NA,NA,NA,NA,NA,NA,NA,NA
2020-12-30 00:00:00,NA,73.97,4.27,9.90,13.68,NA,7.05,NA,NA,NA,NA,NA,NA,NA,NA,NA,NA,NA,NA,NA,NA,NA,NA,NA
2020-12-31 00:00:00,NA,25.23,2.48,8.50,10.96,NA,8.11,NA,NA,NA,NA,NA,NA,NA,NA,NA,NA,NA,NA,NA,NA,NA,NA,NA
