Timestamp,PM2.5 (µg/m³),PM10 (µg/m³),NO (µg/m³),NO2 (µg/m³),NOx (ppb),NH3 (µg/m³),SO2 (µg/m³),CO (mg/m³),Ozone (µg/m³),Benzene (µg/m³),Toluene (µg/m³),Xylene (µg/m³),O Xylene (µg/m³),Eth-Benzene (µg/m³),MP-Xylene (µg/m³),AT (°C),RH (%),WS (m/s),WD (deg),RF (mm),TOT-RF (mm),SR (W/mt2),BP (mmHg),VWS (m/s)
2021-01-01 00:00:00,NA,NA,NA,NA,NA,NA,NA,NA,NA,NA,NA,NA,NA,NA,NA,NA,NA,NA,NA,NA,NA,NA,NA,NA
2021-01-02 00:00:00,NA,NA,NA,NA,NA,NA,NA,NA,NA,NA,NA,NA,NA,NA,NA,NA,NA,NA,NA,NA,NA,NA,NA,NA
2021-01-03 00:00:00,NA,NA,NA,NA,NA,NA,NA,NA,NA,NA,NA,NA,NA,NA,NA,NA,NA,NA,NA,NA,NA,NA,NA,NA
2021-01-04 00:00:00,NA,NA,NA,NA,NA,NA,NA,NA,NA,NA,NA,NA,NA,NA,NA,NA,NA,NA,NA,NA,NA,NA,NA,NA
2021-01-05 00:00:00,NA,NA,NA,NA,NA,NA,NA,NA,NA,NA,NA,NA,NA,NA,NA,NA,NA,NA,NA,NA,NA,NA,NA,NA
2021-01-06 00:00:00,NA,NA,NA,NA,NA,NA,NA,NA,NA,NA,NA,NA,NA,NA,NA,NA,NA,NA,NA,NA,NA,NA,NA,NA
2021-01-07 00:00:00,NA,NA,NA,NA,NA,NA,NA,NA,NA,NA,NA,NA,NA,NA,NA,NA,NA,NA,NA,NA,NA,NA,NA,NA
2021-01-08 00:00:00,NA,NA,NA,NA,NA,NA,NA,NA,NA,NA,NA,NA,NA,NA,NA,NA,NA,NA,NA,NA,NA,NA,NA,NA
2021-01-09 00:00:00,NA,NA,NA,NA,NA,NA,NA,NA,NA,NA,NA,NA,NA,NA,NA,NA,NA,NA,NA,NA,NA,NA,NA,NA
2021-01-10 00:00:00,NA,NA,NA,NA,NA,NA,NA,NA,NA,NA,NA,NA,NA,NA,NA,NA,NA,NA,NA,NA,NA,NA,NA,NA
2021-01-11 00:00:00,NA,NA,NA,NA,NA,NA,NA,NA,NA,NA,NA,NA,NA,NA,NA,NA,NA,NA,NA,NA,NA,NA,NA,NA
2021-01-12 00:00:00,NA,NA,NA,NA,NA,NA,NA,NA,NA,NA,NA,NA,NA,NA,NA,NA,NA,NA,NA,NA,NA,NA,NA,NA
2021-01-13 00:00:00,NA,NA,30.91,61.80,113.01,NA,NA,1.96,24.80,15.71,NA,NA,NA,NA,5.92,NA,NA,NA,NA,NA,NA,NA,NA,NA
2021-01-14 00:00:00,NA,NA,NA,NA,NA,NA,NA,NA,NA,NA,NA,NA,NA,NA,NA,NA,NA,NA,NA,NA,NA,NA,NA,NA
2021-01-15 00:00:00,NA,NA,25.03,54.26,74.77,NA,NA,1.40,48.05,12.78,NA,NA,NA,NA,4.84,NA,NA,NA,NA,NA,NA,NA,NA,NA
2021-01-16 00:00:00,NA,NA,28.76,57.21,85.97,NA,NA,2.42,34.52,13.50,NA,NA,NA,NA,5.10,NA,NA,NA,NA,NA,NA,NA,NA,NA
2021-01-17 00:00:00,NA,NA,27.53,59.00,82.15,NA,5.05,1.88,39.58,13.46,NA,NA,NA,NA,5.09,NA,NA,NA,NA,NA,NA,NA,NA,NA
2021-01-18 00:00:00,NA,NA,30.73,66.19,92.12,NA,4.69,1.74,42.19,16.77,NA,NA,NA,NA,6.31,NA,NA,NA,NA,NA,NA,NA,NA,NA
2021-01-19 00:00:00,NA,NA,23.67,47.52,70.08,NA,4.89,1.84,47.62,16.29,NA,NA,NA,NA,6.14,NA,NA,NA,NA,NA,NA,NA,NA,NA
2021-01-20 00:00:00,NA,NA,18.26,34.93,53.19,NA,4.92,1.60,29.40,13.08,NA,NA,NA,NA,4.95,NA,NA,NA,NA,NA,NA,NA,NA,NA
2021-01-21 00:00:00,NA,NA,18.36,35.23,53.50,NA,4.90,0.93,19.75,9.88,NA,NA,NA,NA,3.76,NA,NA,NA,NA,NA,NA,NA,NA,NA
2021-01-22 00:00:00,NA,NA,26.37,55.37,78.51,NA,4.63,1.06,17.19,10.15,NA,NA,NA,NA,3.86,NA,NA,NA,NA,NA,NA,NA,NA,NA
2021-01-23 00:00:00,NA,NA,22.25,43.41,65.66,NA,4.91,0.98,23.27,14.95,NA,NA,NA,NA,5.64,NA,NA,NA,NA,NA,NA,NA,NA,NA
2021-01-24 00:00:00,NA,NA,23.14,48.01,68.43,NA,5.52,0.64,29.72,12.01,NA,NA,NA,NA,4.55,NA,NA,NA,NA,NA,NA,NA,NA,NA
2021-01-25 00:00:00,NA,NA,21.56,42.20,63.52,NA,5.16,0.80,24.14,13.08,NA,NA,NA,NA,4.95,NA,NA,NA,NA,NA,NA,NA,NA,NA
2021-01-26 00:00:00,NA,NA,19.43,39.00,56.85,NA,5.42,0.58,29.16,10.03,NA,NA,NA,NA,3.82,NA,NA,NA,NA,NA,NA,NA,NA,NA
2021-01-27 00:00:00,NA,NA,24.48,48.14,72.62,NA,5.28,0.70,20.50,13.21,NA,NA,NA,NA,5.00,NA,NA,NA,NA,NA,NA,NA,NA,NA
2021-01-28 00:00:00,NA,NA,21.00,43.58,61.76,NA,4.80,0.67,25.63,14.28,NA,NA,NA,NA,5.39,NA,NA,NA,NA,NA,NA,NA,NA,NA
2021-01-29 00:00:00,NA,NA,26.35,52.10,78.45,NA,4.39,1.82,20.54,13.34,NA,NA,NA,NA,5.04,NA,NA,NA,NA,NA,NA,NA,NA,NA
2021-01-30 00:00:00,NA,NA,22.18,43.72,66.12,NA,4.84,3.15,15.41,14.60,NA,NA,NA,NA,5.51,NA,NA,NA,NA,NA,NA,NA,NA,NA
2021-01-31 00:00:00,NA,NA,27.67,56.89,82.58,NA,4.74,1.54,13.00,11.46,NA,NA,NA,NA,4.35,NA,NA,NA,NA,NA,NA,NA,NA,NA
2021-02-01 00:00:00,NA,NA,NA,NA,NA,NA,NA,NA,NA,NA,NA,NA,NA,NA,NA,NA,NA,NA,NA,NA,NA,NA,NA,NA
2021-02-02 00:00:00,NA,NA,38.42,77.71,116.12,NA,4.76,1.82,15.68,10.94,NA,NA,NA,NA,4.25,NA,NA,NA,NA,NA,NA,NA,NA,NA
2021-02-03 00:00:00,NA,NA,37.61,75.99,113.62,NA,4.76,1.91,11.97,17.62,NA,NA,NA,NA,6.63,NA,NA,NA,NA,NA,NA,NA,NA,NA
2021-02-04 00:00:00,NA,NA,40.47,86.91,122.55,NA,4.73,1.61,13.82,16.91,NA,NA,NA,NA,6.36,NA,NA,NA,NA,NA,NA,NA,NA,NA
2021-02-05 00:00:00,NA,NA,23.84,49.25,70.63,NA,4.77,1.01,22.91,9.34,NA,NA,NA,NA,3.56,NA,NA,NA,NA,NA,NA,NA,NA,NA
2021-02-06 00:00:00,NA,NA,34.12,68.93,102.71,NA,4.36,1.21,15.52,10.34,NA,NA,NA,NA,3.93,NA,NA,NA,NA,NA,NA,NA,NA,NA
2021-02-07 00:00:00,NA,NA,39.11,79.19,118.30,NA,4.82,1.24,15.38,9.32,NA,NA,NA,NA,3.56,NA,NA,NA,NA,NA,NA,NA,NA,NA
2021-02-08 00:00:00,58.55,NA,47.03,97.35,144.03,NA,4.43,1.68,13.19,17.06,NA,NA,NA,NA,6.41,NA,NA,NA,NA,NA,NA,NA,NA,NA
2021-02-09 00:00:00,82.55,135.96,47.09,98.99,144.38,NA,5.02,1.88,12.70,22.50,NA,NA,NA,NA,8.48,NA,NA,NA,NA,NA,NA,NA,NA,NA
2021-02-10 00:00:00,68.54,115.22,37.14,74.51,112.15,NA,4.39,0.81,19.28,15.18,NA,NA,NA,NA,5.76,NA,NA,NA,NA,NA,NA,NA,NA,NA
2021-02-11 00:00:00,54.19,97.04,38.32,81.30,116.32,NA,4.73,1.45,17.27,11.74,NA,NA,NA,NA,4.46,NA,NA,NA,NA,NA,NA,NA,NA,NA
2021-02-12 00:00:00,69.46,113.90,37.08,78.16,112.18,NA,4.78,1.50,22.40,10.89,NA,NA,NA,NA,4.13,NA,NA,NA,NA,NA,NA,NA,NA,NA
2021-02-13 00:00:00,75.27,129.52,32.73,70.33,98.24,NA,4.56,1.43,26.28,10.09,NA,NA,NA,NA,3.84,NA,NA,NA,NA,NA,NA,NA,NA,NA
2021-02-14 00:00:00,63.38,105.46,27.02,55.96,80.54,NA,4.86,1.26,26.09,7.90,NA,NA,NA,NA,3.03,NA,NA,NA,NA,NA,NA,NA,NA,NA
2021-02-15 00:00:00,66.14,112.69,24.63,51.24,73.09,NA,4.65,1.30,28.10,9.34,NA,NA,NA,NA,3.56,NA,NA,NA,NA,NA,NA,NA,NA,NA
2021-02-16 00:00:00,NA,NA,NA,NA,NA,NA,NA,NA,NA,NA,NA,NA,NA,NA,NA,NA,NA,NA,NA,NA,NA,NA,NA,NA
2021-02-17 00:00:00,NA,NA,NA,NA,NA,NA,NA,NA,NA,NA,NA,NA,NA,NA,NA,NA,NA,NA,NA,NA,NA,NA,NA,NA
2021-02-18 00:00:00,57.49,99.97,29.27,58.68,88.13,NA,4.73,1.27,19.96,6.34,NA,NA,NA,NA,2.45,NA,NA,NA,NA,NA,NA,NA,NA,NA
2021-02-19 00:00:00,50.01,89.26,34.57,69.55,104.12,NA,4.72,1.43,14.15,6.33,NA,NA,NA,NA,2.45,NA,NA,NA,NA,NA,NA,NA,NA,NA
2021-02-20 00:00:00,58.58,113.63,35.13,70.73,105.86,NA,4.99,1.41,12.55,7.66,NA,NA,NA,NA,2.94,NA,NA,NA,NA,NA,NA,NA,NA,NA
2021-02-21 00:00:00,NA,NA,NA,NA,NA,NA,NA,NA,NA,NA,NA,NA,NA,NA,NA,NA,NA,NA,NA,NA,NA,NA,NA,NA
2021-02-22 00:00:00,67.22,114.22,42.27,85.89,128.16,NA,4.69,1.52,16.27,15.76,NA,NA,NA,NA,5.94,NA,NA,NA,NA,NA,NA,NA,NA,NA
2021-02-23 00:00:00,61.42,107.83,38.37,77.62,116.00,NA,4.63,1.23,15.13,15.80,NA,NA,NA,NA,5.96,NA,NA,NA,NA,NA,NA,NA,NA,NA
2021-02-24 00:00:00,62.13,108.78,34.29,69.01,103.25,NA,5.07,0.84,20.34,14.90,NA,NA,NA,NA,5.62,NA,NA,NA,NA,NA,NA,NA,NA,NA
2021-02-25 00:00:00,53.94,101.30,24.85,48.92,73.78,NA,5.10,0.62,28.20,11.35,NA,NA,NA,NA,4.31,NA,NA,NA,NA,NA,NA,NA,NA,NA
2021-02-26 00:00:00,36.43,75.73,22.07,43.33,65.55,NA,5.07,0.86,22.69,9.17,NA,NA,NA,NA,3.51,NA,NA,NA,NA,NA,NA,NA,NA,NA
2021-02-27 00:00:00,46.92,90.83,31.00,66.48,92.99,NA,4.75,2.09,20.62,13.27,NA,NA,NA,NA,5.02,NA,NA,NA,NA,NA,NA,NA,NA,NA
2021-02-28 00:00:00,39.81,83.47,28.68,57.37,85.72,NA,5.18,3.21,16.43,15.49,NA,NA,NA,NA,5.84,NA,NA,NA,NA,NA,NA,NA,NA,NA
2021-03-01 00:00:00,54.16,98.91,34.28,72.75,103.20,NA,5.10,2.95,15.87,19.14,NA,NA,NA,NA,7.19,NA,NA,NA,NA,NA,NA,NA,NA,NA
2021-03-02 00:00:00,59.56,97.23,32.65,65.48,98.14,NA,4.55,2.50,15.83,20.35,NA,NA,NA,NA,7.64,NA,NA,NA,NA,NA,NA,NA,NA,NA
2021-03-03 00:00:00,57.32,95.61,36.06,72.66,108.77,NA,4.91,2.54,15.19,22.14,NA,NA,NA,NA,8.27,NA,NA,NA,NA,NA,NA,NA,NA,NA
2021-03-04 00:00:00,64.19,105.09,41.40,83.98,125.44,NA,5.01,2.68,16.94,24.94,NA,NA,NA,NA,9.34,NA,NA,NA,NA,NA,NA,NA,NA,NA
2021-03-05 00:00:00,65.38,107.23,33.81,68.12,101.55,NA,5.30,3.24,20.10,18.64,NA,NA,NA,NA,7.01,NA,NA,NA,NA,NA,NA,NA,NA,NA
2021-03-06 00:00:00,55.73,89.35,21.83,42.44,64.34,NA,5.16,2.65,30.11,14.66,NA,NA,NA,NA,5.53,NA,NA,NA,NA,NA,NA,NA,NA,NA
2021-03-07 00:00:00,56.34,91.72,22.58,47.22,66.68,NA,4.99,2.77,25.66,14.62,NA,NA,NA,NA,5.52,NA,NA,NA,NA,NA,NA,NA,NA,NA
2021-03-08 00:00:00,56.47,93.68,32.94,69.61,99.04,NA,4.96,3.43,16.80,17.57,NA,NA,NA,NA,6.61,NA,NA,NA,NA,NA,NA,NA,NA,NA
2021-03-09 00:00:00,65.73,107.83,31.02,62.06,93.02,NA,4.83,2.16,20.87,20.73,NA,NA,NA,NA,7.78,NA,NA,NA,NA,NA,NA,NA,NA,NA
2021-03-10 00:00:00,58.58,101.40,23.80,46.70,70.51,NA,4.91,3.98,22.73,20.55,NA,NA,NA,NA,7.71,NA,NA,NA,NA,NA,NA,NA,NA,NA
2021-03-11 00:00:00,NA,NA,18.38,34.20,52.75,NA,7.70,1.80,36.49,7.06,NA,NA,NA,NA,2.75,NA,NA,NA,NA,NA,NA,NA,NA,NA
2021-03-12 00:00:00,58.36,88.23,24.00,49.76,71.13,NA,4.77,0.94,23.46,10.40,NA,NA,NA,NA,3.96,NA,NA,NA,NA,NA,NA,NA,NA,NA
2021-03-13 00:00:00,76.32,124.81,35.69,72.23,107.60,NA,5.52,0.55,15.25,19.24,NA,NA,NA,NA,7.23,NA,NA,NA,NA,NA,NA,NA,NA,NA
2021-03-14 00:00:00,62.89,101.58,25.22,49.47,74.91,NA,4.51,1.35,24.44,12.76,NA,NA,NA,NA,4.87,NA,NA,NA,NA,NA,NA,NA,NA,NA
2021-03-15 00:00:00,65.81,107.70,25.89,51.14,77.03,NA,5.61,1.82,26.11,17.42,NA,NA,NA,NA,6.55,NA,NA,NA,NA,NA,NA,NA,NA,NA
2021-03-16 00:00:00,84.51,128.50,35.57,73.41,107.35,NA,4.80,1.90,28.57,12.40,NA,NA,NA,NA,4.70,NA,NA,NA,NA,NA,NA,NA,NA,NA
2021-03-17 00:00:00,75.31,120.91,29.64,59.08,88.72,NA,4.29,1.43,27.48,11.33,NA,NA,NA,NA,4.30,NA,NA,NA,NA,NA,NA,NA,NA,NA
2021-03-18 00:00:00,75.14,119.41,24.56,48.32,72.88,NA,5.25,1.09,31.02,9.18,NA,NA,NA,NA,3.50,NA,NA,NA,NA,NA,NA,NA,NA,NA
2021-03-19 00:00:00,63.38,101.09,24.02,47.06,71.18,NA,4.83,0.97,24.72,5.72,NA,NA,NA,NA,2.23,NA,NA,NA,NA,NA,NA,NA,NA,NA
2021-03-20 00:00:00,68.31,109.21,27.45,58.64,81.90,NA,4.50,1.14,24.98,8.13,NA,NA,NA,NA,3.12,NA,NA,NA,NA,NA,NA,NA,NA,NA
2021-03-21 00:00:00,80.58,135.26,32.24,64.71,96.85,NA,5.22,1.32,18.41,10.42,NA,NA,NA,NA,3.96,NA,NA,NA,NA,NA,NA,NA,NA,NA
2021-03-22 00:00:00,70.52,116.56,32.12,64.45,96.48,NA,4.25,1.76,14.21,17.34,NA,NA,NA,NA,6.52,NA,NA,NA,NA,NA,NA,NA,NA,NA
2021-03-23 00:00:00,72.00,119.86,35.11,70.70,105.81,NA,4.81,1.43,12.27,16.84,NA,NA,NA,NA,6.34,NA,NA,NA,NA,NA,NA,NA,NA,NA
2021-03-24 00:00:00,109.39,168.30,31.06,62.11,92.57,NA,5.02,1.13,16.38,16.43,NA,NA,NA,NA,6.19,NA,NA,NA,NA,NA,NA,NA,NA,NA
2021-03-25 00:00:00,82.30,130.03,30.87,65.82,92.58,NA,4.43,1.05,15.85,12.76,NA,NA,NA,NA,4.83,NA,NA,NA,NA,NA,NA,NA,NA,NA
2021-03-26 00:00:00,75.78,123.35,38.45,77.94,116.24,NA,4.85,1.26,15.37,19.17,NA,NA,NA,NA,7.21,NA,NA,NA,NA,NA,NA,NA,NA,NA
2021-03-27 00:00:00,76.01,134.18,36.26,73.19,109.41,NA,4.72,1.63,19.06,20.81,NA,NA,NA,NA,7.81,NA,NA,NA,NA,NA,NA,NA,NA,NA
2021-03-28 00:00:00,69.98,115.23,21.12,41.22,62.14,NA,4.80,1.11,24.85,10.47,NA,NA,NA,NA,3.96,NA,NA,NA,NA,NA,NA,NA,NA,NA
2021-03-29 00:00:00,63.75,103.48,14.88,27.77,42.65,NA,4.74,1.16,27.22,7.05,NA,NA,NA,NA,2.72,NA,NA,NA,NA,NA,NA,NA,NA,NA
2021-03-30 00:00:00,56.78,94.19,16.29,31.01,47.05,NA,4.96,1.08,26.25,5.83,NA,NA,NA,NA,2.27,NA,NA,NA,NA,NA,NA,NA,NA,NA
2021-03-31 00:00:00,51.86,83.62,18.59,35.70,54.23,NA,4.83,0.89,23.62,6.23,NA,NA,NA,NA,2.41,NA,NA,NA,NA,NA,NA,NA,NA,NA
2021-04-01 00:00:00,58.22,92.70,15.25,28.55,43.80,NA,4.55,0.73,21.92,4.01,NA,NA,NA,NA,1.59,NA,NA,NA,NA,NA,NA,NA,NA,NA
2021-04-02 00:00:00,70.80,113.11,15.86,29.96,45.72,NA,5.02,0.72,19.53,3.25,NA,NA,NA,NA,1.31,NA,NA,NA,NA,NA,NA,NA,NA,NA
2021-04-03 00:00:00,74.27,118.29,11.07,18.98,30.75,NA,4.39,0.95,20.33,3.35,NA,NA,NA,NA,1.35,NA,NA,NA,NA,NA,NA,NA,NA,NA
2021-04-04 00:00:00,57.54,93.18,9.77,16.78,26.90,NA,4.83,1.09,24.66,2.63,NA,NA,NA,NA,1.09,NA,NA,NA,NA,NA,NA,NA,NA,NA
2021-04-05 00:00:00,63.73,98.72,15.75,30.37,45.36,NA,4.82,1.34,24.46,6.56,NA,NA,NA,NA,2.54,NA,NA,NA,NA,NA,NA,NA,NA,NA
2021-04-06 00:00:00,78.88,119.52,24.79,48.92,73.75,NA,4.98,1.32,27.59,8.42,NA,NA,NA,NA,3.22,NA,NA,NA,NA,NA,NA,NA,NA,NA
2021-04-07 00:00:00,63.24,106.26,19.62,37.82,57.44,NA,4.94,1.04,29.18,7.07,NA,NA,NA,NA,2.73,NA,NA,NA,NA,NA,NA,NA,NA,NA
2021-04-08 00:00:00,58.22,99.84,18.71,35.89,54.60,NA,4.17,1.10,23.00,8.55,NA,NA,NA,NA,3.27,NA,NA,NA,NA,NA,NA,NA,NA,NA
2021-04-09 00:00:00,60.96,97.66,16.92,32.10,49.02,NA,5.15,1.11,23.30,5.97,NA,NA,NA,NA,2.32,NA,NA,NA,NA,NA,NA,NA,NA,NA
2021-04-10 00:00:00,62.54,105.68,14.75,27.69,42.44,NA,4.01,0.96,25.20,4.38,NA,NA,NA,NA,1.73,NA,NA,NA,NA,NA,NA,NA,NA,NA
2021-04-11 00:00:00,56.49,103.15,11.41,19.63,31.80,NA,5.04,1.09,17.06,6.14,NA,NA,NA,NA,2.38,NA,NA,NA,NA,NA,NA,NA,NA,NA
2021-04-12 00:00:00,64.14,106.34,22.02,46.08,64.92,NA,4.29,1.12,21.11,8.37,NA,NA,NA,NA,3.21,NA,NA,NA,NA,NA,NA,NA,NA,NA
2021-04-13 00:00:00,65.34,99.80,20.44,39.57,60.02,NA,4.87,1.08,18.02,7.56,NA,NA,NA,NA,2.90,NA,NA,NA,NA,NA,NA,NA,NA,NA
2021-04-14 00:00:00,56.89,100.33,20.72,40.39,60.86,NA,4.59,0.92,20.51,5.23,NA,NA,NA,NA,2.03,NA,NA,NA,NA,NA,NA,NA,NA,NA
2021-04-15 00:00:00,37.51,68.35,11.62,20.54,32.47,NA,4.76,1.11,21.54,4.05,NA,NA,NA,NA,1.61,NA,NA,NA,NA,NA,NA,NA,NA,NA
2021-04-16 00:00:00,48.21,78.22,11.78,21.18,32.96,NA,4.67,1.06,23.36,3.63,NA,NA,NA,NA,1.45,NA,NA,NA,NA,NA,NA,NA,NA,NA
2021-04-17 00:00:00,55.19,86.65,11.63,20.87,32.50,NA,4.48,0.92,24.79,3.80,NA,NA,NA,NA,1.52,NA,NA,NA,NA,NA,NA,NA,NA,NA
2021-04-18 00:00:00,33.98,79.11,9.60,16.57,26.18,NA,4.81,0.90,22.59,3.51,NA,NA,NA,NA,1.41,NA,NA,NA,NA,NA,NA,NA,NA,NA
2021-04-19 00:00:00,37.37,80.32,11.90,20.49,33.34,NA,4.35,0.82,23.20,3.12,NA,NA,NA,NA,1.26,NA,NA,NA,NA,NA,NA,NA,NA,NA
2021-04-20 00:00:00,33.84,81.18,9.64,15.37,26.28,NA,5.09,0.78,21.57,2.57,NA,NA,NA,NA,1.06,NA,NA,NA,NA,NA,NA,NA,NA,NA
2021-04-21 00:00:00,42.09,62.76,10.05,17.49,27.53,NA,4.53,0.76,20.04,2.45,NA,NA,NA,NA,1.02,NA,NA,NA,NA,NA,NA,NA,NA,NA
2021-04-22 00:00:00,50.58,82.50,12.64,23.35,36.14,NA,4.75,0.86,20.32,4.03,NA,NA,NA,NA,1.60,NA,NA,NA,NA,NA,NA,NA,NA,NA
2021-04-23 00:00:00,46.89,76.12,11.93,20.41,33.45,NA,4.49,0.70,25.43,3.36,NA,NA,NA,NA,1.35,NA,NA,NA,NA,NA,NA,NA,NA,NA
2021-04-24 00:00:00,48.56,70.00,11.13,19.68,30.94,NA,4.53,0.52,27.80,3.34,NA,NA,NA,NA,1.35,NA,NA,NA,NA,NA,NA,NA,NA,NA
2021-04-25 00:00:00,47.05,72.65,10.15,17.73,27.88,NA,4.85,0.64,25.59,3.39,NA,NA,NA,NA,1.36,NA,NA,NA,NA,NA,NA,NA,NA,NA
2021-04-26 00:00:00,63.06,93.83,13.19,24.17,37.36,NA,4.56,0.85,25.18,4.36,NA,NA,NA,NA,1.72,NA,NA,NA,NA,NA,NA,NA,NA,NA
2021-04-27 00:00:00,58.67,92.42,15.62,29.23,44.95,NA,4.70,1.05,19.89,4.94,NA,NA,NA,NA,1.93,NA,NA,NA,NA,NA,NA,NA,NA,NA
2021-04-28 00:00:00,44.34,78.12,13.32,24.45,37.77,NA,4.71,0.94,24.51,3.85,NA,NA,NA,NA,1.53,NA,NA,NA,NA,NA,NA,NA,NA,NA
2021-04-29 00:00:00,57.02,83.62,12.34,22.42,34.78,NA,4.75,1.05,21.08,4.50,NA,NA,NA,NA,1.77,NA,NA,NA,NA,NA,NA,NA,NA,NA
2021-04-30 00:00:00,43.36,65.06,14.67,27.32,41.99,NA,4.86,1.00,26.03,3.20,NA,NA,NA,NA,1.29,NA,NA,NA,NA,NA,NA,NA,NA,NA
2021-05-01 00:00:00,38.26,62.25,13.60,25.05,38.65,NA,4.50,0.98,25.62,4.53,NA,NA,NA,NA,1.79,NA,NA,NA,NA,NA,NA,NA,NA,NA
2021-05-02 00:00:00,52.79,81.43,10.98,19.49,30.48,NA,4.71,1.05,16.95,6.38,NA,NA,NA,NA,2.47,NA,NA,NA,NA,NA,NA,NA,NA,NA
2021-05-03 00:00:00,45.77,76.44,13.41,24.72,38.17,NA,5.19,1.16,16.62,4.45,NA,NA,NA,NA,1.75,NA,NA,NA,NA,NA,NA,NA,NA,NA
2021-05-04 00:00:00,39.45,82.07,13.41,24.64,38.05,NA,4.60,1.14,18.03,5.40,NA,NA,NA,NA,2.11,NA,NA,NA,NA,NA,NA,NA,NA,NA
2021-05-05 00:00:00,44.72,71.87,11.28,19.08,31.40,NA,5.04,1.05,19.72,3.97,NA,NA,NA,NA,1.58,NA,NA,NA,NA,NA,NA,NA,NA,NA
2021-05-06 00:00:00,33.96,63.22,9.61,15.28,26.38,NA,4.69,1.02,17.46,3.71,NA,NA,NA,NA,1.49,NA,NA,NA,NA,NA,NA,NA,NA,NA
2021-05-07 00:00:00,31.99,63.94,11.49,20.52,32.08,NA,5.08,0.94,17.39,3.90,NA,NA,NA,NA,1.55,NA,NA,NA,NA,NA,NA,NA,NA,NA
2021-05-08 00:00:00,34.61,67.21,8.59,12.83,23.00,NA,5.00,0.89,17.89,3.05,NA,NA,NA,NA,1.23,NA,NA,NA,NA,NA,NA,NA,NA,NA
2021-05-09 00:00:00,28.83,57.91,6.62,8.11,16.86,NA,4.58,0.83,16.46,2.39,NA,NA,NA,NA,0.99,NA,NA,NA,NA,NA,NA,NA,NA,NA
2021-05-10 00:00:00,28.29,56.45,7.80,12.70,20.56,NA,4.78,0.90,17.22,2.47,NA,NA,NA,NA,1.02,NA,NA,NA,NA,NA,NA,NA,NA,NA
2021-05-11 00:00:00,25.52,52.14,9.40,14.88,25.78,NA,4.79,1.13,18.21,2.59,NA,NA,NA,NA,1.07,NA,NA,NA,NA,NA,NA,NA,NA,NA
2021-05-12 00:00:00,29.21,53.40,7.07,9.22,18.28,NA,4.86,1.04,15.06,2.42,NA,NA,NA,NA,1.01,NA,NA,NA,NA,NA,NA,NA,NA,NA
2021-05-13 00:00:00,20.48,41.71,6.96,10.97,17.93,NA,4.56,1.03,15.57,1.66,NA,NA,NA,NA,0.72,NA,NA,NA,NA,NA,NA,NA,NA,NA
2021-05-14 00:00:00,34.50,58.97,8.86,13.60,23.85,NA,4.96,1.12,17.37,3.67,NA,NA,NA,NA,1.47,NA,NA,NA,NA,NA,NA,NA,NA,NA
2021-05-15 00:00:00,34.44,57.92,11.36,20.49,31.75,NA,4.70,1.11,15.86,2.88,NA,NA,NA,NA,1.18,NA,NA,NA,NA,NA,NA,NA,NA,NA
2021-05-16 00:00:00,22.12,33.08,7.33,11.74,19.07,NA,4.45,1.00,13.45,1.45,NA,NA,NA,NA,0.65,NA,NA,NA,NA,NA,NA,NA,NA,NA
2021-05-17 00:00:00,21.74,46.61,9.49,14.78,25.73,NA,5.21,1.20,11.82,4.06,NA,NA,NA,NA,1.61,NA,NA,NA,NA,NA,NA,NA,NA,NA
2021-05-18 00:00:00,26.42,63.36,7.76,12.66,20.42,NA,4.24,1.04,11.82,2.79,NA,NA,NA,NA,1.14,NA,NA,NA,NA,NA,NA,NA,NA,NA
2021-05-19 00:00:00,22.38,47.54,6.57,10.14,16.72,NA,4.78,1.04,12.55,1.83,NA,NA,NA,NA,0.79,NA,NA,NA,NA,NA,NA,NA,NA,NA
2021-05-20 00:00:00,44.40,98.01,7.13,9.18,18.45,NA,4.68,1.09,14.60,2.19,NA,NA,NA,NA,0.92,NA,NA,NA,NA,NA,NA,NA,NA,NA
2021-05-21 00:00:00,52.43,85.05,7.90,12.89,20.85,NA,4.85,1.17,13.22,2.41,NA,NA,NA,NA,1.00,NA,NA,NA,NA,NA,NA,NA,NA,NA
2021-05-22 00:00:00,48.80,68.65,6.30,7.02,15.90,NA,4.79,1.13,14.22,1.60,NA,NA,NA,NA,0.70,NA,NA,NA,NA,NA,NA,NA,NA,NA
2021-05-23 00:00:00,35.26,55.37,6.32,9.69,15.93,NA,4.70,0.95,14.70,1.70,NA,NA,NA,NA,0.74,NA,NA,NA,NA,NA,NA,NA,NA,NA
2021-05-24 00:00:00,36.90,59.03,7.92,12.96,20.91,NA,4.80,1.35,13.06,2.40,NA,NA,NA,NA,0.99,NA,NA,NA,NA,NA,NA,NA,NA,NA
2021-05-25 00:00:00,42.73,59.00,7.92,12.92,20.91,NA,4.93,1.45,12.94,2.25,NA,NA,NA,NA,0.94,NA,NA,NA,NA,NA,NA,NA,NA,NA
2021-05-26 00:00:00,37.69,58.73,7.10,9.22,18.37,NA,4.83,1.24,12.81,1.60,NA,NA,NA,NA,0.70,NA,NA,NA,NA,NA,NA,NA,NA,NA
2021-05-27 00:00:00,36.29,52.23,6.23,6.96,15.63,NA,5.00,1.13,11.95,1.22,NA,NA,NA,NA,0.56,NA,NA,NA,NA,NA,NA,NA,NA,NA
2021-05-28 00:00:00,29.85,45.95,6.50,7.87,16.49,NA,4.69,1.08,12.08,1.33,NA,NA,NA,NA,0.60,NA,NA,NA,NA,NA,NA,NA,NA,NA
2021-05-29 00:00:00,29.70,47.27,7.04,11.13,18.17,NA,4.74,1.07,12.15,1.38,NA,NA,NA,NA,0.62,NA,NA,NA,NA,NA,NA,NA,NA,NA
2021-05-30 00:00:00,29.57,43.51,6.57,8.02,16.71,NA,4.62,1.14,12.80,1.52,NA,NA,NA,NA,0.67,NA,NA,NA,NA,NA,NA,NA,NA,NA
2021-05-31 00:00:00,27.60,43.56,7.39,9.90,19.36,NA,4.97,1.57,12.25,2.54,NA,NA,NA,NA,1.05,NA,NA,NA,NA,NA,NA,NA,NA,NA
2021-06-01 00:00:00,37.05,55.12,6.35,9.59,16.03,NA,4.51,1.59,11.97,2.61,NA,NA,NA,NA,1.08,NA,NA,NA,NA,NA,NA,NA,NA,NA
2021-06-02 00:00:00,39.27,54.24,7.14,11.31,18.48,NA,4.73,2.50,11.88,3.40,NA,NA,NA,NA,1.36,NA,NA,NA,NA,NA,NA,NA,NA,NA
2021-06-03 00:00:00,38.74,65.20,9.42,16.09,25.60,NA,4.89,2.94,13.56,3.95,NA,NA,NA,NA,1.57,NA,NA,NA,NA,NA,NA,NA,NA,NA
2021-06-04 00:00:00,35.09,51.56,9.23,15.78,25.01,NA,4.67,1.44,12.68,3.41,NA,NA,NA,NA,1.37,NA,NA,NA,NA,NA,NA,NA,NA,NA
2021-06-05 00:00:00,36.60,49.53,8.42,14.05,22.47,NA,4.84,1.44,12.42,3.51,NA,NA,NA,NA,1.41,NA,NA,NA,NA,NA,NA,NA,NA,NA
2021-06-06 00:00:00,43.87,58.82,6.67,10.38,17.07,NA,4.59,1.74,12.66,1.53,NA,NA,NA,NA,0.68,NA,NA,NA,NA,NA,NA,NA,NA,NA
2021-06-07 00:00:00,40.69,54.86,4.56,7.12,11.92,NA,4.76,2.18,10.99,1.54,NA,NA,NA,NA,0.68,NA,NA,NA,NA,NA,NA,NA,NA,NA
2021-06-08 00:00:00,46.91,62.50,2.87,5.57,8.36,NA,4.82,1.06,11.71,1.61,NA,NA,NA,NA,0.70,NA,NA,NA,NA,NA,NA,NA,NA,NA
2021-06-09 00:00:00,75.20,97.92,0.42,0.76,0.90,NA,3.88,1.26,19.05,2.04,NA,NA,NA,NA,0.86,NA,NA,NA,NA,NA,NA,NA,NA,NA
2021-06-10 00:00:00,49.66,65.88,0.41,0.48,0.89,NA,4.14,1.24,19.14,1.43,NA,NA,NA,NA,0.64,NA,NA,NA,NA,NA,NA,NA,NA,NA
2021-06-11 00:00:00,50.96,67.47,4.39,12.79,11.76,NA,4.16,1.56,11.17,0.95,NA,NA,NA,NA,0.46,NA,NA,NA,NA,NA,NA,NA,NA,NA
2021-06-12 00:00:00,54.79,73.34,7.68,10.69,20.17,NA,5.94,1.39,4.86,0.49,NA,NA,NA,NA,0.29,NA,NA,NA,NA,NA,NA,NA,NA,NA
2021-06-13 00:00:00,54.70,72.45,6.84,10.70,17.53,NA,4.64,1.26,5.40,0.49,NA,NA,NA,NA,0.29,NA,NA,NA,NA,NA,NA,NA,NA,NA
2021-06-14 00:00:00,56.35,77.69,7.95,13.06,21.01,NA,6.50,1.38,4.97,0.49,NA,NA,NA,NA,0.29,NA,NA,NA,NA,NA,NA,NA,NA,NA
2021-06-15 00:00:00,42.13,59.03,8.63,12.70,23.11,NA,4.85,1.40,4.80,0.49,NA,NA,NA,NA,0.29,NA,NA,NA,NA,NA,NA,NA,NA,NA
2021-06-16 00:00:00,76.06,100.16,9.75,16.89,26.64,NA,3.89,1.46,4.64,0.49,NA,NA,NA,NA,0.29,NA,NA,NA,NA,NA,NA,NA,NA,NA
2021-06-17 00:00:00,114.72,150.52,10.05,17.55,27.61,NA,4.72,1.55,4.14,0.49,NA,NA,NA,NA,0.29,NA,NA,NA,NA,NA,NA,NA,NA,NA
2021-06-18 00:00:00,75.20,98.91,10.45,18.35,28.72,NA,4.36,4.86,3.86,0.49,NA,NA,NA,NA,0.29,NA,NA,NA,NA,NA,NA,NA,NA,NA
2021-06-19 00:00:00,34.72,126.34,9.92,17.25,27.18,NA,3.31,1.40,4.76,0.49,NA,NA,NA,NA,0.29,NA,NA,NA,NA,NA,NA,NA,NA,NA
2021-06-20 00:00:00,12.60,55.86,8.09,11.21,21.34,NA,4.59,NA,4.10,0.49,NA,NA,NA,NA,0.29,NA,NA,NA,NA,NA,NA,NA,NA,NA
2021-06-21 00:00:00,16.87,123.28,8.30,12.25,22.11,NA,4.02,1.38,4.29,0.49,NA,NA,NA,NA,0.29,NA,NA,NA,NA,NA,NA,NA,NA,NA
2021-06-22 00:00:00,9.97,39.83,8.09,13.38,21.48,NA,4.78,1.51,4.80,0.49,NA,NA,NA,NA,0.29,NA,NA,NA,NA,NA,NA,NA,NA,NA
2021-06-23 00:00:00,7.37,22.00,8.05,13.28,21.34,NA,7.06,1.01,4.27,0.49,NA,NA,NA,NA,0.29,NA,NA,NA,NA,NA,NA,NA,NA,NA
2021-06-24 00:00:00,7.14,12.61,8.64,14.48,23.16,NA,4.52,0.87,4.03,0.49,NA,NA,NA,NA,0.29,NA,NA,NA,NA,NA,NA,NA,NA,NA
2021-06-25 00:00:00,7.14,12.55,8.72,13.16,23.41,NA,5.60,1.05,4.17,0.49,NA,NA,NA,NA,0.29,NA,NA,NA,NA,NA,NA,NA,NA,NA
2021-06-26 00:00:00,7.15,12.56,7.84,12.82,20.66,NA,4.69,0.89,4.53,0.49,NA,NA,NA,NA,0.29,NA,NA,NA,NA,NA,NA,NA,NA,NA
2021-06-27 00:00:00,7.14,12.55,8.21,11.85,21.83,NA,4.31,0.95,4.30,0.49,NA,NA,NA,NA,0.29,NA,NA,NA,NA,NA,NA,NA,NA,NA
2021-06-28 00:00:00,19.01,31.50,8.39,13.90,22.38,NA,5.93,0.90,4.28,0.49,NA,NA,NA,NA,0.29,NA,NA,NA,NA,NA,NA,NA,NA,NA
2021-06-29 00:00:00,52.46,70.65,8.28,13.77,21.99,NA,4.20,0.76,5.10,0.49,NA,NA,NA,NA,0.29,NA,NA,NA,NA,NA,NA,NA,NA,NA
2021-06-30 00:00:00,36.10,49.64,8.00,11.21,21.17,NA,4.47,0.85,4.58,0.49,NA,NA,NA,NA,0.29,NA,NA,NA,NA,NA,NA,NA,NA,NA
2021-07-01 00:00:00,NA,NA,NA,NA,NA,NA,NA,NA,NA,NA,NA,NA,NA,NA,NA,NA,NA,NA,NA,NA,NA,NA,NA,NA
2021-07-02 00:00:00,18.19,67.36,7.92,12.99,20.91,NA,2.97,0.85,4.68,0.49,NA,NA,NA,NA,0.29,NA,NA,NA,NA,NA,NA,NA,NA,NA
2021-07-03 00:00:00,16.89,72.52,7.11,11.30,18.57,NA,4.49,1.02,4.87,0.49,NA,NA,NA,NA,0.29,NA,NA,NA,NA,NA,NA,NA,NA,NA
2021-07-04 00:00:00,36.61,79.00,6.92,8.74,17.80,NA,4.94,1.25,4.80,0.49,NA,NA,NA,NA,0.29,NA,NA,NA,NA,NA,NA,NA,NA,NA
2021-07-05 00:00:00,33.21,102.99,10.03,16.64,27.57,NA,5.54,1.32,5.16,0.49,NA,NA,NA,NA,0.29,NA,NA,NA,NA,NA,NA,NA,NA,NA
2021-07-06 00:00:00,87.78,201.51,10.94,19.70,30.36,NA,5.38,1.39,5.75,0.49,NA,NA,NA,NA,0.29,NA,NA,NA,NA,NA,NA,NA,NA,NA
2021-07-07 00:00:00,78.40,126.57,9.59,15.60,26.19,NA,4.11,1.33,4.31,0.49,NA,NA,NA,NA,0.29,NA,NA,NA,NA,NA,NA,NA,NA,NA
2021-07-08 00:00:00,48.27,85.61,7.87,11.04,20.75,NA,5.04,NA,4.15,0.49,NA,NA,NA,NA,0.29,NA,NA,NA,NA,NA,NA,NA,NA,NA
2021-07-09 00:00:00,43.64,72.25,7.90,11.89,20.86,NA,4.81,1.27,5.28,2.28,NA,NA,NA,NA,0.95,NA,NA,NA,NA,NA,NA,NA,NA,NA
2021-07-10 00:00:00,34.23,56.29,7.30,11.68,18.98,NA,171.10,0.94,2.77,2.09,NA,NA,NA,NA,0.88,NA,NA,NA,NA,NA,NA,NA,NA,NA
2021-07-11 00:00:00,37.67,61.68,7.49,12.08,19.56,NA,174.09,0.95,2.65,1.26,NA,NA,NA,NA,0.57,NA,NA,NA,NA,NA,NA,NA,NA,NA
2021-07-12 00:00:00,32.21,49.14,8.40,199.97,22.42,NA,174.96,2.77,11.80,3.05,NA,NA,NA,NA,1.24,NA,NA,NA,NA,NA,NA,NA,NA,NA
2021-07-13 00:00:00,36.79,50.23,8.73,16.59,23.45,NA,166.58,0.90,2.14,2.88,NA,NA,NA,NA,1.17,NA,NA,NA,NA,NA,NA,NA,NA,NA
2021-07-14 00:00:00,34.84,48.03,9.27,16.15,25.12,NA,105.95,1.03,2.54,2.47,NA,NA,NA,NA,1.02,NA,NA,NA,NA,NA,NA,NA,NA,NA
2021-07-15 00:00:00,38.88,53.33,8.56,14.36,22.92,NA,5.09,0.94,11.53,1.79,NA,NA,NA,NA,0.77,NA,NA,NA,NA,NA,NA,NA,NA,NA
2021-07-16 00:00:00,41.25,56.61,8.40,12.53,22.41,NA,25.44,1.67,11.45,1.80,NA,NA,NA,NA,0.77,NA,NA,NA,NA,NA,NA,NA,NA,NA
2021-07-17 00:00:00,43.16,58.87,8.59,28.22,23.01,NA,25.42,2.82,3.97,1.54,NA,NA,NA,NA,0.68,NA,NA,NA,NA,NA,NA,NA,NA,NA
2021-07-18 00:00:00,43.42,70.19,7.42,9.89,19.37,NA,89.84,2.72,11.82,1.15,NA,NA,NA,NA,0.53,NA,NA,NA,NA,NA,NA,NA,NA,NA
2021-07-19 00:00:00,11.35,98.39,8.34,15.95,22.24,NA,171.11,1.73,14.25,2.72,NA,NA,NA,NA,1.11,NA,NA,NA,NA,NA,NA,NA,NA,NA
2021-07-20 00:00:00,23.42,75.67,8.01,13.16,21.20,NA,111.85,0.95,2.90,1.93,NA,NA,NA,NA,0.82,NA,NA,NA,NA,NA,NA,NA,NA,NA
2021-07-21 00:00:00,35.36,52.81,7.72,12.58,20.30,NA,63.31,0.99,2.57,1.66,NA,NA,NA,NA,0.72,NA,NA,NA,NA,NA,NA,NA,NA,NA
2021-07-22 00:00:00,11.82,77.60,10.27,17.05,28.26,NA,5.83,0.91,17.54,3.87,NA,NA,NA,NA,1.54,NA,NA,NA,NA,NA,NA,NA,NA,NA
2021-07-23 00:00:00,11.73,112.83,10.39,18.37,28.63,NA,5.15,1.03,1.83,3.02,NA,NA,NA,NA,1.22,NA,NA,NA,NA,NA,NA,NA,NA,NA
2021-07-24 00:00:00,10.06,88.70,7.77,13.07,20.48,NA,26.15,1.56,3.81,1.44,NA,NA,NA,NA,0.64,NA,NA,NA,NA,NA,NA,NA,NA,NA
2021-07-25 00:00:00,10.89,140.24,7.25,11.56,18.84,NA,28.21,0.90,16.84,1.51,NA,NA,NA,NA,0.67,NA,NA,NA,NA,NA,NA,NA,NA,NA
2021-07-26 00:00:00,9.31,73.10,8.00,30.47,21.18,NA,26.55,2.68,3.65,2.31,NA,NA,NA,NA,0.96,NA,NA,NA,NA,NA,NA,NA,NA,NA
2021-07-27 00:00:00,27.34,82.23,8.15,13.49,21.64,NA,6.36,1.03,16.48,2.84,NA,NA,NA,NA,1.16,NA,NA,NA,NA,NA,NA,NA,NA,NA
2021-07-28 00:00:00,45.20,65.40,8.45,14.13,22.58,NA,27.83,1.65,15.87,2.34,NA,NA,NA,NA,0.97,NA,NA,NA,NA,NA,NA,NA,NA,NA
2021-07-29 00:00:00,48.60,71.41,8.00,13.15,21.17,NA,26.34,0.97,2.01,2.00,NA,NA,NA,NA,0.86,NA,NA,NA,NA,NA,NA,NA,NA,NA
2021-07-30 00:00:00,48.59,72.13,7.74,12.60,20.34,NA,26.64,1.04,15.65,1.51,NA,NA,NA,NA,0.65,NA,NA,NA,NA,NA,NA,NA,NA,NA
2021-07-31 00:00:00,45.52,67.32,7.05,9.34,18.22,NA,13.12,2.72,15.28,1.08,NA,NA,NA,NA,0.51,NA,NA,NA,NA,NA,NA,NA,NA,NA
2021-08-01 00:00:00,47.02,69.66,6.67,10.24,17.00,NA,25.63,2.64,3.55,0.94,NA,NA,NA,NA,0.45,NA,NA,NA,NA,NA,NA,NA,NA,NA
2021-08-02 00:00:00,49.56,73.65,7.68,12.48,20.15,NA,10.04,0.99,15.84,1.44,NA,NA,NA,NA,0.64,NA,NA,NA,NA,NA,NA,NA,NA,NA
2021-08-03 00:00:00,51.18,76.19,7.29,11.66,18.94,NA,26.48,0.98,2.93,1.48,NA,NA,NA,NA,0.65,NA,NA,NA,NA,NA,NA,NA,NA,NA
2021-08-04 00:00:00,46.98,69.59,7.13,11.48,18.46,NA,25.62,2.67,3.77,1.24,NA,NA,NA,NA,0.57,NA,NA,NA,NA,NA,NA,NA,NA,NA
2021-08-05 00:00:00,46.88,69.43,7.14,29.43,18.49,NA,26.20,1.07,3.38,1.14,NA,NA,NA,NA,0.53,NA,NA,NA,NA,NA,NA,NA,NA,NA
2021-08-06 00:00:00,44.67,65.97,7.44,11.98,19.36,NA,25.96,2.74,4.12,1.01,NA,NA,NA,NA,0.48,NA,NA,NA,NA,NA,NA,NA,NA,NA
2021-08-07 00:00:00,46.81,69.33,7.49,12.08,19.57,NA,26.06,2.75,2.75,1.22,NA,NA,NA,NA,0.56,NA,NA,NA,NA,NA,NA,NA,NA,NA
2021-08-08 00:00:00,41.40,60.84,6.42,9.78,16.23,NA,26.04,2.76,3.23,0.96,NA,NA,NA,NA,0.46,NA,NA,NA,NA,NA,NA,NA,NA,NA
2021-08-09 00:00:00,41.31,60.70,7.63,12.39,20.02,NA,25.87,1.62,15.94,1.09,NA,NA,NA,NA,0.51,NA,NA,NA,NA,NA,NA,NA,NA,NA
2021-08-10 00:00:00,40.88,60.03,7.80,13.66,20.54,NA,25.59,1.05,15.35,1.36,NA,NA,NA,NA,0.61,NA,NA,NA,NA,NA,NA,NA,NA,NA
2021-08-11 00:00:00,36.88,53.74,7.67,30.12,20.14,NA,26.23,2.74,3.27,1.32,NA,NA,NA,NA,0.59,NA,NA,NA,NA,NA,NA,NA,NA,NA
2021-08-12 00:00:00,42.78,63.01,7.67,12.47,20.15,NA,28.62,1.01,15.65,2.07,NA,NA,NA,NA,0.87,NA,NA,NA,NA,NA,NA,NA,NA,NA
2021-08-13 00:00:00,41.76,61.40,6.74,11.67,17.39,NA,58.41,2.52,2.58,1.58,NA,NA,NA,NA,0.69,NA,NA,NA,NA,NA,NA,NA,NA,NA
2021-08-14 00:00:00,40.95,60.14,7.73,82.48,20.36,NA,71.99,0.98,2.58,1.44,NA,NA,NA,NA,0.64,NA,NA,NA,NA,NA,NA,NA,NA,NA
2021-08-15 00:00:00,43.14,63.56,7.22,11.52,18.75,NA,86.53,2.64,2.22,1.17,NA,NA,NA,NA,0.54,NA,NA,NA,NA,NA,NA,NA,NA,NA
2021-08-16 00:00:00,43.82,64.64,7.69,12.43,20.20,NA,66.21,2.69,2.67,1.94,NA,NA,NA,NA,0.83,NA,NA,NA,NA,NA,NA,NA,NA,NA
2021-08-17 00:00:00,42.32,62.29,7.65,12.42,20.07,NA,127.86,1.03,1.59,2.26,NA,NA,NA,NA,0.95,NA,NA,NA,NA,NA,NA,NA,NA,NA
2021-08-18 00:00:00,37.81,55.20,7.03,10.98,18.14,NA,82.13,2.58,2.27,1.97,NA,NA,NA,NA,0.84,NA,NA,NA,NA,NA,NA,NA,NA,NA
2021-08-19 00:00:00,34.88,50.61,7.39,103.49,19.28,NA,4.94,2.63,14.76,1.40,NA,NA,NA,NA,0.63,NA,NA,NA,NA,NA,NA,NA,NA,NA
2021-08-20 00:00:00,36.45,53.06,7.95,12.97,21.00,NA,26.41,2.63,2.14,1.68,NA,NA,NA,NA,0.73,NA,NA,NA,NA,NA,NA,NA,NA,NA
2021-08-21 00:00:00,36.03,52.41,7.85,33.47,20.72,NA,8.31,2.59,2.49,1.69,NA,NA,NA,NA,0.74,NA,NA,NA,NA,NA,NA,NA,NA,NA
2021-08-22 00:00:00,31.79,45.75,7.67,76.69,20.19,NA,67.00,2.70,3.11,1.55,NA,NA,NA,NA,0.68,NA,NA,NA,NA,NA,NA,NA,NA,NA
2021-08-23 00:00:00,27.38,38.83,6.67,11.45,17.08,NA,66.71,1.01,15.25,1.37,NA,NA,NA,NA,0.61,NA,NA,NA,NA,NA,NA,NA,NA,NA
2021-08-24 00:00:00,27.44,38.92,6.62,10.24,16.81,NA,66.76,0.89,3.54,1.23,NA,NA,NA,NA,0.57,NA,NA,NA,NA,NA,NA,NA,NA,NA
2021-08-25 00:00:00,32.95,47.57,6.14,8.98,15.38,NA,8.93,1.05,15.50,1.10,NA,NA,NA,NA,0.51,NA,NA,NA,NA,NA,NA,NA,NA,NA
2021-08-26 00:00:00,38.56,56.37,6.93,153.94,17.83,NA,134.83,2.72,14.80,1.60,NA,NA,NA,NA,0.70,NA,NA,NA,NA,NA,NA,NA,NA,NA
2021-08-27 00:00:00,39.98,58.61,9.17,188.42,24.82,NA,4.59,0.93,15.30,3.79,NA,NA,NA,NA,1.51,NA,NA,NA,NA,NA,NA,NA,NA,NA
2021-08-28 00:00:00,39.42,57.74,8.13,11.77,21.57,NA,4.89,1.05,15.99,1.77,NA,NA,NA,NA,0.76,NA,NA,NA,NA,NA,NA,NA,NA,NA
2021-08-29 00:00:00,38.91,56.93,8.06,13.30,21.36,NA,70.19,1.04,16.02,1.18,NA,NA,NA,NA,0.54,NA,NA,NA,NA,NA,NA,NA,NA,NA
2021-08-30 00:00:00,41.02,60.24,9.16,15.63,24.80,NA,178.79,1.20,15.69,1.73,NA,NA,NA,NA,0.75,NA,NA,NA,NA,NA,NA,NA,NA,NA
2021-08-31 00:00:00,49.16,73.01,8.53,205.00,22.84,NA,179.65,2.71,1.82,1.86,NA,NA,NA,NA,0.80,NA,NA,NA,NA,NA,NA,NA,NA,NA
2021-09-01 00:00:00,48.13,71.41,8.65,14.48,23.19,NA,174.04,2.67,2.98,1.34,NA,NA,NA,NA,0.60,NA,NA,NA,NA,NA,NA,NA,NA,NA
2021-09-02 00:00:00,44.19,65.21,8.18,13.52,21.76,NA,4.05,1.37,15.77,1.44,NA,NA,NA,NA,0.64,NA,NA,NA,NA,NA,NA,NA,NA,NA
2021-09-03 00:00:00,37.66,54.97,8.26,15.71,21.97,NA,160.06,1.30,3.36,1.39,NA,NA,NA,NA,0.63,NA,NA,NA,NA,NA,NA,NA,NA,NA
2021-09-04 00:00:00,34.15,49.46,8.40,186.99,22.43,NA,165.38,2.73,3.17,1.21,NA,NA,NA,NA,0.56,NA,NA,NA,NA,NA,NA,NA,NA,NA
2021-09-05 00:00:00,43.32,63.85,8.06,167.09,21.35,NA,146.34,2.67,2.04,1.35,NA,NA,NA,NA,0.61,NA,NA,NA,NA,NA,NA,NA,NA,NA
2021-09-06 00:00:00,22.65,31.40,8.05,20.38,21.45,NA,12.40,1.12,15.54,1.52,NA,NA,NA,NA,0.67,NA,NA,NA,NA,NA,NA,NA,NA,NA
2021-09-07 00:00:00,102.76,101.87,8.49,20.30,22.69,NA,171.07,2.69,1.69,2.57,NA,NA,NA,NA,1.06,NA,NA,NA,NA,NA,NA,NA,NA,NA
2021-09-08 00:00:00,35.51,51.59,8.72,14.69,23.41,NA,178.31,1.03,2.77,2.02,NA,NA,NA,NA,0.85,NA,NA,NA,NA,NA,NA,NA,NA,NA
2021-09-09 00:00:00,27.30,38.70,8.27,198.88,22.02,NA,10.62,2.68,2.11,2.09,NA,NA,NA,NA,0.89,NA,NA,NA,NA,NA,NA,NA,NA,NA
2021-09-10 00:00:00,27.10,38.39,6.62,10.24,16.86,NA,174.07,2.68,3.12,1.12,NA,NA,NA,NA,0.52,NA,NA,NA,NA,NA,NA,NA,NA,NA
2021-09-11 00:00:00,51.06,75.99,7.03,200.78,18.04,NA,179.45,2.70,2.53,1.41,NA,NA,NA,NA,0.63,NA,NA,NA,NA,NA,NA,NA,NA,NA
2021-09-12 00:00:00,113.60,97.93,8.13,13.44,21.56,NA,178.40,1.19,4.18,1.33,NA,NA,NA,NA,0.60,NA,NA,NA,NA,NA,NA,NA,NA,NA
2021-09-13 00:00:00,57.43,86.00,9.48,198.46,25.78,NA,173.55,2.64,2.67,2.07,NA,NA,NA,NA,0.88,NA,NA,NA,NA,NA,NA,NA,NA,NA
2021-09-14 00:00:00,32.60,47.02,7.95,13.06,21.01,NA,179.29,1.00,3.52,1.53,NA,NA,NA,NA,0.67,NA,NA,NA,NA,NA,NA,NA,NA,NA
2021-09-15 00:00:00,32.50,46.91,8.07,11.44,21.39,NA,51.29,1.47,15.33,1.79,NA,NA,NA,NA,0.77,NA,NA,NA,NA,NA,NA,NA,NA,NA
2021-09-16 00:00:00,32.08,46.21,7.99,15.15,21.14,NA,7.75,0.99,3.93,1.20,NA,NA,NA,NA,0.55,NA,NA,NA,NA,NA,NA,NA,NA,NA
2021-09-17 00:00:00,26.84,37.98,8.56,16.37,22.92,NA,171.38,1.25,3.69,1.44,NA,NA,NA,NA,0.64,NA,NA,NA,NA,NA,NA,NA,NA,NA
2021-09-18 00:00:00,22.56,31.26,7.85,12.84,20.69,NA,5.20,2.67,15.08,1.41,NA,NA,NA,NA,0.63,NA,NA,NA,NA,NA,NA,NA,NA,NA
2021-09-19 00:00:00,18.62,25.08,6.36,203.13,16.05,NA,4.27,1.14,15.53,0.89,NA,NA,NA,NA,0.44,NA,NA,NA,NA,NA,NA,NA,NA,NA
2021-09-20 00:00:00,15.50,20.18,6.48,9.95,16.43,NA,4.94,2.71,15.52,1.16,NA,NA,NA,NA,0.54,NA,NA,NA,NA,NA,NA,NA,NA,NA
2021-09-21 00:00:00,23.67,33.00,7.06,196.10,18.24,NA,8.59,1.26,15.24,1.55,NA,NA,NA,NA,0.68,NA,NA,NA,NA,NA,NA,NA,NA,NA
2021-09-22 00:00:00,21.35,29.37,7.42,11.88,19.28,NA,10.58,2.64,14.97,1.76,NA,NA,NA,NA,0.76,NA,NA,NA,NA,NA,NA,NA,NA,NA
2021-09-23 00:00:00,20.48,27.99,8.22,11.83,21.84,NA,178.22,1.52,15.69,1.66,NA,NA,NA,NA,0.72,NA,NA,NA,NA,NA,NA,NA,NA,NA
2021-09-24 00:00:00,25.23,35.45,8.47,14.07,22.50,NA,177.38,1.76,3.41,1.60,NA,NA,NA,NA,0.70,NA,NA,NA,NA,NA,NA,NA,NA,NA
2021-09-25 00:00:00,22.16,30.63,8.61,14.46,23.08,NA,5.45,1.27,15.36,1.48,NA,NA,NA,NA,0.65,NA,NA,NA,NA,NA,NA,NA,NA,NA
2021-09-26 00:00:00,20.73,28.38,8.55,14.34,22.93,NA,177.99,1.22,15.32,1.42,NA,NA,NA,NA,0.63,NA,NA,NA,NA,NA,NA,NA,NA,NA
2021-09-27 00:00:00,23.82,33.24,8.43,203.03,22.50,NA,179.24,2.69,15.43,1.90,NA,NA,NA,NA,0.81,NA,NA,NA,NA,NA,NA,NA,NA,NA
2021-09-28 00:00:00,17.13,22.74,8.21,13.62,21.84,NA,5.17,1.29,15.66,2.09,NA,NA,NA,NA,0.88,NA,NA,NA,NA,NA,NA,NA,NA,NA
2021-09-29 00:00:00,18.27,24.52,9.34,18.00,25.21,NA,42.09,1.65,3.22,3.54,NA,NA,NA,NA,1.41,NA,NA,NA,NA,NA,NA,NA,NA,NA
2021-09-30 00:00:00,36.47,53.10,8.20,13.59,21.79,NA,18.26,1.39,14.97,3.04,NA,NA,NA,NA,1.23,NA,NA,NA,NA,NA,NA,NA,NA,NA
2021-10-01 00:00:00,26.49,37.43,11.07,19.70,30.76,NA,167.66,2.77,3.58,2.88,NA,NA,NA,NA,1.17,NA,NA,NA,NA,NA,NA,NA,NA,NA
2021-10-02 00:00:00,39.28,57.50,18.46,36.66,53.84,NA,5.58,2.79,14.85,6.55,NA,NA,NA,NA,2.53,NA,NA,NA,NA,NA,NA,NA,NA,NA
2021-10-03 00:00:00,47.82,70.92,14.93,28.14,42.79,NA,10.94,2.77,3.23,5.22,NA,NA,NA,NA,2.04,NA,NA,NA,NA,NA,NA,NA,NA,NA
2021-10-04 00:00:00,44.41,65.56,15.70,29.51,45.21,NA,161.39,1.62,4.96,7.18,NA,NA,NA,NA,2.76,NA,NA,NA,NA,NA,NA,NA,NA,NA
2021-10-05 00:00:00,39.61,58.02,21.14,41.33,62.20,NA,51.25,1.82,11.83,7.41,NA,NA,NA,NA,2.85,NA,NA,NA,NA,NA,NA,NA,NA,NA
2021-10-06 00:00:00,34.05,49.29,18.76,41.74,54.77,NA,171.17,2.07,3.34,7.15,NA,NA,NA,NA,2.75,NA,NA,NA,NA,NA,NA,NA,NA,NA
2021-10-07 00:00:00,71.45,108.01,19.40,37.35,56.75,NA,170.99,2.82,2.91,8.97,NA,NA,NA,NA,3.43,NA,NA,NA,NA,NA,NA,NA,NA,NA
2021-10-08 00:00:00,46.33,68.58,12.84,25.39,36.28,NA,178.23,1.29,2.49,5.24,NA,NA,NA,NA,2.04,NA,NA,NA,NA,NA,NA,NA,NA,NA
2021-10-09 00:00:00,28.97,41.33,10.98,19.49,30.48,NA,176.66,1.39,2.58,1.90,NA,NA,NA,NA,0.81,NA,NA,NA,NA,NA,NA,NA,NA,NA
2021-10-10 00:00:00,31.97,46.03,11.80,21.24,33.05,NA,71.63,1.29,2.52,2.61,NA,NA,NA,NA,1.07,NA,NA,NA,NA,NA,NA,NA,NA,NA
2021-10-11 00:00:00,37.26,54.34,16.72,31.68,48.40,NA,77.54,2.74,3.14,7.02,NA,NA,NA,NA,2.70,NA,NA,NA,NA,NA,NA,NA,NA,NA
2021-10-12 00:00:00,8.03,23.33,22.89,45.44,68.64,NA,47.12,1.66,3.20,13.28,NA,NA,NA,NA,5.02,NA,NA,NA,NA,NA,NA,NA,NA,NA
2021-10-13 00:00:00,2.65,NA,27.06,53.31,80.69,NA,77.04,2.47,3.31,26.89,NA,NA,NA,NA,10.06,NA,NA,NA,NA,NA,NA,NA,NA,NA
2021-10-14 00:00:00,2.65,NA,20.05,76.28,58.79,NA,111.11,2.82,10.20,9.17,NA,NA,NA,NA,3.51,NA,NA,NA,NA,NA,NA,NA,NA,NA
2021-10-15 00:00:00,43.24,69.64,27.85,124.20,83.15,NA,160.11,2.22,2.62,4.69,NA,NA,NA,NA,1.85,NA,NA,NA,NA,NA,NA,NA,NA,NA
2021-10-16 00:00:00,35.21,51.12,19.61,157.64,57.42,NA,137.62,2.82,2.65,4.43,NA,NA,NA,NA,1.75,NA,NA,NA,NA,NA,NA,NA,NA,NA
2021-10-17 00:00:00,39.07,57.18,13.90,26.01,39.58,NA,5.73,1.38,21.17,4.34,NA,NA,NA,NA,1.71,NA,NA,NA,NA,NA,NA,NA,NA,NA
2021-10-18 00:00:00,35.17,51.06,15.84,31.51,45.65,NA,7.19,2.73,20.59,2.39,NA,NA,NA,NA,0.99,NA,NA,NA,NA,NA,NA,NA,NA,NA
2021-10-19 00:00:00,41.58,62.46,15.50,29.09,44.59,NA,5.39,1.25,19.10,3.06,NA,NA,NA,NA,1.24,NA,NA,NA,NA,NA,NA,NA,NA,NA
2021-10-20 00:00:00,64.07,99.99,23.70,46.48,70.18,NA,6.58,1.54,17.04,6.25,NA,NA,NA,NA,2.42,NA,NA,NA,NA,NA,NA,NA,NA,NA
2021-10-21 00:00:00,64.90,101.28,30.50,81.65,91.42,NA,71.24,1.31,2.58,8.16,NA,NA,NA,NA,3.13,NA,NA,NA,NA,NA,NA,NA,NA,NA
2021-10-22 00:00:00,54.90,85.58,25.80,50.94,76.74,NA,143.46,1.43,17.82,7.67,NA,NA,NA,NA,2.94,NA,NA,NA,NA,NA,NA,NA,NA,NA
2021-10-23 00:00:00,60.72,94.72,21.11,40.99,62.10,NA,5.67,2.74,20.19,4.57,NA,NA,NA,NA,1.80,NA,NA,NA,NA,NA,NA,NA,NA,NA
2021-10-24 00:00:00,53.59,83.53,19.60,39.13,57.39,NA,143.02,1.28,22.72,3.82,NA,NA,NA,NA,1.52,NA,NA,NA,NA,NA,NA,NA,NA,NA
2021-10-25 00:00:00,63.99,99.86,20.61,68.36,60.53,NA,59.46,2.70,2.64,5.46,NA,NA,NA,NA,2.13,NA,NA,NA,NA,NA,NA,NA,NA,NA
2021-10-26 00:00:00,73.36,114.57,29.90,59.64,89.53,NA,26.05,2.74,2.58,14.49,NA,NA,NA,NA,5.47,NA,NA,NA,NA,NA,NA,NA,NA,NA
2021-10-27 00:00:00,66.99,104.57,34.88,68.46,105.10,NA,25.42,2.69,2.40,12.90,NA,NA,NA,NA,4.88,NA,NA,NA,NA,NA,NA,NA,NA,NA
2021-10-28 00:00:00,81.22,126.91,38.96,31.10,117.82,NA,4.67,1.46,16.35,15.04,NA,NA,NA,NA,5.67,NA,NA,NA,NA,NA,NA,NA,NA,NA
2021-10-29 00:00:00,84.01,131.29,42.62,86.63,129.26,NA,26.34,2.70,2.63,13.57,NA,NA,NA,NA,5.13,NA,NA,NA,NA,NA,NA,NA,NA,NA
2021-10-30 00:00:00,81.07,126.68,45.09,95.74,136.96,NA,4.56,1.63,16.41,14.91,NA,NA,NA,NA,5.62,NA,NA,NA,NA,NA,NA,NA,NA,NA
2021-10-31 00:00:00,88.44,138.24,42.22,26.24,128.00,NA,22.86,2.39,2.51,15.58,NA,NA,NA,NA,5.87,NA,NA,NA,NA,NA,NA,NA,NA,NA
2021-11-01 00:00:00,81.96,128.06,26.86,65.62,80.06,NA,57.23,2.78,2.47,13.04,NA,NA,NA,NA,4.93,NA,NA,NA,NA,NA,NA,NA,NA,NA
2021-11-02 00:00:00,86.34,134.94,45.41,92.02,137.96,NA,6.30,2.13,16.44,18.60,NA,NA,NA,NA,6.99,NA,NA,NA,NA,NA,NA,NA,NA,NA
2021-11-03 00:00:00,92.96,145.34,36.71,74.08,110.79,NA,5.27,1.48,15.73,10.87,NA,NA,NA,NA,4.13,NA,NA,NA,NA,NA,NA,NA,NA,NA
2021-11-04 00:00:00,69.06,107.81,24.23,47.50,71.83,NA,69.54,1.34,2.41,0.80,NA,NA,NA,NA,0.40,NA,NA,NA,NA,NA,NA,NA,NA,NA
2021-11-05 00:00:00,11.02,16.71,21.50,45.84,63.61,NA,130.89,2.79,2.90,0.78,NA,NA,NA,NA,0.40,NA,NA,NA,NA,NA,NA,NA,NA,NA
2021-11-06 00:00:00,7.58,11.30,23.14,50.88,68.44,NA,9.54,1.29,17.33,0.70,NA,NA,NA,NA,0.37,NA,NA,NA,NA,NA,NA,NA,NA,NA
2021-11-07 00:00:00,NA,NA,29.09,57.92,87.01,NA,152.66,1.74,2.55,0.91,NA,NA,NA,NA,0.44,NA,NA,NA,NA,NA,NA,NA,NA,NA
2021-11-08 00:00:00,91.52,143.08,41.64,84.54,126.18,NA,7.88,1.68,3.50,2.00,NA,NA,NA,NA,0.85,NA,NA,NA,NA,NA,NA,NA,NA,NA
2021-11-09 00:00:00,95.23,148.90,44.72,93.18,135.81,NA,120.01,1.51,4.69,2.49,NA,NA,NA,NA,1.03,NA,NA,NA,NA,NA,NA,NA,NA,NA
2021-11-10 00:00:00,100.41,157.04,47.43,127.05,144.28,NA,4.24,1.47,17.56,2.30,NA,NA,NA,NA,0.96,NA,NA,NA,NA,NA,NA,NA,NA,NA
2021-11-11 00:00:00,97.89,153.07,49.95,102.20,152.15,NA,112.17,1.60,4.11,2.62,NA,NA,NA,NA,1.08,NA,NA,NA,NA,NA,NA,NA,NA,NA
2021-11-12 00:00:00,99.72,155.94,48.57,100.24,147.83,NA,110.45,1.43,4.79,7.49,NA,NA,NA,NA,2.88,NA,NA,NA,NA,NA,NA,NA,NA,NA
2021-11-13 00:00:00,87.67,137.03,37.66,80.31,113.76,NA,130.94,2.74,4.11,6.22,NA,NA,NA,NA,2.41,NA,NA,NA,NA,NA,NA,NA,NA,NA
2021-11-14 00:00:00,8.30,12.43,26.03,51.43,77.46,NA,154.00,1.61,16.52,5.95,NA,NA,NA,NA,2.31,NA,NA,NA,NA,NA,NA,NA,NA,NA
2021-11-15 00:00:00,7.87,11.76,23.01,179.35,68.04,NA,5.41,1.77,15.05,7.57,NA,NA,NA,NA,2.91,NA,NA,NA,NA,NA,NA,NA,NA,NA
2021-11-16 00:00:00,NA,NA,25.72,54.86,76.49,NA,5.08,2.84,15.16,5.19,NA,NA,NA,NA,2.03,NA,NA,NA,NA,NA,NA,NA,NA,NA
2021-11-17 00:00:00,NA,NA,18.38,35.19,53.58,NA,171.43,1.79,14.37,7.76,NA,NA,NA,NA,2.98,NA,NA,NA,NA,NA,NA,NA,NA,NA
2021-11-18 00:00:00,59.04,92.08,14.16,26.30,40.39,NA,164.94,1.34,14.74,5.04,NA,NA,NA,NA,1.97,NA,NA,NA,NA,NA,NA,NA,NA,NA
2021-11-19 00:00:00,53.34,83.14,18.76,36.01,54.77,NA,161.45,2.79,2.95,5.63,NA,NA,NA,NA,2.19,NA,NA,NA,NA,NA,NA,NA,NA,NA
2021-11-20 00:00:00,52.86,82.38,21.14,53.71,62.18,NA,10.39,1.89,3.43,6.32,NA,NA,NA,NA,2.45,NA,NA,NA,NA,NA,NA,NA,NA,NA
2021-11-21 00:00:00,50.70,78.99,13.97,25.83,39.80,NA,9.07,2.68,14.40,3.04,NA,NA,NA,NA,1.23,NA,NA,NA,NA,NA,NA,NA,NA,NA
2021-11-22 00:00:00,36.77,57.12,14.11,32.15,40.23,NA,163.16,2.72,3.69,2.53,NA,NA,NA,NA,1.05,NA,NA,NA,NA,NA,NA,NA,NA,NA
2021-11-23 00:00:00,61.53,95.67,15.66,31.28,45.09,NA,8.86,1.41,18.37,3.37,NA,NA,NA,NA,1.35,NA,NA,NA,NA,NA,NA,NA,NA,NA
2021-11-24 00:00:00,76.96,120.22,22.21,43.32,65.53,NA,155.08,2.05,16.06,5.97,NA,NA,NA,NA,2.32,NA,NA,NA,NA,NA,NA,NA,NA,NA
2021-11-25 00:00:00,72.40,113.07,26.96,53.40,80.36,NA,5.63,1.66,16.76,7.30,NA,NA,NA,NA,2.81,NA,NA,NA,NA,NA,NA,NA,NA,NA
2021-11-26 00:00:00,76.43,119.38,32.40,64.59,96.83,NA,148.03,1.62,16.52,7.62,NA,NA,NA,NA,2.93,NA,NA,NA,NA,NA,NA,NA,NA,NA
2021-11-27 00:00:00,56.15,77.17,34.95,70.35,105.30,NA,70.43,1.43,17.41,6.16,NA,NA,NA,NA,2.39,NA,NA,NA,NA,NA,NA,NA,NA,NA
2021-11-28 00:00:00,62.81,85.75,37.73,81.54,114.00,NA,121.28,1.14,5.09,4.62,NA,NA,NA,NA,1.82,NA,NA,NA,NA,NA,NA,NA,NA,NA
2021-11-29 00:00:00,68.23,91.77,41.98,144.53,127.26,NA,125.78,2.61,2.59,6.28,NA,NA,NA,NA,2.43,NA,NA,NA,NA,NA,NA,NA,NA,NA
2021-11-30 00:00:00,70.11,94.53,44.46,90.54,135.00,NA,5.09,1.46,15.39,5.35,NA,NA,NA,NA,2.09,NA,NA,NA,NA,NA,NA,NA,NA,NA
2021-12-01 00:00:00,57.92,79.63,30.59,61.15,91.73,NA,160.27,2.43,1.59,3.60,NA,NA,NA,NA,1.44,NA,NA,NA,NA,NA,NA,NA,NA,NA
2021-12-02 00:00:00,58.03,77.58,26.58,52.67,79.29,NA,12.97,1.64,15.28,4.68,NA,NA,NA,NA,1.84,NA,NA,NA,NA,NA,NA,NA,NA,NA
2021-12-03 00:00:00,62.51,83.45,14.38,26.69,41.07,NA,179.31,2.58,2.82,5.85,NA,NA,NA,NA,2.27,NA,NA,NA,NA,NA,NA,NA,NA,NA
2021-12-04 00:00:00,65.83,87.95,18.51,199.05,53.97,NA,179.33,2.56,2.34,6.76,NA,NA,NA,NA,2.61,NA,NA,NA,NA,NA,NA,NA,NA,NA
2021-12-05 00:00:00,47.83,64.38,19.30,37.15,56.45,NA,165.25,2.52,6.56,3.54,NA,NA,NA,NA,1.42,NA,NA,NA,NA,NA,NA,NA,NA,NA
2021-12-06 00:00:00,47.51,64.54,26.56,52.39,78.83,NA,9.42,2.02,15.53,5.99,NA,NA,NA,NA,2.33,NA,NA,NA,NA,NA,NA,NA,NA,NA
2021-12-07 00:00:00,57.19,77.30,30.51,60.55,91.99,NA,158.43,2.59,6.24,5.67,NA,NA,NA,NA,2.20,NA,NA,NA,NA,NA,NA,NA,NA,NA
2021-12-08 00:00:00,161.85,256.20,42.49,90.76,128.84,NA,32.60,2.35,4.34,9.80,NA,NA,NA,NA,3.73,NA,NA,NA,NA,NA,NA,NA,NA,NA
2021-12-09 00:00:00,99.96,136.69,31.17,184.25,93.50,NA,161.01,2.33,4.64,7.75,NA,NA,NA,NA,2.97,NA,NA,NA,NA,NA,NA,NA,NA,NA
2021-12-10 00:00:00,104.55,141.16,33.12,66.47,99.59,NA,161.21,1.61,4.66,7.20,NA,NA,NA,NA,2.77,NA,NA,NA,NA,NA,NA,NA,NA,NA
2021-12-11 00:00:00,122.10,164.92,34.11,177.02,102.69,NA,153.03,2.64,5.13,8.09,NA,NA,NA,NA,3.10,NA,NA,NA,NA,NA,NA,NA,NA,NA
2021-12-12 00:00:00,111.50,150.00,33.02,70.90,99.28,NA,156.95,2.61,4.57,7.54,NA,NA,NA,NA,2.90,NA,NA,NA,NA,NA,NA,NA,NA,NA
2021-12-13 00:00:00,114.10,152.88,33.81,173.46,101.74,NA,149.80,2.54,4.68,6.94,NA,NA,NA,NA,2.68,NA,NA,NA,NA,NA,NA,NA,NA,NA
2021-12-14 00:00:00,88.88,131.37,31.65,65.52,95.00,NA,6.29,2.60,3.89,3.50,NA,NA,NA,NA,1.41,NA,NA,NA,NA,NA,NA,NA,NA,NA
2021-12-15 00:00:00,92.92,130.22,32.59,66.98,98.16,NA,164.50,1.45,3.29,4.27,NA,NA,NA,NA,1.68,NA,NA,NA,NA,NA,NA,NA,NA,NA
2021-12-16 00:00:00,94.57,123.29,37.07,78.77,112.37,NA,153.87,1.93,16.77,4.26,NA,NA,NA,NA,1.68,NA,NA,NA,NA,NA,NA,NA,NA,NA
2021-12-17 00:00:00,118.96,154.00,37.84,76.49,114.34,NA,140.87,2.22,17.66,5.50,NA,NA,NA,NA,2.14,NA,NA,NA,NA,NA,NA,NA,NA,NA
2021-12-18 00:00:00,132.62,170.78,39.13,84.78,118.37,NA,150.24,1.49,16.61,6.62,NA,NA,NA,NA,2.56,NA,NA,NA,NA,NA,NA,NA,NA,NA
2021-12-19 00:00:00,124.80,166.20,37.88,76.58,114.46,NA,146.06,1.34,4.32,5.88,NA,NA,NA,NA,2.28,NA,NA,NA,NA,NA,NA,NA,NA,NA
2021-12-20 00:00:00,145.84,191.72,39.91,80.87,120.78,NA,148.70,1.40,16.48,6.20,NA,NA,NA,NA,2.40,NA,NA,NA,NA,NA,NA,NA,NA,NA
2021-12-21 00:00:00,113.09,150.80,37.69,169.99,113.85,NA,148.42,2.51,4.14,4.24,NA,NA,NA,NA,1.68,NA,NA,NA,NA,NA,NA,NA,NA,NA
2021-12-22 00:00:00,95.86,130.35,33.88,68.08,101.95,NA,150.14,1.32,23.22,3.25,NA,NA,NA,NA,1.31,NA,NA,NA,NA,NA,NA,NA,NA,NA
2021-12-23 00:00:00,100.22,136.42,31.78,63.62,95.40,NA,151.94,1.08,3.98,2.69,NA,NA,NA,NA,1.10,NA,NA,NA,NA,NA,NA,NA,NA,NA
2021-12-24 00:00:00,93.12,125.03,22.89,50.11,67.65,NA,152.94,1.18,4.82,1.97,NA,NA,NA,NA,0.84,NA,NA,NA,NA,NA,NA,NA,NA,NA
2021-12-25 00:00:00,86.50,114.72,21.89,44.21,64.33,NA,153.34,1.15,4.75,1.61,NA,NA,NA,NA,0.70,NA,NA,NA,NA,NA,NA,NA,NA,NA
2021-12-26 00:00:00,83.73,130.53,26.67,54.89,80.09,NA,142.89,1.28,24.12,2.09,NA,NA,NA,NA,0.88,NA,NA,NA,NA,NA,NA,NA,NA,NA
2021-12-27 00:00:00,95.77,131.62,37.89,76.59,114.48,NA,149.25,1.54,18.37,3.26,NA,NA,NA,NA,1.32,NA,NA,NA,NA,NA,NA,NA,NA,NA
2021-12-28 00:00:00,76.48,121.95,25.75,50.84,76.60,NA,156.24,1.03,24.83,2.36,NA,NA,NA,NA,0.98,NA,NA,NA,NA,NA,NA,NA,NA,NA
2021-12-29 00:00:00,106.14,141.19,33.00,169.90,99.21,NA,127.75,1.54,17.54,3.20,NA,NA,NA,NA,1.29,NA,NA,NA,NA,NA,NA,NA,NA,NA
2021-12-30 00:00:00,121.77,160.97,33.89,68.11,102.00,NA,70.71,1.92,16.09,2.36,NA,NA,NA,NA,0.98,NA,NA,NA,NA,NA,NA,NA,NA,NA
2021-12-31 00:00:00,75.04,171.95,32.51,66.35,97.70,NA,12.54,1.57,15.66,2.21,NA,NA,NA,NA,0.93,NA,NA,NA,NA,NA,NA,NA,NA,NA
